date,BH,DipLev
2007-09-17,0.9995,0.9995
2007-09-18,1.010963521952043,1.010963521952043
2007-09-19,1.0523586987589302,1.0523586987589302
2007-09-20,1.0557387411443921,1.0557387411443921
2007-09-21,1.0757525357567583,1.0757525357567583
2007-09-24,1.096800463289525,1.096800463289525
2007-09-25,1.0982792386195261,1.0982792386195261
2007-09-26,1.0986461364710625,1.0986461364710625
2007-09-27,1.1119997415547107,1.1119997415547107
2007-09-28,1.1166252170141953,1.1166252170141953
2007-10-01,1.127210312325537,1.127210312325537
2007-10-03,1.158754189524155,1.158754189524155
2007-10-04,1.1582761039247722,1.1582761039247722
2007-10-05,1.1532059860556867,1.1532059860556867
2007-10-08,1.1308016548646211,1.1308016548646211
2007-10-09,1.184649859430314,1.184649859430314
2007-10-10,1.210045184471164,1.210045184471164
2007-10-11,1.2285912790955997,1.2285912790955997
2007-10-12,1.207109784495303,1.207109784495303
2007-10-15,1.2609579890609959,1.2609579890609959
2007-10-16,1.2604353849297605,1.2604353849297605
2007-10-17,1.2362520497731513,1.2362520497731513
2007-10-18,1.189931277453022,1.189931277453022
2007-10-19,1.1597548792547734,1.1597548792547734
2007-10-22,1.1527945696722979,1.1527945696722979
2007-10-23,1.217216794207262,1.217216794207262
2007-10-24,1.222209058936498,1.222209058936498
2007-10-25,1.2383980601720164,1.2383980601720164
2007-10-26,1.2680517456572442,1.2680517456572442
2007-10-29,1.3133274182966876,1.3133274182966876
2007-10-30,1.3050661903480512,1.3050661903480512
2007-10-31,1.3121599469442995,1.3121599469442995
2007-11-01,1.3045547701406712,1.3045547701406712
2007-11-02,1.319220368932551,1.319220368932551
2007-11-05,1.3002961925327232,1.3002961925327232
2007-11-06,1.2867758058273053,1.2867758058273053
2007-11-07,1.2858529692365366,1.2858529692365366
2007-11-08,1.267262356080248,1.267262356080248
2007-11-12,1.249105418573275,1.249105418573275
2007-11-13,1.2665173764533195,1.2665173764533195
2007-11-14,1.3204434341588618,1.3204434341588618
2007-11-15,1.3147061898026975,1.3147061898026975
2007-11-16,1.3135387184503093,1.3135387184503093
2007-11-19,1.3137165754141498,1.3137165754141498
2007-11-20,1.2855304813350672,1.2855304813350672
2007-11-21,1.2366412068906132,1.2366412068906132
2007-11-22,1.2273682138692878,1.2273682138692878
2007-11-23,1.2472152268598844,1.2472152268598844
2007-11-26,1.2745896720960446,1.2745896720960446
2007-11-27,1.2671289090664748,1.2671289090664748
2007-11-28,1.2492054223972655,1.2492054223972655
2007-11-29,1.2529969897479014,1.2529969897479014
2007-11-30,1.281494387804597,1.281494387804597
2007-12-03,1.304232282239202,1.304232282239202
2007-12-04,1.3027535069092009,1.3027535069092009
2007-12-05,1.3209104444161741,1.3209104444161741
2007-12-06,1.3241794076355746,1.3241794076355746
2007-12-07,1.3285378804857284,1.3285378804857284
2007-12-10,1.325491401343806,1.325491401343806
2007-12-11,1.3558789911138918,1.3558789911138918
2007-12-12,1.3696773471889259,1.3696773471889259
2007-12-13,1.3471730121738694,1.3471730121738694
2007-12-14,1.3448603287350196,1.3448603287350196
2007-12-17,1.2846632386182217,1.2846632386182217
2007-12-18,1.276946765484962,1.276946765484962
2007-12-19,1.2789148103382015,1.2789148103382015
2007-12-20,1.2823282959134454,1.2823282959134454
2007-12-24,1.330939600988283,1.330939600988283
2007-12-26,1.3499860404780277,1.3499860404780277
2007-12-27,1.3523765770567269,1.3523765770567269
2007-12-28,1.3519763445971935,1.3519763445971935
2007-12-31,1.3650742395771518,1.3650742395771518
2008-01-01,1.366352898677386,1.366352898677386
2008-01-02,1.3741471163687102,1.3741471163687102
2008-01-03,1.3739580754810143,1.3739580754810143
2008-01-04,1.395250529193615,1.395250529193615
2008-01-07,1.396317996722012,1.396317996722012
2008-01-08,1.3982637823093254,1.3982637823093254
2008-01-09,1.3947391089862349,1.3947391089862349
2008-01-10,1.369154851639474,1.369154851639474
2008-01-11,1.378750332562268,1.378750332562268
2008-01-14,1.3802401832343398,1.3802401832343398
2008-01-15,1.3507643547129522,1.3507643547129522
2008-01-16,1.3199653485594773,1.3199653485594773
2008-01-17,1.3149508245643151,1.3149508245643151
2008-01-18,1.268718872144321,1.268718872144321
2008-01-21,1.1583094385327672,1.1583094385327672
2008-01-22,1.0894842226157966,1.0894842226157966
2008-01-23,1.157108632572382,1.157108632572382
2008-01-24,1.1193159822284349,1.1193159822284349
2008-01-25,1.197125146455044,1.197125146455044
2008-01-28,1.1728306235505883,1.1728306235505883
2008-01-29,1.17432047422266,1.17432047422266
2008-01-30,1.149147633259288,1.149147633259288
2008-01-31,1.1424430337805023,1.1424430337805023
2008-02-01,1.1824261044733821,1.1824261044733821
2008-02-04,1.2149485207184771,1.2149485207184771
2008-02-05,1.2194849591142565,1.2194849591142565
2008-02-06,1.1836046511678406,1.1836046511678406
2008-02-07,1.1415090132658776,1.1415090132658776
2008-02-08,1.1386403910877956,1.1386403910877956
2008-02-11,1.080077782580698,1.080077782580698
2008-02-12,1.075908242036455,1.075908242036455
2008-02-13,1.0961889306763668,1.0961889306763668
2008-02-14,1.1567973285947684,1.1567973285947684
2008-02-15,1.1792349943938307,1.1792349943938307
2008-02-18,1.1734532315058137,1.1734532315058137
2008-02-19,1.1743204742226592,1.1743204742226592
2008-02-20,1.146223417207282,1.146223417207282
2008-02-21,1.1545290551059861,1.1545290551059861
2008-02-22,1.136505564612786,1.136505564612786
2008-02-25,1.1565082838830816,1.1565082838830816
2008-02-26,1.1719299376439603,1.1719299376439603
2008-02-27,1.1715630397924237,1.1715630397924237
2008-02-28,1.17527675400321,1.17527675400321
2008-02-29,1.1615784017521669,1.1615784017521669
2008-03-03,1.1014258301672217,1.1014258301672217
2008-03-04,1.0816900049244718,1.0816900049244718
2008-03-05,1.0943987427869672,1.0943987427869672
2008-03-07,1.061086936964876,1.061086936964876
2008-03-10,1.0674913078081192,1.0674913078081192
2008-03-11,1.082056902776008,1.082056902776008
2008-03-12,1.0834134150160921,1.0834134150160921
2008-03-13,1.0281753636023183,1.0281753636023183
2008-03-14,1.055349584026927,1.055349584026927
2008-03-17,1.001379116371317,1.001379116371317
2008-03-18,1.0080281219761793,1.0080281219761793
2008-03-19,1.01713444195752,1.01713444195752
2008-03-24,1.0251177005365402,1.0251177005365402
2008-03-25,1.0846364802424036,1.0846364802424036
2008-03-26,1.073817934093298,1.073817934093298
2008-03-27,1.074129238070911,1.074129238070911
2008-03-28,1.098979699714599,1.098979699714599
2008-03-31,1.0528367843583102,1.0528367843583102
2008-04-01,1.0539597371788456,1.0539597371788456
2008-04-02,1.0572176250561753,1.0572176250561753
2008-04-03,1.0610869369648759,1.0610869369648759
2008-04-04,1.0333789284851762,1.0333789284851762
2008-04-07,1.058774253526026,1.058774253526026
2008-04-08,1.047310731573983,1.047310731573983
2008-04-09,1.0556275533965425,1.0556275533965425
2008-04-10,1.0525032211147705,1.0525032211147705
2008-04-11,1.062465599889101,1.062465599889101
2008-04-15,1.085114565841786,1.085114565841786
2008-04-16,1.0868157166674801,1.0868157166674801
2008-04-17,1.1026266361276065,1.1026266361276065
2008-04-21,1.12010537180543,1.12010537180543
2008-04-22,1.1228405469697391,1.1228405469697391
2008-04-23,1.1169475963338757,1.1169475963338757
2008-04-24,1.1118441438567934,1.1118441438567934
2008-04-25,1.1367168647664079,1.1367168647664079
2008-04-28,1.131813419937307,1.131813419937307
2008-04-29,1.1553518878727638,1.1553518878727638
2008-04-30,1.1487695514838951,1.1487695514838951
2008-05-02,1.1626236100146377,1.1626236100146377
2008-05-05,1.154629167511762,1.154629167511762
2008-05-06,1.1440440722004201,1.1440440722004201
2008-05-07,1.1420093581311865,1.1420093581311865
2008-05-08,1.1300455998956194,1.1300455998956194
2008-05-09,1.1080081665560901,1.1080081665560901
2008-05-12,1.1146905067689497,1.1146905067689497
2008-05-13,1.1024931891138339,1.1024931891138339
2008-05-14,1.114490390539183,1.114490390539183
2008-05-15,1.137506254343404,1.137506254343404
2008-05-16,1.1469461375682841,1.1469461375682841
2008-05-20,1.1352158301704807,1.1352158301704807
2008-05-21,1.1380399338167102,1.1380399338167102
2008-05-22,1.1175369782628906,1.1175369782628906
2008-05-23,1.0999914647872882,1.0999914647872882
2008-05-26,1.0840916168452417,1.0840916168452417
2008-05-27,1.080700390535924,1.080700390535924
2008-05-28,1.0937205409578177,1.0937205409578177
2008-05-29,1.0752521908914465,1.0752521908914465
2008-05-30,1.0829909232906325,1.0829909232906325
2008-06-02,1.0539709211027015,1.0539709211027015
2008-06-03,1.0487005784220644,1.0487005784220644
2008-06-04,1.019725094765986,1.019725094765986
2008-06-05,1.0400391180138946,1.0400391180138946
2008-06-06,1.0291092755351576,1.0291092755351576
2008-06-09,1.000901030771934,1.000901030771934
2008-06-10,0.9895264373018111,0.9895264373018111
2008-06-11,1.0059378140330226,1.0059378140330226
2008-06-12,1.0094402280901866,1.0094402280901866
2008-06-13,1.0044923733110183,1.0044923733110183
2008-06-16,1.0168119540560512,1.0168119540560512
2008-06-17,1.0347131814593342,1.0347131814593342
2008-06-18,1.0190134497470544,1.0190134497470544
2008-06-19,1.0016348264750068,1.0016348264750068
2008-06-20,0.9667885428672063,0.9667885428672063
2008-06-23,0.9487427931080797,0.9487427931080797
2008-06-24,0.9319979617151141,0.9319979617151141
2008-06-25,0.9456851300423017,0.9456851300423017
2008-06-26,0.9597393048028106,0.9597393048028106
2008-06-27,0.9198895725419184,0.9198895725419184
2008-06-30,0.8985193199803606,0.8985193199803606
2008-07-01,0.8665417128415347,0.8665417128415347
2008-07-02,0.9102607570111272,0.9102607570111272
2008-07-03,0.8729906022166304,0.8729906022166304
2008-07-04,0.8930599907029199,0.8930599907029199
2008-07-07,0.8961732476426214,0.8961732476426214
2008-07-08,0.8869557942043268,0.8869557942043268
2008-07-09,0.9244371948615535,0.9244371948615535
2008-07-10,0.9255713316059446,0.9255713316059446
2008-07-11,0.9003983820607878,0.9003983820607878
2008-07-14,0.8983302790926647,0.8983302790926647
2008-07-15,0.8586140481364379,0.8586140481364379
2008-07-16,0.8487405435531351,0.8487405435531351
2008-07-17,0.8777605457410662,0.8777605457410662
2008-07-18,0.9100161222495083,0.9100161222495083
2008-07-21,0.9249708743348597,0.9249708743348597
2008-07-22,0.9428943610040692,0.9428943610040692
2008-07-23,0.9955305756855213,0.9955305756855213
2008-07-24,0.9859128354968009,0.9859128354968009
2008-07-25,0.9588498028200388,0.9588498028200388
2008-07-28,0.9633529066078211,0.9633529066078211
2008-07-29,0.9317199923454977,0.9317199923454977
2008-07-30,0.9592277760136457,0.9592277760136457
2008-07-31,0.9635419474955171,0.9635419474955171
2008-08-01,0.9814653255829416,0.9814653255829416
2008-08-04,0.9774181567104008,0.9774181567104008
2008-08-05,1.0013235224973938,1.0013235224973938
2008-08-06,1.0045923771350092,1.0045923771350092
2008-08-07,1.005993407906946,1.005993407906946
2008-08-08,1.0072498077412542,1.0072498077412542
2008-08-11,1.027463718583387,1.027463718583387
2008-08-12,1.012308850268269,1.012308850268269
2008-08-13,1.0071496953354782,1.0071496953354782
2008-08-14,0.9852791521995038,0.9852791521995038
2008-08-18,0.976906627921236,0.976906627921236
2008-08-19,0.9713917590607646,0.9713917590607646
2008-08-20,0.98195459510618,0.98195459510618
2008-08-21,0.9526232889406357,0.9526232889406357
2008-08-22,0.9623188822692057,0.9623188822692057
2008-08-25,0.9640756269688232,0.9640756269688232
2008-08-26,0.964553712568206,0.964553712568206
2008-08-27,0.9544578867801027,0.9544578867801027
2008-08-28,0.9370903388501256,0.9370903388501256
2008-08-29,0.9695571612212974,0.9695571612212974
2008-09-01,0.9670331776288253,0.9670331776288253
2008-09-02,1.0015792326010833,1.0015792326010833
2008-09-04,0.9890706109683545,0.9890706109683545
2008-09-05,0.9678448264717476,0.9678448264717476
2008-09-08,0.9967536409118323,0.9967536409118323
2008-09-09,0.9937294210358361,0.9937294210358361
2008-09-10,0.978507774922939,0.978507774922939
2008-09-11,0.9540575457387843,0.9540575457387843
2008-09-12,0.9403037081956028,0.9403037081956028
2008-09-15,0.9057131346914922,0.9057131346914922
2008-09-16,0.9061578856828781,0.9061578856828781
2008-09-17,0.8913365806112995,0.8913365806112995
2008-09-18,0.8979855862161619,0.8979855862161619
2008-09-19,0.9440395730905305,0.9440395730905305
2008-09-22,0.9391027936534329,0.9391027936534329
2008-09-23,0.917721411458912,0.917721411458912
2008-09-24,0.9253600314523222,0.9253600314523222
2008-09-25,0.9140855503879751,0.9140855503879751
2008-09-26,0.8862219442103615,0.8862219442103615
2008-09-29,0.856156788050852,0.856156788050852
2008-09-30,0.871978782853049,0.871978782853049
2008-10-01,0.8785499896089544,0.8785499896089544
2008-10-03,0.8490963660626006,0.8490963660626006
2008-10-06,0.8010743886258849,0.8010743886258849
2008-10-07,0.80201948448258,0.80201948448258
2008-10-08,0.7813496387252055,0.7813496387252055
2008-10-10,0.7293804962399396,0.7293804962399396
2008-10-13,0.7762461319572305,0.7762461319572305
2008-10-14,0.7824615162036701,0.7824615162036701
2008-10-15,0.7423783331050143,0.7423783331050143
2008-10-16,0.7270122189271664,0.7270122189271664
2008-10-17,0.6836601269000027,0.6836601269000027
2008-10-20,0.6944342088081481,0.6944342088081481
2008-10-21,0.7193624693007933,0.7193624693007933
2008-10-22,0.6816142289069136,0.6816142289069136
2008-10-23,0.6544844184323727,0.6544844184323727
2008-10-24,0.5746182808706037,0.5746182808706037
2008-10-27,0.5613202153699863,0.5613202153699863
2008-10-29,0.5997578415168711,0.5997578415168711
2008-10-31,0.6416867520879568,0.6416867520879568
2008-11-03,0.6768776742813674,0.6768776742813674
2008-11-04,0.6987260667332005,0.6987260667332005
2008-11-05,0.6660034799674462,0.6660034799674462
2008-11-06,0.6432544558998782,0.6432544558998782
2008-11-07,0.6611223486951643,0.6611223486951643
2008-11-10,0.7000936543153552,0.7000936543153552
2008-11-11,0.6534837287017542,0.6534837287017542
2008-11-12,0.633425469848428,0.633425469848428
2008-11-14,0.6249529960370618,0.6249529960370618
2008-11-17,0.6225513298253994,0.6225513298253994
2008-11-18,0.5966667895522035,0.5966667895522035
2008-11-19,0.5859594311509446,0.5859594311509446
2008-11-20,0.567757975112119,0.567757975112119
2008-11-21,0.5989572680160196,0.5989572680160196
2008-11-24,0.6022484362104538,0.6022484362104538
2008-11-25,0.5901845655691108,0.5901845655691108
2008-11-26,0.6120329580209439,0.6120329580209439
2008-11-28,0.6126667499000259,0.6126667499000259
2008-12-01,0.5966111956782804,0.5966111956782804
2008-12-02,0.5910296033109226,0.5910296033109226
2008-12-03,0.5907293746753801,0.5907293746753801
2008-12-04,0.6199828819919673,0.6199828819919673
2008-12-05,0.6036160237926086,0.6036160237926086
2008-12-08,0.6190933800091956,0.6190933800091956
2008-12-10,0.6511710452629048,0.6511710452629048
2008-12-11,0.6493697820314349,0.6493697820314349
2008-12-12,0.6496366760589805,0.6496366760589805
2008-12-15,0.6629458169016685,0.6629458169016685
2008-12-16,0.6764106640240557,0.6764106640240557
2008-12-17,0.6569750674168481,0.6569750674168481
2008-12-18,0.6806357984422218,0.6806357984422218
2008-12-19,0.6843605879950788,0.6843605879950788
2008-12-22,0.6758658549177863,0.6758658549177863
2008-12-23,0.6601549935725433,0.6601549935725433
2008-12-24,0.6486359863283621,0.6486359863283621
2008-12-26,0.6353823850687048,0.6353823850687048
2008-12-29,0.649825662655784,0.649825662655784
2008-12-30,0.6625677894171691,0.6625677894171691
2008-12-31,0.6580424263634604,0.6580424263634604
2009-01-02,0.6775225415025206,0.6775225415025206
2009-01-05,0.6941339801726061,0.6941339801726061
2009-01-06,0.692210453851219,0.692210453851219
2009-01-07,0.6494253759053584,0.6494253759053584
2009-01-09,0.6388847991258693,0.6388847991258693
2009-01-12,0.6166695088224997,0.6166695088224997
2009-01-13,0.6104096060442075,0.6104096060442075
2009-01-14,0.6305012537964233,0.6305012537964233
2009-01-15,0.6085750082047405,0.6085750082047405
2009-01-16,0.6289779599345694,0.6289779599345694
2009-01-19,0.6329251249831195,0.6329251249831195
2009-01-20,0.6218953329712843,0.6218953329712843
2009-01-21,0.6017814259531422,0.6017814259531422
2009-01-22,0.6034826310697288,0.6034826310697288
2009-01-23,0.595643894846552,0.595643894846552
2009-01-27,0.6162803517050371,0.6162803517050371
2009-01-28,0.6336589749770848,0.6336589749770848
2009-01-29,0.6279772702039512,0.6279772702039512
2009-01-30,0.6392850858762952,0.6392850858762952
2009-02-02,0.6152351434425662,0.6152351434425662
2009-02-03,0.6190711207432698,0.6190711207432698
2009-02-04,0.6233296440603254,0.6233296440603254
2009-02-05,0.6182150076593874,0.6182150076593874
2009-02-06,0.632235793521007,0.632235793521007
2009-02-09,0.6493141881575122,0.6493141881575122
2009-02-10,0.6525608921109863,0.6525608921109863
2009-02-11,0.6506039768907098,0.6506039768907098
2009-02-12,0.6433434386726917,0.6433434386726917
2009-02-13,0.6556408144426908,0.6556408144426908
2009-02-16,0.633436599481392,0.633436599481392
2009-02-17,0.6160913108173413,0.6160913108173413
2009-02-18,0.6173477106516495,0.6173477106516495
2009-02-19,0.6202831106275106,0.6202831106275106
2009-02-20,0.6085194143308176,0.6085194143308176
2009-02-24,0.607952345958622,0.607952345958622
2009-02-25,0.6143123068517976,0.6143123068517976
2009-02-26,0.6194602778607325,0.6194602778607325
2009-02-27,0.6145680169554875,0.6145680169554875
2009-03-02,0.5947655224967435,0.5947655224967435
2009-03-03,0.5831574781888571,0.5831574781888571
2009-03-04,0.5882276503488351,0.5882276503488351
2009-03-05,0.5729949288938674,0.5729949288938674
2009-03-06,0.582657133323548,0.582657133323548
2009-03-09,0.5722054850259789,0.5722054850259789
2009-03-12,0.5820567303433554,0.5820567303433554
2009-03-13,0.604694566663077,0.604694566663077
2009-03-16,0.6175923454132686,0.6175923454132686
2009-03-17,0.6131892997403695,0.6131892997403695
2009-03-18,0.6214727869549322,0.6214727869549322
2009-03-19,0.624241351018131,0.624241351018131
2009-03-20,0.6242191460430973,0.6242191460430973
2009-03-23,0.6537616980713713,0.6537616980713713
2009-03-24,0.6534948583347182,0.6534948583347182
2009-03-25,0.6636463322876374,0.6636463322876374
2009-03-26,0.685416871599621,0.685416871599621
2009-03-27,0.6912875629695581,0.6912875629695581
2009-03-30,0.662267560781627,0.662267560781627
2009-03-31,0.671785242855464,0.671785242855464
2009-04-01,0.680546869960302,0.680546869960302
2009-04-02,0.7140588463030524,0.7140588463030524
2009-04-06,0.7241880609900452,0.7241880609900452
2009-04-08,0.7433901524685966,0.7433901524685966
2009-04-09,0.74319003623883,0.74319003623883
2009-04-13,0.7522073734473579,0.7522073734473579
2009-04-15,0.7747895616022638,0.7747895616022638
2009-04-16,0.7492942327374231,0.7492942327374231
2009-04-17,0.7526076059068912,0.7526076059068912
2009-04-20,0.7509843082210467,0.7509843082210467
2009-04-21,0.7483602665136913,0.7483602665136913
2009-04-22,0.7405771241644378,0.7405771241644378
2009-04-23,0.7613469737458032,0.7613469737458032
2009-04-24,0.774033506633265,0.774033506633265
2009-04-27,0.7716429700545657,0.7716429700545657
2009-04-28,0.7477042696595757,0.7477042696595757
2009-04-29,0.7725213424043744,0.7725213424043744
2009-05-04,0.81256006126207,0.81256006126207
2009-05-05,0.8143168059616873,0.8143168059616873
2009-05-06,0.8061223015199374,0.8061223015199374
2009-05-07,0.8192090668669325,0.8192090668669325
2009-05-08,0.8051549463973161,0.8051549463973161
2009-05-11,0.7904559587065471,0.7904559587065471
2009-05-12,0.8185864589117063,0.8185864589117063
2009-05-13,0.8083905207178272,0.8083905207178272
2009-05-14,0.7990952141396831,0.7990952141396831
2009-05-15,0.8164849670446939,0.8164849670446939
2009-05-18,0.9613626024886563,0.9613626024886563
2009-05-19,0.9603175028079705,0.9603175028079705
2009-05-20,0.9496100358249265,0.9496100358249265
2009-05-21,0.9364009530971218,0.9364009530971218
2009-05-22,0.9425385384946046,0.9425385384946046
2009-05-25,0.9423272383409823,0.9423272383409823
2009-05-26,0.9154532465519163,0.9154532465519163
2009-05-27,0.9508886949251613,0.9508886949251613
2009-05-28,0.9644647840862874,0.9644647840862874
2009-05-29,0.9893375049959018,0.9893375049959018
2009-06-01,1.0073387362231758,1.0073387362231758
2009-06-02,1.0063047118845605,1.0063047118845605
2009-06-03,1.0075167017688011,1.0075167017688011
2009-06-04,1.0168452886640498,1.0168452886640498
2009-06-05,1.0200141394776745,1.0200141394776745
2009-06-08,0.98510118665388,0.98510118665388
2009-06-09,1.0120198055565837,1.0120198055565837
2009-06-10,1.0352135263246454,1.0352135263246454
2009-06-11,1.031310879807948,1.031310879807948
2009-06-12,1.0192358252427494,1.0192358252427494
2009-06-15,0.9971317226872263,0.9971317226872263
2009-06-16,1.0046479710089344,1.0046479710089344
2009-06-17,0.9687009938465246,0.9687009938465246
2009-06-18,0.9454071606726873,0.9454071606726873
2009-06-19,0.9592389599375032,0.9592389599375032
2009-06-22,0.9418158181336028,0.9418158181336028
2009-06-23,0.944428730207995,0.944428730207995
2009-06-24,0.9546469276678006,0.9546469276678006
2009-06-25,0.9432835181215334,0.9432835181215334
2009-06-26,0.9730039814045405,0.9730039814045405
2009-06-29,0.9764397262457106,0.9764397262457106
2009-06-30,0.9542355112844118,0.9542355112844118
2009-07-01,0.9653097675372072,0.9653097675372072
2009-07-02,0.9670776961606803,0.9670776961606803
2009-07-03,0.9838447868195724,0.9838447868195724
2009-07-06,0.926349645840872,0.926349645840872
2009-07-07,0.9344551675098094,0.9344551675098094
2009-07-08,0.9070473876656523,0.9070473876656523
2009-07-09,0.9075032682900013,0.9075032682900013
2009-07-10,0.8903692254886804,0.8903692254886804
2009-07-13,0.883731349516781,0.8764186302033405
2009-07-14,0.9142745912756735,0.936773573603156
2009-07-15,0.9414266610161407,0.9921724317252292
2009-07-16,0.9409596507588285,0.9911841619736487
2009-07-17,0.9728817183146237,1.0248100966810942
2009-07-20,1.0011900754836234,1.0546294361764466
2009-07-21,0.9938183495177587,1.0468642381492173
2009-07-22,0.978207546287399,1.030420195192496
2009-07-23,1.0059711486410219,1.0596657031269257
2009-07-24,1.0159335274153525,1.0701598322309056
2009-07-27,1.0167674355242011,1.0710382508850589
2009-07-28,1.0149440216085899,1.069117510721101
2009-07-29,1.003691799810169,1.0572646921389068
2009-07-30,1.01657850321829,1.0708392341587272
2009-07-31,1.031032910438332,1.086065157497384
2009-08-03,1.0476998886914484,1.1036217497052705
2009-08-04,1.040828507590893,1.0963836028705332
2009-08-05,1.0438639113907449,1.0995810238961654
2009-08-06,1.019702835500062,1.0741303302986498
2009-08-07,0.9965535246820679,1.0497454055838684
2009-08-10,0.9868245967455009,1.03949718795208
2009-08-11,0.9943186943830676,1.0473912893417092
2009-08-12,0.9912387720513631,1.0441469735702171
2009-08-13,1.0240391576660746,1.0786981073002468
2009-08-14,1.0184908456158213,1.0728536494369754
2009-08-17,0.9757614158347763,1.0278435004736464
2009-08-18,0.9915500760289764,1.0444748936589487
2009-08-19,0.9771401873407867,1.0292958650661514
2009-08-20,0.9903381947265207,1.0431983271747034
2009-08-21,1.007094101461557,1.0608485944968804
2009-08-24,1.0324449079705544,1.0875525215831408
2009-08-25,1.0361252875733438,1.0914293445365946
2009-08-26,1.0409063607307423,1.0964656114870734
2009-08-27,1.0425408423404425,1.0981873349246998
2009-08-28,1.0523586987589297,1.1085292276707788
2009-08-31,1.0367368201864993,1.092073518216307
2009-09-01,1.028564520719783,1.0834650154056047
2009-09-02,1.0247841372930029,1.0794828508401098
2009-09-03,1.0214929148076761,1.0760159565919274
2009-09-04,1.0408062483249665,1.0963601554976035
2009-09-07,1.0635997366334948,1.1203702653777936
2009-09-08,1.0685698506785895,1.125605663432033
2009-09-09,1.0705712301398262,1.1277138682020011
2009-09-10,1.0717164422262881,1.128920206944886
2009-09-11,1.0739735317912147,1.1312977705599752
2009-09-14,1.0693148303055182,1.126390406971896
2009-09-15,1.0878831841958803,1.1459498623377093
2009-09-16,1.1026266361276094,1.161480258392168
2009-09-17,1.104216599205457,1.1631550870839344
2009-09-18,1.106551541910233,1.1656146593155636
2009-09-22,1.116369506910505,1.1759566664390717
2009-09-23,1.1051951382519338,1.1641858564734175
2009-09-24,1.1088864846150088,1.168074231547193
2009-09-25,1.1027490077993112,1.1616091617545679
2009-09-29,1.1134007723266468,1.1728294731548001
2009-09-30,1.130545944760931,1.1908897835596777
2009-10-01,1.130423573089229,1.1907608801972778
2009-10-05,1.1125891234837246,1.1719745018735768
2009-10-06,1.1179705453304232,1.1776431616285887
2009-10-07,1.1087086276511684,1.1678868813186118
2009-10-08,1.1123778233301023,1.1717519233968863
2009-10-09,1.099691344733533,1.1583882933560057
2009-10-12,1.123941349106136,1.183932662067812
2009-10-14,1.138162305488415,1.1989126739342777
2009-10-15,1.1360830728873288,1.1967224605477698
2009-10-16,1.1434881334611902,1.2045227724456793
2009-10-20,1.1373283973795663,1.1980342552801242
2009-10-21,1.1260205817072224,1.1861228754543198
2009-10-22,1.1093424195302506,1.168554502371254
2009-10-23,1.1112214273197851,1.170533803778822
2009-10-26,1.1054063298237713,1.1644083205726787
2009-10-27,1.0777873584077768,1.135315163373579
2009-10-28,1.0732174768222156,1.1248270608608093
2009-10-29,1.056405867631471,1.0892968131960556
2009-10-30,1.0477666664892276,1.0711994825476845
2009-11-03,1.0148995030767374,1.0037187365046019
2009-11-04,1.0475664416776762,1.068073959218576
2009-11-05,1.0597415000668655,1.0926252669112004
2009-11-06,1.066546211951427,1.1063751630011915
2009-11-09,1.0892841063860321,1.1532638187587734
2009-11-10,1.0855705007570307,1.1451028972435278
2009-11-11,1.1127559051054947,1.2021600227334681
2009-11-12,1.1013479770273749,1.189234447282615
2009-11-13,1.1116440276270299,1.2003521124524583
2009-11-16,1.1247863325570557,1.2145431602098289
2009-11-17,1.1257203530716802,1.215551714630075
2009-11-18,1.1240414615119123,1.2137388491981005
2009-11-19,1.109431348012171,1.197962863210913
2009-11-20,1.1235411166466032,1.213198577311505
2009-11-23,1.1349044176110854,1.2254686583609806
2009-11-24,1.132013536167077,1.2223470874606515
2009-11-25,1.13592736660763,1.2265732376673206
2009-11-26,1.1131116190331753,1.2019368161892687
2009-11-27,1.0989241058406787,1.1866171535924088
2009-11-30,1.1191492006066672,1.2084561907513895
2009-12-01,1.1390072889393346,1.2298989347296645
2009-12-02,1.1392852583089508,1.2301990857777731
2009-12-03,1.1411643746802702,1.2322281537615882
2009-12-04,1.1360941482293998,1.226753328296186
2009-12-07,1.126709967460228,1.2166202992599426
2009-12-08,1.1447779764852806,1.2361301173869994
2009-12-09,1.1367835339824046,1.2274977263447957
2009-12-10,1.141820317243493,1.2329364398872222
2009-12-11,1.1379620806768633,1.2287703198901747
2009-12-14,1.135382611792253,1.2259850119609297
2009-12-15,1.1192269451647316,1.2085401392476574
2009-12-16,1.1212283246259682,1.2107012267940391
2009-12-17,1.1211616554099744,1.2106292374410943
2009-12-18,1.109142303300484,1.197650753019481
2009-12-21,1.101336901685304,1.1892224881392919
2009-12-22,1.1087308869170949,1.1972065060189798
2009-12-23,1.144032996858352,1.2353256891287678
2009-12-24,1.15154924518006,1.2434417265710223
2009-12-29,1.1536729963129988,1.2457349509264737
2009-12-30,1.149559049642679,1.2412927154144668
2009-12-31,1.1565860284411487,1.248880440113449
2010-01-04,1.1635131119974123,1.256360298029517
2010-01-05,1.1736756070015095,1.2673337500004642
2010-01-06,1.1745428497183552,1.2682701978212625
2010-01-07,1.1703844930979679,1.2637800084894601
2010-01-08,1.1663038810356452,1.2593737676539258
2010-01-11,1.1673379053742603,1.260490306103589
2010-01-12,1.158665261042235,1.2511255934026018
2010-01-13,1.1639022691148753,1.2567805094968691
2010-01-14,1.1696728480790366,1.263011574907701
2010-01-15,1.167960621911272,1.2611627147992543
2010-01-18,1.1729974051723604,1.2666014283416809
2010-01-19,1.1620564873515529,1.2547874361895264
2010-01-20,1.1611781692926366,1.2538390292254051
2010-01-21,1.1328141096679287,1.2232115459285051
2010-01-22,1.11988299630974,1.2092485426197952
2010-01-25,1.113634223164411,1.194837170980612
2010-01-27,1.079210539863855,1.1206614638037642
2010-01-28,1.0823571314115532,1.1269072995019234
2010-01-29,1.0856482453150949,1.1334697833916803
2010-02-01,1.0895732596795036,1.1413732334859517
2010-02-02,1.0740959034629165,1.1086524850075214
2010-02-03,1.0967226101496752,1.155075861608518
2010-02-04,1.0774871297722344,1.1142600426120324
2010-02-05,1.0493121110352224,1.0556994601182699
2010-02-08,1.0585962879804034,1.0741085394426537
2010-02-09,1.0657678977165013,1.0883848869762454
2010-02-10,1.057884751543257,1.0720032790802214
2010-02-11,1.0733731831019147,1.1031170505613765
2010-02-15,1.067836054975517,1.091451385321412
2010-02-16,1.0797998132110842,1.115626536707589
2010-02-17,1.092753185835199,1.1421050821348695
2010-02-18,1.086915829073259,1.1354330409071842
2010-02-19,1.0773870173664588,1.1254788868107173
2010-02-22,1.0799443355669278,1.1281503573176852
2010-02-23,1.0829797393667797,1.1313212539728437
2010-02-24,1.0804336050901664,1.1286614666121995
2010-02-25,1.0806893151938561,1.1289285909771751
2010-02-26,1.0945988590167366,1.1434590221458065
2010-03-02,1.1156578618915738,1.1654580463876716
2010-03-03,1.1314687813517001,1.181974725859951
2010-03-04,1.1297231119941535,1.1801511341759954
2010-03-05,1.1316022283654732,1.1821141296156008
2010-03-08,1.1394520399307206,1.1903143371916343
2010-03-09,1.1344485912776292,1.1850875470693056
2010-03-10,1.1377286298391005,1.1885139983717212
2010-03-11,1.1415423478738778,1.1924979512681309
2010-03-12,1.1423429213747294,1.1933342603734245
2010-03-15,1.1405416581432595,1.1914525932436653
2010-03-16,1.1559300858779262,1.207527922013558
2010-03-17,1.1634463341996342,1.2153796769147696
2010-03-18,1.1665595911393356,1.2186319018797742
2010-03-19,1.1703177153001896,1.2225577793303801
2010-03-22,1.1575089736137032,1.209177287360103
2010-03-23,1.1619786342117036,1.2138464624598324
2010-03-25,1.1697840358268834,1.222000277736386
2010-03-26,1.1745873682502082,1.2270180189395425
2010-03-29,1.1792239190517633,1.2318615338052878
2010-03-30,1.1702399707421247,1.2224765644491389
2010-03-31,1.1672712361582667,1.219375312957503
2010-04-01,1.1764775599635982,1.2289925840968665
2010-04-05,1.1938005893617227,1.2470888703235632
2010-04-06,1.1932669098884165,1.2465313687295692
2010-04-07,1.1951904362098036,1.2485407564686544
2010-04-08,1.179579741561229,1.2322332393441522
2010-04-09,1.1923218140317215,1.245544086150907
2010-04-12,1.187418477784406,1.240421877202467
2010-04-13,1.183693688231549,1.2365308223336224
2010-04-15,1.1727194358027446,1.2250667066462608
2010-04-16,1.1702733053501222,1.2225113870309001
2010-04-19,1.1571642264463082,1.2088171515389572
2010-04-20,1.163046101740101,1.2149615790764254
2010-04-21,1.1663372156436427,1.2183996000965596
2010-04-22,1.1717743399460496,1.2240794240675987
2010-04-23,1.1795018884213802,1.2321519110343064
2010-04-26,1.183582500483703,1.2364146714420157
2010-04-27,1.1804469842780754,1.2331391936129688
2010-04-28,1.1597883224445567,1.211558380638053
2010-04-29,1.1683941889788032,1.2205483915912951
2010-04-30,1.1736978662674373,1.2260888118066846
2010-05-03,1.1614116201304014,1.2132541382840776
2010-05-04,1.1449002395751993,1.196005730880393
2010-05-05,1.1396521561604884,1.184134544934086
2010-05-06,1.1320803139648572,1.1680943475567094
2010-05-07,1.1158913127293388,1.1343850334671648
2010-05-10,1.1549293961473088,1.2134625610809728
2010-05-11,1.1421538804870344,1.186303577482749
2010-05-12,1.14671257814874,1.1954674126347593
2010-05-13,1.1516604329279083,1.2054755038681622
2010-05-14,1.1326695873120867,1.1654080587188342
2010-05-17,1.1251977489404463,1.1497318514331272
2010-05-18,1.126598779712383,1.1522984520321928
2010-05-19,1.094009585669509,1.0853360120194855
2010-05-20,1.100225024206841,1.090959505044809
2010-05-21,1.096566903869978,1.087332191482317
2010-05-24,1.0994133753639188,1.090154691483526
2010-05-25,1.0689034139221307,1.0599016689643694
2010-05-26,1.0935092408041998,1.0843002784541256
2010-05-27,1.1125668642178004,1.1031974085404193
2010-05-28,1.1266765242704475,1.1303429267138236
2010-05-31,1.1310684403103834,1.1341839633532558
2010-06-01,1.105250732125859,1.108295140405118
2010-06-02,1.1162916537706573,1.1193664742200142
2010-06-03,1.1364499707388669,1.1395803171836294
2010-06-04,1.142009358131191,1.145155017884068
2010-06-07,1.1194382453183556,1.122521733040288
2010-06-08,1.1090088562867129,1.11206361630244
2010-06-09,1.111944147680789,1.1150069929437478
2010-06-10,1.1293562141426188,1.132467020866045
2010-06-11,1.1384180155921069,1.1415537830077598
2010-06-14,1.1558411573960072,1.1590249167791087
2010-06-15,1.1613226916484816,1.1645215498935664
2010-06-16,1.163768822101104,1.1669744182017592
2010-06-17,1.1729974051723617,1.176228421364487
2010-06-18,1.170273305350123,1.1734968180212721
2010-06-21,1.1904426976604032,1.1937217668339388
2010-06-22,1.1822703981936868,1.1855269568042943
2010-06-23,1.1837380981816175,1.1869986995653847
2010-06-24,1.1831710841003145,1.1864301236462893
2010-06-25,1.1717075621482715,1.1749350254734614
2010-06-28,1.1860397062783967,1.189306647431541
2010-06-29,1.1688389399701893,1.17205850168821
2010-06-30,1.1813698208688446,1.1846238988431728
2010-07-01,1.1677826563656477,1.1709993085551265
2010-07-02,1.1646027302099524,1.1678106233068248
2010-07-05,1.1643358361824068,1.1675429941208546
2010-07-06,1.1761550720621305,1.1793947860338123
2010-07-07,1.1654922321927241,1.168702575418895
2010-07-08,1.1778896660776066,1.181134157980873
2010-07-09,1.190253765354492,1.1935323141148226
2010-07-12,1.1970472933151979,1.2003445548184093
2010-07-13,1.2009721990978217,1.2042802717367442
2010-07-14,1.197747754410274,1.20104694533049
2010-07-15,1.196102197458503,1.1993968556993349
2010-07-16,1.1994711645018945,1.2027751025476259
2010-07-19,1.1978145322080531,1.201113907067419
2010-07-20,1.1937116608798042,1.1969997343981462
2010-07-21,1.2006831543861354,1.2039904308526705
2010-07-22,1.2101563722190123,1.2134897426223923
2010-07-23,1.21174633529686,1.2150840852465432
2010-07-26,1.2049638826782247,1.2082829503920083
2010-07-27,1.2076323886265403,1.2109588067282189
2010-07-28,1.2002828133448171,1.2035889870737155
2010-07-29,1.2028067969372893,1.2061199229678892
2010-07-30,1.193622732397884,1.196910560963114
2010-08-02,1.2078658394643043,1.2111929006052884
2010-08-03,1.2096225841639217,1.2129544842504523
2010-08-04,1.2159158758411035,1.2192651107718726
2010-08-05,1.2113015843054746,1.2146381091905087
2010-08-06,1.209555914947928,1.2128876313943966
2010-08-09,1.2199853039795707,1.2233457481322445
2010-08-10,1.214325912763256,1.217670768147722
2010-08-11,1.2054086336696113,1.208728926448044
2010-08-12,1.2044857970788425,1.2078035479079459
2010-08-13,1.2124134617839395,1.2157530493305964
2010-08-16,1.2048971048804464,1.2082159886550798
2010-08-17,1.2039742682896777,1.2072906101149816
2010-08-18,1.2184286755097202,1.2217848319361218
2010-08-19,1.2320047646708465,1.2353983163751163
2010-08-20,1.2298810135379077,1.233268715379025
2010-08-23,1.2327385603739192,1.236134133315225
2010-08-24,1.2241993630556667,1.2275714148155261
2010-08-25,1.2146928106147927,1.2180386766177764
2010-08-26,1.2181507061401042,1.2215060969011
2010-08-27,1.2027623869872226,1.2060753906908102
2010-08-30,1.20426342158315,1.2075805598799285
2010-08-31,1.2013613562152858,1.2046705007857759
2010-09-01,1.2168053778238759,1.220157062883943
2010-09-02,1.2199853039795714,1.2233457481322447
2010-09-03,1.218484269383644,1.2218405789431264
2010-09-06,1.2401770641375631,1.243593126404761
2010-09-07,1.2461922778633439,1.2496249090102864
2010-09-08,1.2470484452381188,1.2504834346943285
2010-09-09,1.2542088710503612,1.2576635838679695
2010-09-13,1.2808828551914455,1.2844110413810224
2010-09-14,1.2887882606306162,1.2923382222246966
2010-09-15,1.3033317049143638,1.306921726361742
2010-09-16,1.296160095178266,1.2997303624581764
2010-09-17,1.308668716810995,1.3122734390341628
2010-09-20,1.3299055766496726,1.3335687957098379
2010-09-21,1.3362654289610632,1.339946166206441
2010-09-22,1.3322515946965192,1.3359212758530736
2010-09-23,1.3252578419242615,1.3289082588195729
2010-09-24,1.3383224022962228,1.3420088054656032
2010-09-27,1.3421806388628525,1.345877669527882
2010-09-28,1.3408130512806977,1.3445063149317487
2010-09-29,1.3323182639125126,1.3359881287091295
2010-09-30,1.3409131636864733,1.3446067030967057
2010-10-01,1.3661415985237684,1.3699046295467714
2010-10-04,1.3697107903787114,1.3734836527249767
2010-10-05,1.3666752779970743,1.3704397790378389
2010-10-06,1.375714928762421,1.3795043294814502
2010-10-07,1.361004702856904,1.3647535843233916
2010-10-08,1.3572577626199056,1.3609963231559945
2010-10-11,1.3644627069640003,1.368221113487588
2010-10-12,1.3544668849998878,1.3581977580758502
2010-10-13,1.3862665808839807,1.3900850460823582
2010-10-14,1.3736912900352578,1.3774751166503156
2010-10-15,1.3481847772465614,1.3518983462843548
2010-10-18,1.3511424364883486,1.3548641523855118
2010-10-19,1.3403237817574583,1.3440156977177602
2010-10-20,1.3302724745012076,1.3339367041798913
2010-10-21,1.3568240869705899,1.3605614529490109
2010-10-22,1.3489408322155605,1.3526564838034398
2010-10-25,1.3577802581693557,1.361520257917137
2010-10-26,1.3524877648045772,1.3562131864026687
2010-10-27,1.3370660024619136,1.340748944883478
2010-10-28,1.3315177989934452,1.3351854589129641
2010-10-29,1.3381890638642342,1.3418750997534903
2010-11-01,1.3603931702437482,1.364140367246343
2010-11-02,1.3607156581452169,1.3644637434393176
2010-11-03,1.3699442412164746,1.3737177466020454
2010-11-04,1.3969183454113165,1.4007661508482236
2010-11-08,1.395006003013785,1.3988485409119713
2010-11-09,1.4013102614512523,1.40517016440157
2010-11-10,1.3955619417530172,1.399406010982015
2010-11-11,1.3774494141961116,1.3812435925476372
2010-11-12,1.3501861567077977,1.3539052385365125
2010-11-15,1.361293856150375,1.3650435340883376
2010-11-16,1.3317401744891377,1.3354084469409813
2010-11-18,1.3339860801302086,1.33766053891926
2010-11-19,1.3098583388475227,1.3134663378793572
2010-11-22,1.3364767291146837,1.3401580483854056
2010-11-23,1.3197429730637886,1.3233781992770859
2010-11-24,1.3043990638609744,1.3079920253438757
2010-11-25,1.2897222811452391,1.2932748154947182
2010-11-26,1.2790927758838295,1.282616031307829
2010-11-29,1.2964491398899511,1.3000202033422488
2010-11-30,1.303720862031825,1.3073119554107715
2010-12-01,1.3255580705598027,1.32920931443357
2010-12-02,1.336854810890076,1.3405371715853847
2010-12-03,1.332651827156051,1.3363226107511548
2010-12-06,1.3325295640661339,1.3362000108880945
2010-12-07,1.3290382253510404,1.33269905529587
2010-12-08,1.3128382573552364,1.3164544645594907
2010-12-09,1.2823282959134483,1.2858604635631352
2010-12-10,1.3025311314135106,1.3061189476847033
2010-12-13,1.3137165754141524,1.317335201941636
2010-12-14,1.3218222056648747,1.3254631591152244
2010-12-15,1.3103030898389085,1.313912313935392
2010-12-16,1.32285623000349,1.3265000316693314
2010-12-20,1.322478148228098,1.3261209084693524
2010-12-21,1.3343974965135978,1.3380730885472671
2010-12-22,1.3307838947085873,1.334449533091982
2010-12-23,1.3298054642438952,1.3334684075448795
2010-12-24,1.3368325516241497,1.3405148510064082
2010-12-27,1.3338304824322946,1.3375045126281715
2010-12-28,1.3333634721749825,1.3370362159931601
2010-12-29,1.3476733570391812,1.3513855173722633
2010-12-30,1.356901940110439,1.3606395205349913
2010-12-31,1.3641624783284572,1.3679200578735893
2011-01-03,1.3692993739953216,1.3730711030969691
2011-01-04,1.366797649668776,1.3705624877817717
2011-01-05,1.3519984952813384,1.3557225691886807
2011-01-06,1.3449825918249396,1.3486873404570767
2011-01-07,1.313038373585003,1.316655132008532
2011-01-10,1.2815166470705261,1.285046579037046
2011-01-11,1.2795708614832126,1.2801703048300879
2011-01-12,1.3038431251217422,1.3284073712095212
2011-01-13,1.2790815919599743,1.277608651574014
2011-01-14,1.2574333157379076,1.2340324158339278
2011-01-17,1.2574778342697601,1.2338014939011905
2011-01-18,1.2728884126885682,1.2637240941246328
2011-01-19,1.2655500213307005,1.248827018153049
2011-01-20,1.2701199029162618,1.2575238902315862
2011-01-21,1.266762011214941,1.2505503471672597
2011-01-24,1.2771580656385868,1.2707538018620346
2011-01-25,1.2647383724877779,1.2457111979830418
2011-01-27,1.246258947079336,1.2089870548842163
2011-01-28,1.2257670668675869,1.1885035322318056
2011-01-31,1.2243772200195058,1.1871559369725964
2011-02-01,1.2046525787006113,1.1680309282224275
2011-02-02,1.207943692604153,1.1712219916838829
2011-02-03,1.229013770821061,1.191651535813494
2011-02-04,1.1998825808852833,1.1634059391804696
2011-02-07,1.1999381747592066,1.163459842990838
2011-02-08,1.1813808962109154,1.1454667089775252
2011-02-09,1.1682607419650308,1.1327454097305905
2011-02-10,1.1620898219595512,1.1267620867797017
2011-02-11,1.1808138821296124,1.1449169322241195
2011-02-14,1.2132807045007845,1.176396757479246
2011-02-15,1.2188400918931086,1.1817871385160827
2011-02-16,1.2189957981728077,1.181938111297466
2011-02-17,1.233394611518927,1.1958991981828733
2011-02-18,1.213936755645793,1.1770328645539447
2011-02-21,1.227201432247521,1.1898942926516614
2011-02-22,1.216216104476646,1.179242920779048
2011-02-23,1.2091334232224682,1.172375554281942
2011-02-24,1.1702955646160498,1.1347183734147765
2011-02-25,1.179379516749679,1.143526171804264
2011-02-28,1.1859841124044739,1.1499299865883779
2011-03-01,1.2280241564325138,1.1906920058765853
2011-03-03,1.231115262688074,1.1936891419577702
2011-03-04,1.231682276769377,1.1942389187111757
2011-03-07,1.2148706675786323,1.1779383853996055
2011-03-08,1.2276905931889743,1.190368583014375
2011-03-09,1.2299588666777566,1.1925679005897563
2011-03-10,1.2218199018190372,1.1846763616956513
2011-03-11,1.2109346864539379,1.1741220587940526
2011-03-14,1.2300700544256031,1.1926757082104928
2011-03-15,1.2118685983867774,1.1750275796397136
2011-03-16,1.2255446913718946,1.188287916990332
2011-03-17,1.2112014718996988,1.1743807339152932
2011-03-18,1.1949792446379686,1.1586516652183314
2011-03-21,1.1929889405188026,1.156721866694792
2011-03-22,1.2039075990736838,1.1673085961073153
2011-03-23,1.2186733102713392,1.1816254270849778
2011-03-24,1.2280464156984403,1.1907135884569084
2011-03-25,1.257366646521914,1.2191424791013612
2011-03-28,1.2647050378797817,1.2262577820699856
2011-03-29,1.275623696434663,1.2368445114825088
2011-03-30,1.287031515930998,1.247905531257746
2011-03-31,1.2972830479988002,1.257845414945849
2011-04-01,1.2955707132492504,1.2561851354741513
2011-04-04,1.3138945409597784,1.2739519155962689
2011-04-05,1.314250254887459,1.2742968157579226
2011-04-06,1.3101808267489918,1.27035109895131
2011-04-07,1.3088354984327633,1.2690466688527473
2011-04-08,1.299117645838267,1.2596242406880047
2011-04-11,1.2865979488634673,1.2474851447054003
2011-04-13,1.3145727427889276,1.2746094999704107
2011-04-15,1.2952371500057107,1.2558617126119407
2011-04-18,1.2740114740908888,1.2352813009818258
2011-04-19,1.2766021268993546,1.2377931974888157
2011-04-20,1.301263547655347,1.2617049067120476
2011-04-21,1.30861312293707,1.2688310536112735
2011-04-25,1.3063448494482879,1.266631736035892
2011-04-26,1.3049883372082038,1.2653164620067279
2011-04-27,1.2973163826067966,1.257877736175893
2011-04-28,1.2865423549895438,1.2474312408950312
2011-04-29,1.278547912486668,1.2396798308517083
2011-05-02,1.2678293701615535,1.2292871341003353
2011-05-03,1.2375752274052405,1.1999527226102218
2011-05-04,1.2313264542599114,1.1938939132686415
2011-05-05,1.2141368718755596,1.177226897215094
2011-05-06,1.2345064889973916,1.1969772743902396
2011-05-09,1.234428635857542,1.1969017879995478
2011-05-10,1.2322382155086093,1.1947779568148582
2011-05-11,1.2375307088733878,1.199909557449575
2011-05-12,1.2199853039795703,1.1828975359534943
2011-05-13,1.2330165297435347,1.1955326101600157
2011-05-16,1.2228428508155818,1.1856682128626044
2011-05-17,1.2094892457319335,1.1727205597244745
2011-05-18,1.2054086336696108,1.1687639989872605
2011-05-19,1.2070764498873081,1.1703811132983115
2011-05-20,1.220029822511423,1.182940701114141
2011-05-23,1.1978366828921947,1.1614222368465612
2011-05-24,1.199682464655517,1.1632119065193187
2011-05-25,1.1894754511195673,1.1533151879918624
2011-05-26,1.2035740358301439,1.1669851732451044
2011-05-27,1.21775047368057,1.180730644889038
2011-05-30,1.2170833471934912,1.1800837991646176
2011-06-01,1.243523771915027,1.205720430319637
2011-06-02,1.2342618542357722,1.1967400765684428
2011-06-03,1.2267900158641318,1.1894953833987585
2011-06-06,1.23019231751552,1.1927942544809507
2011-06-07,1.2355515886780772,1.1979906028566372
2011-06-08,1.2290360300869876,1.1916731183938165
2011-06-09,1.2277461870628974,1.1904224868247426
2011-06-10,1.2199074508397205,1.1828220495628028
2011-06-13,1.2192403243526417,1.1821752038383824
2011-06-14,1.223176414059121,1.1859916357248146
2011-06-15,1.2113905127873943,1.1745640279267209
2011-06-16,1.2001049563809767,1.1636215544219424
2011-06-17,1.1933558383703384,1.1570776107870466
2011-06-20,1.1692280970876523,1.1336833570871752
2011-06-21,1.1732197806680549,1.1375536927839758
2011-06-22,1.1737645354834318,1.1380818869570581
2011-06-23,1.183037637086542,1.1470730846388535
2011-06-24,1.2166719308101022,1.1796848899117156
2011-06-27,1.2289804362130643,1.1916192145834479
2011-06-28,1.2331387928334516,1.195651156430474
2011-06-29,1.2454028882863464,1.2075424212224395
2011-06-30,1.2558433526600599,1.2176654936410911
2011-07-01,1.251351432796133,1.2133101289318549
2011-07-04,1.256532738413065,1.2183339219458347
2011-07-05,1.2524410510086714,1.2143666225588987
2011-07-06,1.2509622756786702,1.212932802259276
2011-07-07,1.2739781394828915,1.23524897975178
2011-07-08,1.2587898279779914,1.2205223955906144
2011-07-11,1.2488830430775841,1.2109167786953232
2011-07-12,1.2288803238072885,1.191522145612433
2011-07-13,1.242067255850952,1.2043081926003374
2011-07-15,1.2410999007283308,1.203370245243752
2011-07-18,1.2379754598647736,1.200340787932522
2011-07-19,1.2483159204144962,1.2103668966610384
2011-07-20,1.2379754598647736,1.200340787932522
2011-07-21,1.2323160686484587,1.19485344320555
2011-07-22,1.2528524673920602,1.2147655318118007
2011-07-25,1.263159484752001,1.2247592140293921
2011-07-26,1.2397100538802495,1.2020226499845428
2011-07-27,1.233472356076991,1.1959745792926844
2011-07-28,1.2203411264890358,1.183242541396028
2011-07-29,1.2190624673888013,1.1820027537575555
2011-08-01,1.2268010912062022,1.1895061220484804
2011-08-02,1.2134029675907014,1.1765153037497038
2011-08-03,1.201895035688591,1.165357215003452
2011-08-04,1.185661624503005,1.1496173023758887
2011-08-05,1.1588543019299327,1.1236249271286138
2011-08-08,1.1382289747044108,1.1036266134819497
2011-08-09,1.1280775550423843,1.0937837987648618
2011-08-10,1.1476799332713616,1.112790261244572
2011-08-11,1.1426319660864175,1.1078957531507723
2011-08-12,1.1280998143083105,1.0938053813451847
2011-08-16,1.1198384777778891,1.0857951908997416
2011-08-17,1.1244639532373737,1.0902800510909176
2011-08-18,1.0994577853139864,1.0660340750748742
2011-08-19,1.07755379898823,1.0447959737897374
2011-08-22,1.0893730348679538,1.0562559028178764
2011-08-23,1.100514068918528,1.067058247471873
2011-08-24,1.0871715391769505,1.0541213329834649
2011-08-25,1.0762084706720016,1.0434915436911747
2011-08-26,1.055794335018317,1.0236980013553825
2011-08-29,1.0939985103274383,1.0607407630090522
2011-08-30,1.112099853960488,1.0782918226088165
2011-09-02,1.1207724982925134,1.0867008170262817
2011-09-05,1.1157023804234278,1.0817848316330385
2011-09-06,1.1261761794051381,1.0919402252817352
2011-09-07,1.1395965622865651,1.104952626160835
2011-09-08,1.1459565231797406,1.111119243123152
2011-09-09,1.1250977451164552,1.0908945755852926
2011-09-12,1.1000470586612154,1.0666054344086027
2011-09-13,1.0987462488768396,1.0653441694706864
2011-09-14,1.1146682475030274,1.080782136535483
2011-09-15,1.1287113469214658,1.0943983232592362
2011-09-16,1.1306126139769266,1.0962417914614826
2011-09-19,1.1189824189848987,1.084965156444772
2011-09-20,1.1430545663936615,1.1083055063342748
2011-09-21,1.1415090132658816,1.1068069382936825
2011-09-22,1.0948990876522804,1.0616139626246675
2011-09-23,1.0824683191594011,1.0495610916824765
2011-09-26,1.075274450157377,1.042585917564634
2011-09-27,1.1054841829636226,1.0718772691749807
2011-09-28,1.0998469424314492,1.0664114017474524
2011-09-29,1.1153132233059655,1.08140750496046
2011-09-30,1.0992576690842197,1.0658400424137235
2011-10-03,1.078409966363005,1.0456261135255858
2011-10-04,1.0612092000547975,1.028948253541437
2011-10-05,1.0565726492532423,1.0244526547005393
2011-10-07,1.0869824982892544,1.053938038972036
2011-10-10,1.1073410400690158,1.07367767749746
2011-10-11,1.1061735687166279,1.0725456974797243
2011-10-12,1.1339815810203184,1.0995083413136297
2011-10-13,1.1291894325208491,1.0948618749722283
2011-10-14,1.1412977131122597,1.1066020617019308
2011-10-17,1.1381733808304877,1.1035727096715804
2011-10-18,1.1202165595532814,1.086161778922598
2011-10-19,1.1428210069741136,1.1080790471622
2011-10-20,1.1323137648026214,1.0978912270025787
2011-10-21,1.1229851779073727,1.0888462307912945
2011-10-24,1.133748130182555,1.0992819874224344
2011-10-25,1.1544846451559232,1.1193881086898354
2011-10-28,1.1920883631939596,1.155848667079175
2011-10-31,1.1845053370744727,1.1484961662887538
2011-11-01,1.169239281011508,1.1336942010177762
2011-11-02,1.1693504687593543,1.133802008638513
2011-11-03,1.170973766445199,1.1353759577889175
2011-11-04,1.1750766377734478,1.1393541011064547
2011-11-08,1.1762218498599095,1.140464498543867
2011-11-09,1.1610335383550094,1.1257379143827013
2011-11-11,1.149425602628908,1.114482861946314
2011-11-14,1.1448669049672024,1.110062749496108
2011-11-15,1.1271101999197626,1.0928458514082755
2011-11-16,1.1186488557413594,1.0846417335825618
2011-11-17,1.0973674773708293,1.0640073128611989
2011-11-18,1.090929663337804,1.0577652095081902
2011-11-21,1.0625879715608075,1.0302851101509245
2011-11-22,1.0701487384143682,1.0376160283610225
2011-11-23,1.0465991951368407,1.014782395345158
2011-11-25,1.0473996600559075,1.0155585259897588
2011-11-28,1.078810198822538,1.0460141788478863
2011-11-29,1.0685365160705944,1.0360528178603399
2011-11-30,1.0745294705304484,1.041863585449522
2011-12-01,1.0978344876281416,1.0644601259244693
2011-12-02,1.12302958785744,1.0888892906710614
2011-12-05,1.1205834574048172,1.0865175230148534
2011-12-07,1.125798206211531,1.091573742539758
2011-12-08,1.0993465975661396,1.0659262674541372
2011-12-09,1.0822348683216374,1.0493347377912816
2011-12-12,1.0595303084950294,1.0273204005806646
2011-12-13,1.067535826339976,1.0350825492737095
2011-12-14,1.059230079859487,1.0270292989484995
2011-12-15,1.055471955698633,1.0233854224237737
2011-12-16,1.034401877481725,1.0029558782941626
2011-12-19,1.025840420897546,0.9946546914974339
2011-12-20,1.0105187709606582,0.9797988224160878
2011-12-21,1.0436415358950535,1.0119146494650333
2011-12-22,1.052692262002471,1.0206902319053555
2011-12-23,1.0482780866966088,1.0164102483059312
2011-12-27,1.0563947922894017,1.0242802046197126
2011-12-28,1.0464545641992125,1.0146421612134966
2011-12-29,1.0332121468634108,1.0018023156961033
2011-12-30,1.0283309613002363,0.9970695190334089
2012-01-03,1.0596859061929436,1.027471268081168
2012-01-04,1.0562057514017058,1.0240969106082842
2012-01-05,1.0562725291994848,1.024161658349254
2012-01-06,1.0571953657902535,1.025056440545193
2012-01-09,1.0546824575398521,1.022619925148015
2012-01-10,1.0784210417050755,1.0456368521753077
2012-01-11,1.0809562092214033,1.048094950152809
2012-01-12,1.0743516135666085,1.041691135368695
2012-01-13,1.0820791620419388,1.049183765009898
2012-01-16,1.083835906741556,1.0508871043613623
2012-01-17,1.1046057563229212,1.0710255468588084
2012-01-18,1.1020484381224522,1.0685459715818635
2012-01-19,1.1159691658691884,1.0820435067542784
2012-01-20,1.1226849492718298,1.088555129159129
2012-01-23,1.1221623451405944,1.0880484122854905
2012-01-24,1.1401970195576503,1.1055348294251648
2012-01-25,1.1470794760002763,1.1122080579802407
2012-01-27,1.1573977858658575,1.1222126894093132
2012-01-30,1.1312908158060762,1.0968993758356242
2012-01-31,1.1561857959816169,1.121037544230931
2012-02-01,1.1642914262323394,1.1288967618949908
2012-02-02,1.1718966030359677,1.1362707399848557
2012-02-03,1.1843385554527026,1.1483344548576482
2012-02-06,1.1922995547657966,1.1560534383900465
2012-02-07,1.1864066041299333,1.1503396344909995
2012-02-08,1.193744995487801,1.1574549374596241
2012-02-09,1.2035740358301437,1.166985173245103
2012-02-10,1.196735989337585,1.160355004569794
2012-02-13,1.1986484403169013,1.1622093167026415
2012-02-14,1.2043967600151362,1.1677828864700268
2012-02-15,1.230170166831378,1.1927727771815055
2012-02-16,1.2279464118744483,1.1906166247667709
2012-02-17,1.237363927251617,1.1997478460184685
2012-02-21,1.2468927389584175,1.2089869801717827
2012-02-22,1.2242549569295882,1.1870373907021354
2012-02-23,1.2193515121004874,1.1822830114591176
2012-02-24,1.2073432353330675,1.1706397884195503
2012-02-27,1.1744095112863684,1.1387072553820332
2012-02-28,1.1953794770975004,1.1590397305406293
2012-02-29,1.197536562838436,1.1611312404952738
2012-03-01,1.1874295531264771,1.1513314856579528
2012-03-02,1.1917881345584163,1.1555575654470087
2012-03-05,1.1742204703986725,1.1385239613706046
2012-03-06,1.1613337669905515,1.1260290160148654
2012-03-07,1.160900199923021,1.1256086294625198
2012-03-09,1.1860507816204668,1.1499946290484655
2012-03-12,1.1918325445084836,1.1556006253267757
2012-03-13,1.2073877538649203,1.1706829535801968
2012-03-14,1.215037449200401,1.1781000968307083
2012-03-15,1.1964913545759652,1.160117806747997
2012-03-16,1.182570626829229,1.146620271575582
2012-03-19,1.1690390561999555,1.1335000630757455
2012-03-20,1.1729974051723613,1.137338077542501
2012-03-21,1.193033459050654,1.1567650318554366
2012-03-22,1.1626792038885652,1.1273335513943081
2012-03-23,1.1737423847992898,1.138060409657613
2012-03-26,1.1528501635462223,1.1178033156088287
2012-03-27,1.1659480585261806,1.1305030322754401
2012-03-28,1.1551851062509984,1.1200672756443002
2012-03-29,1.1516493575858373,1.116639014361048
2012-03-30,1.1776005127841345,1.141801249872474
2012-04-02,1.1825706268292293,1.146620271575582
2012-04-03,1.1915990936707206,1.1553742714355808
2012-04-04,1.1836825043076944,1.1476983477829494
2012-04-09,1.1640022729388675,1.1286163989125475
2012-04-10,1.1660481709319566,1.130600101246455
2012-04-11,1.1623233813790994,1.1269885459517743
2012-04-12,1.1734421561637474,1.1377693080254478
2012-04-13,1.158009318479013,1.122805631323365
2012-04-16,1.162178859023256,1.1268484171009925
2012-04-17,1.176299702999759,1.1405399849345579
2012-04-18,1.1785901271726826,1.1427607798093828
2012-04-19,1.1857950715167775,1.1497466925769473
2012-04-20,1.176555413103449,1.1407879214060765
2012-04-23,1.1564860246171595,1.121328645863096
2012-04-24,1.1613893608644754,1.1260829198252342
2012-04-25,1.1567973285947728,1.121630486144983
2012-04-26,1.1539064471507643,1.118827488005828
2012-04-27,1.15426226966023,1.1191724934483613
2012-04-30,1.1670599360046459,1.1315811084828078
2012-05-02,1.1650585565434093,1.1296405713095465
2012-05-03,1.1537730001369917,1.118698097804768
2012-05-04,1.1311908119820857,1.0968024121454891
2012-05-07,1.1372616195817893,1.1026886661253628
2012-05-08,1.1118664031227243,1.0780654687176205
2012-05-09,1.1062735725406185,1.0726426611698592
2012-05-10,1.1042500423952406,1.0706806466971543
2012-05-11,1.0960665590046688,1.0627459426424029
2012-05-14,1.0913744143291904,1.0581964399911368
2012-05-15,1.0991575566784437,1.065742973442708
2012-05-16,1.080355751950318,1.047512746888478
2012-05-17,1.0830131825565628,1.0500893911364377
2012-05-18,1.0877386618400382,1.054671215017749
2012-05-22,1.080856096815627,1.0479978811817934
2012-05-23,1.0753300440313,1.0426398213750017
2012-05-24,1.0943987427869712,1.0611288283313516
2012-05-25,1.0941763672912783,1.0609132130898782
2012-05-28,1.108686368385244,1.074982107596022
2012-05-29,1.1096759827737914,1.0759416375329307
2012-05-30,1.1009254853019166,1.0674571567247737
2012-05-31,1.0950325346660532,1.0617433528257267
2012-06-01,1.076653221663387,1.0439227741741204
2012-06-04,1.078109737727462,1.0453350118934197
2012-06-05,1.0814787047708532,1.0486015617455668
2012-06-06,1.1112326112436421,1.0774509442232447
2012-06-07,1.122918400109593,1.0887814830503235
2012-06-08,1.1270768653117653,1.0928135301782291
2012-06-11,1.1239080144981406,1.0897410129872322
2012-06-12,1.1376507766992514,1.1030659927979407
2012-06-13,1.1388850258494183,1.1042627205566462
2012-06-14,1.124052536853984,1.089881141838014
2012-06-15,1.1427987477081862,1.1080574645818755
2012-06-18,1.126165104063067,1.091929486632012
2012-06-19,1.1349711954088653,1.1004678712505374
2012-06-20,1.1386848010378665,1.1040685826146164
2012-06-21,1.1485694352541325,1.113652722210464
2012-06-22,1.144355376178037,1.10956677127219
2012-06-25,1.137372807329635,1.102796473746099
2012-06-26,1.1387403949117896,1.1041224864249848
2012-06-27,1.143432539587268,1.1086719890762509
2012-06-28,1.1450447619310418,1.1102351995769335
2012-06-29,1.1738979824972031,1.138211277158116
2012-07-02,1.1738313132812093,1.138146634698026
2012-07-03,1.1759105458822956,1.140162658261979
2012-07-04,1.1791571412539847,1.143310556562788
2012-07-05,1.1846609347723855,1.1486470337892563
2012-07-06,1.1823594352573914,1.1464155002647096
2012-07-09,1.1730640743883547,1.137402720002591
2012-07-10,1.1886748776187144,1.1525389520663802
2012-07-11,1.1799910493628334,1.1441191137183135
2012-07-12,1.1641913138265627,1.1287996929239754
2012-07-13,1.162412309861019,1.1270747709921878
2012-07-16,1.1557410449902303,1.1206063137479838
2012-07-17,1.1547626145255383,1.1196576277416765
2012-07-18,1.1599772547504672,1.1247137419857016
2012-07-19,1.1658480547021892,1.1304060685853048
2012-07-20,1.157486714347777,1.1222989144497264
2012-07-23,1.1381067116144925,1.1035080672114896
2012-07-24,1.1403860604453453,1.1057181234365927
2012-07-25,1.1362498545090993,1.1017076588890102
2012-07-26,1.1214396247795912,1.0873476627507013
2012-07-27,1.1340816934260929,1.0996054102846438
2012-07-30,1.1563080590715331,1.121156090501389
2012-07-31,1.1628014669784814,1.132898339696057
2012-08-01,1.1653587851789504,1.1348234435777496
2012-08-02,1.1625234976088652,1.132062447698422
2012-08-03,1.159843916318479,1.1294530782012542
2012-08-06,1.1747096313401253,1.1439292739674531
2012-08-07,1.186751351297327,1.1556554704678144
2012-08-08,1.1870403960090137,1.1559369414784904
2012-08-09,1.1836936882315485,1.152677925892069
2012-08-10,1.1831265655684604,1.1521256632742025
2012-08-13,1.189241891700017,1.1580807524256935
2012-08-14,1.1964580199679673,1.16510779991912
2012-08-16,1.1925887080592668,1.161339873748783
2012-08-17,1.1933335791044104,1.1620652272924483
2012-08-21,1.2054975621515291,1.173910483281172
2012-08-22,1.2036852235779885,1.1721456325527
2012-08-23,1.204241162317221,1.1726870042937447
2012-08-24,1.1978701260819746,1.166482905288707
2012-08-27,1.1897644958312523,1.158589663009609
2012-08-29,1.175877102692513,1.145066154623647
2012-08-30,1.181936834950146,1.1509671066010334
2012-08-31,1.1693615441014233,1.1387213201132713
2012-09-03,1.1683052604968818,1.1376927138052866
2012-09-04,1.1728083642846643,1.1420778249077481
2012-09-05,1.1620676712754083,1.1316185651654331
2012-09-06,1.1648917749216379,1.134368670167939
2012-09-07,1.1879521572577116,1.1568248122811373
2012-09-10,1.1926998958071133,1.161448148096992
2012-09-11,1.1986039217850475,1.1671974736922188
2012-09-12,1.2077213171084589,1.1760759702453507
2012-09-13,1.2086886722310803,1.1770179782221022
2012-09-14,1.2403326618354744,1.2078328154276952
2012-09-17,1.2475265308374985,1.2148381869041462
2012-09-18,1.2453138512226396,1.2126834850801214
2012-09-20,1.235129096952616,1.2027655970788511
2012-09-21,1.2655722805966252,1.2324110924711213
2012-09-24,1.260780132097156,1.2277445103579838
2012-09-25,1.2617363032959217,1.2286756274579134
2012-09-26,1.2594125445150013,1.2264127570223478
2012-09-27,1.2563103629173706,1.2233918604126515
2012-09-28,1.2682741211529378,1.2350421379852645
2012-10-01,1.2717209413361785,1.238398642779741
2012-10-03,1.2744895596902697,1.2410947163448105
2012-10-04,1.287020440588925,1.2532972565352902
2012-10-05,1.2779808984053633,1.2444945731732382
2012-10-08,1.2622033135532338,1.2291304008677244
2012-10-09,1.2685632744464095,1.2353237147326086
2012-10-10,1.2568996362645997,1.223965693310825
2012-10-11,1.269330404757479,1.236070744293249
2012-10-12,1.2622143888953041,1.2291411860078778
2012-10-15,1.2647050378797793,1.231566573702425
2012-10-16,1.2559767996738307,1.2230670373680244
2012-10-17,1.2587008994960693,1.2257197588991429
2012-10-18,1.2716987906520367,1.2383770724994334
2012-10-19,1.2640379113927003,1.230916927613171
2012-10-22,1.2713540434846415,1.2380413585779846
2012-10-23,1.2656278744705478,1.232465229645225
2012-10-25,1.268718872144323,1.2354752353780996
2012-10-29,1.2598906301143835,1.2268783155723118
2012-10-30,1.2448357656232563,1.212217926530156
2012-10-31,1.2496836165784337,1.2207407923558837
2012-11-01,1.2553207485288223,1.2314390693193893
2012-11-02,1.2670289052424846,1.254092269176679
2012-11-05,1.2684743459644887,1.254895905505228
2012-11-06,1.2729662658284155,1.2593397414117502
2012-11-07,1.2809051144573682,1.2671936082799238
2012-11-08,1.2761573759079665,1.262496692110505
2012-11-09,1.2644826623840861,1.2509469510805242
2012-11-12,1.2639156483027831,1.2503860066268546
2012-11-15,1.2521964162470502,1.23879222361564
2012-11-16,1.2395320883346224,1.2262634615686647
2012-11-19,1.2389428149873931,1.2241681008342198
2012-11-20,1.23897614959539,1.2239182173574785
2012-11-21,1.2485938897841105,1.2426042255804075
2012-11-22,1.2514736958860482,1.2480156951949495
2012-11-23,1.2512179857823584,1.24718377930443
2012-11-26,1.2532860344595889,1.250984846727666
2012-11-27,1.2736445762393502,1.2913044940371305
2012-11-29,1.2953372624114845,1.3126523112904682
2012-11-30,1.3075345800666003,1.3250126730866887
2012-12-03,1.30555545987129,1.3230070975705028
2012-12-04,1.309624888009757,1.327130922621011
2012-12-05,1.3121266123363027,1.3296660880290827
2012-12-06,1.3188868056890117,1.336516646325139
2012-12-07,1.3136609815402271,1.3312209674727224
2012-12-10,1.3139945447837666,1.331558989527132
2012-12-11,1.3117485305609107,1.32928295235413
2012-12-12,1.3093469186401407,1.3268492375756695
2012-12-13,1.3012302130473479,1.3186240342517035
2012-12-14,1.307478986192677,1.3249563360776202
2012-12-17,1.3026533945034258,1.320066239677207
2012-12-18,1.3113037795695248,1.328832256281584
2012-12-19,1.318597760977325,1.3362237378912722
2012-12-20,1.3156623610014637,1.3332490997991797
2012-12-21,1.3003852295964284,1.3177677557271543
2012-12-24,1.3021753089040426,1.3195817634058638
2012-12-26,1.3132607490806936,1.330815385020719
2012-12-27,1.3053664189835936,1.322815529733026
2012-12-28,1.313872281693849,1.3314350921204696
2012-12-31,1.313149561332847,1.3307027110025822
2013-01-02,1.3327519395618241,1.3505671183934065
2013-01-03,1.3363655413668347,1.3542290239828434
2013-01-04,1.337844316696836,1.355727566417415
2013-01-07,1.3316733966913563,1.3494741584108383
2013-01-08,1.3346310559331438,1.3524713533132025
2013-01-09,1.3279152725305023,1.3456657986044682
2013-01-10,1.3272814806514204,1.345023534694446
2013-01-11,1.3234232440847906,1.3411137242584645
2013-01-14,1.3396010613964535,1.3575077938973283
2013-01-15,1.3468394489303301,1.3648429384979481
2013-01-16,1.3346643905411406,1.352505133511999
2013-01-17,1.3429701370216296,1.3609219046734413
2013-01-18,1.3485739343640213,1.3666006091675895
2013-01-21,1.3525544340205684,1.3706343170102329
2013-01-22,1.3450381856988605,1.3630175973974925
2013-01-23,1.3463279201411655,1.3643245719945878
2013-01-24,1.3385559617157676,1.3564487241467775
2013-01-25,1.3508532831948743,1.3689104265393885
2013-01-28,1.3508866178028711,1.3689442067381852
2013-01-29,1.3453494896764735,1.3633330626416307
2013-01-30,1.3466504080426343,1.3646513706604722
2013-01-31,1.341980522633082,1.3599190618987382
2013-02-01,1.3340083393961326,1.3518403127917056
2013-02-04,1.3314176865876666,1.3492150301757688
2013-02-05,1.3246685685770283,1.3423756952682377
2013-02-06,1.3251800973661931,1.3428940617715983
2013-02-07,1.3206435503886287,1.3382968738050516
2013-02-08,1.3127937388233812,1.3303421321379014
2013-02-11,1.311537338989073,1.3267874284713108
2013-02-12,1.3170188732415473,1.337535744719679
2013-02-13,1.3193427406042526,1.3419108837977425
2013-02-14,1.311337222759306,1.3252798420011183
2013-02-15,1.3092134716263673,1.3206453406757959
2013-02-18,1.3116151921289223,1.3251500820090034
2013-02-19,1.32084377520018,1.3434559077462582
2013-02-20,1.3215886462453232,1.3446246270916766
2013-02-21,1.3013969946691166,1.3031905940777584
2013-02-22,1.3009633190198013,1.3019859069551782
2013-02-25,1.301952933408349,1.303630861754677
2013-02-26,1.2811830838269838,1.2617013731478652
2013-02-27,1.2890884892661545,1.2769463254873927
2013-02-28,1.2659947723220837,1.2308645685369728
2013-03-01,1.271921166147729,1.2420709671999208
2013-03-04,1.2672067622063243,1.2325430647147917
2013-03-05,1.2862754609619955,1.2693193182389826
2013-03-06,1.2939140809554057,1.2840677643972125
2013-03-07,1.30385420046381,1.3034655125186576
2013-03-08,1.3221780281743378,1.3211321450132911
2013-03-11,1.3214330485474095,1.3203877546879776
2013-03-12,1.3151509407940836,1.314110616273557
2013-03-13,1.3011635438313534,1.3001342837685916
2013-03-14,1.3140057287076217,1.312966310084797
2013-03-15,1.3059223577228256,1.3048893332930804
2013-03-18,1.2976166112423366,1.2965901569114728
2013-03-19,1.2777585229096693,1.2767477769325637
2013-03-20,1.2662950009576264,1.2652933229761465
2013-03-21,1.2583673362525294,1.257371929295711
2013-03-22,1.2567217793007586,1.2557276740296963
2013-03-25,1.2528302081261318,1.2518391812066036
2013-03-26,1.2545536182177521,1.2535612280282589
2013-03-28,1.2636598296173076,1.2626602361367592
2013-04-01,1.2685187559145557,1.267515318875056
2013-04-02,1.278236608509052,1.2772254843516502
2013-04-03,1.2615139278002274,1.2605160317934894
2013-04-04,1.2396877946143205,1.2387071637448661
2013-04-05,1.234906721456922,1.2339298725622097
2013-04-08,1.2326162972839985,1.2316412601846896
2013-04-09,1.2219756080987334,1.2210089881092263
2013-04-10,1.2361187113411625,1.2351409037254728
2013-04-11,1.24396852290641,1.242984505850268
2013-04-12,1.2294140032805918,1.2284414992935444
2013-04-15,1.2382756885003132,1.2372961746498796
2013-04-16,1.2650831196551704,1.264082400308776
2013-04-17,1.265027525781247,1.2640268504113032
2013-04-18,1.2860197508583053,1.285002469997835
2013-04-22,1.29742757035464,1.296401265560886
2013-04-23,1.2979835090938725,1.2969567645356137
2013-04-25,1.3156401017355366,1.3145993902737807
2013-04-26,1.3056666476191354,1.304633825463884
2013-04-29,1.3129271858371534,1.3118886203746465
2013-04-30,1.3187312079910964,1.3176880513699802
2013-05-02,1.3341084518019075,1.3330531313117644
2013-05-03,1.3217999463989452,1.3207543623121187
2013-05-06,1.3278151601247257,1.3267648178203129
2013-05-07,1.3439373835624653,1.3428742880874107
2013-05-08,1.349663552576559,1.348595927527104
2013-05-09,1.345405083550396,1.34434082707987
2013-05-10,1.3553230523746589,1.3542509504881874
2013-05-13,1.3299055766496677,1.3288535807620032
2013-05-14,1.3332300251612064,1.3321753995333376
2013-05-15,1.3668865781506927,1.3658053291625196
2013-05-16,1.3720345491596277,1.3709492279693176
2013-05-17,1.3759038610683283,1.3748154791342424
2013-05-20,1.3691436677156195,1.3680606333007346
2013-05-21,1.359626039932675,1.3585505342517572
2013-05-22,1.355267458500736,1.3541954005907149
2013-05-23,1.3269256581419544,1.325876019460749
2013-05-24,1.330594853820888,1.3295423126939505
2013-05-27,1.3527434749082636,1.351673413546273
2013-05-28,1.358992248053593,1.357917243721389
2013-05-29,1.357446694925813,1.3563729131732891
2013-05-30,1.3618386109657488,1.3607613550736364
2013-05-31,1.3311286418759791,1.3300756785064036
2013-06-03,1.3207547381364746,1.3197099808412736
2013-06-04,1.3163406714123973,1.315299405778652
2013-06-05,1.3173191018770893,1.3162770622749937
2013-06-06,1.3167742384799275,1.3157326298814034
2013-06-07,1.307790290170289,1.3067557881489855
2013-06-10,1.30712316368321,1.3060891893793125
2013-06-11,1.2872872260346842,1.2862689425626777
2013-06-12,1.2809273737232936,1.2799141210885097
2013-06-13,1.2673402092200967,1.2663377044469908
2013-06-14,1.291645807466623,1.29062407622372
2013-06-17,1.3009077251458778,1.3081550475578914
2013-06-18,1.2928022034769404,1.2915162719829996
2013-06-19,1.2947257297983277,1.2950263688214878
2013-06-20,1.257733544373447,1.2206907840096297
2013-06-21,1.2603464564478393,1.2226163952221911
2013-06-24,1.2431346147975613,1.2059198117661571
2013-06-25,1.2473264146077305,1.2099861247606383
2013-06-26,1.2427899762119512,1.205585490371403
2013-06-27,1.2636154196672398,1.225787497903498
2013-06-28,1.2991621643701161,1.2602701059579546
2013-07-01,1.311759714484765,1.2724905325168645
2013-07-02,1.302575541363575,1.2635812992048012
2013-07-03,1.283306726378137,1.244889320505471
2013-07-04,1.2979946930177277,1.259137584333381
2013-07-05,1.3048771494603537,1.2658140057594964
2013-07-08,1.2923462685616984,1.2536582525894897
2013-07-09,1.3028980292650432,1.2638941330240887
2013-07-10,1.293491589229945,1.2547692866385969
2013-07-11,1.3198208262036342,1.2803103246865386
2013-07-12,1.3362543536189868,1.2962518937261902
2013-07-15,1.3411020959923794,1.3009545128157283
2013-07-16,1.3243016707254904,1.284657029474604
2013-07-17,1.3283155049900344,1.2885507045465894
2013-07-18,1.3427143183361536,1.3025184712496634
2013-07-19,1.340746382064699,1.3006094476332413
2013-07-22,1.3413244714880725,1.3011702312204092
2013-07-23,1.3515537442899486,1.3110932778357203
2013-07-24,1.3321404069486673,1.292261103239598
2013-07-25,1.3136832408061516,1.2743564756511019
2013-07-26,1.3089466861806056,1.2697617157639043
2013-07-29,1.2968160377414837,1.2579942135898219
2013-07-30,1.279782053055046,1.2414701627250315
2013-07-31,1.276880096268967,1.2386550796764495
2013-08-01,1.2737335047212688,1.2356026853164683
2013-08-02,1.2626258052786916,1.2248275088701677
2013-08-05,1.2642936214963887,1.2264453969052727
2013-08-06,1.2324605910042987,1.1955653283414842
2013-08-07,1.2273126199953637,1.1905714683393769
2013-08-08,1.2376641558871568,1.2006131179447614
2013-08-12,1.2480602103108027,1.2106979533635833
2013-08-13,1.2673846191701639,1.2294438616640837
2013-08-14,1.276946765484961,1.2387197530653529
2013-08-16,1.224810895668818,1.1881446362867194
2013-08-19,1.2041077153034465,1.168061231744698
2013-08-20,1.2011501646434442,1.1651922190949457
2013-08-21,1.1791571412539825,1.143857584607025
2013-08-22,1.2027067931132949,1.1667022479277105
2013-08-23,1.2167831185579452,1.1803571808114965
2013-08-26,1.2178394021624868,1.1813818432337297
2013-08-27,1.175799358134447,1.1406003209613487
2013-08-28,1.1752544947372852,1.14007176873738
2013-08-29,1.2028401315452828,1.1668315947055172
2013-08-30,1.216794193900016,1.1803679245992298
2013-09-02,1.234350782717689,1.1973989347812701
2013-09-03,1.187807634901867,1.1522491148141054
2013-09-04,1.211523959801164,1.1752554616070492
2013-09-05,1.243735072068646,1.2065022935912957
2013-09-06,1.263181744017924,1.2253668048818693
2013-09-10,1.3112927042274527,1.2720375028007844
2013-09-11,1.31493964064046,1.2755752635712971
2013-09-12,1.301052356083506,1.26210371239774
2013-09-13,1.3010300968175796,1.2620821194910217
2013-09-16,1.2987951579367945,1.2599140863252296
2013-09-17,1.3009411683356593,1.2619958531953999
2013-09-18,1.3118931614985374,1.2726199846259232
2013-09-19,1.3599484192523577,1.3192366476124158
2013-09-20,1.336943739371992,1.296920641846951
2013-09-23,1.3097360757576015,1.2705274739680197
2013-09-24,1.3103365330286867,1.2711099557931584
2013-09-25,1.3062003270924407,1.2670975723998474
2013-09-26,1.3080682595399045,1.2689095859329147
2013-09-27,1.2971607849088789,1.2583286403158285
2013-09-30,1.2753901370151104,1.2372097242325883
2013-10-01,1.2853414404473704,1.2468631228420488
2013-10-03,1.3141725103293904,1.2748310982739004
2013-10-04,1.3136387222742993,1.274313289837665
2013-10-07,1.3133830121706094,1.2740652347385326
2013-10-08,1.3183308669497775,1.2788649692426777
2013-10-09,1.3359097150333767,1.2959175723314365
2013-10-10,1.3389117842252318,1.2988297707946257
2013-10-11,1.355645540276127,1.3150625807468466
2013-10-14,1.3593147359550606,1.3186219344240777
2013-10-15,1.354055468616494,1.3135201098883778
2013-10-17,1.3444489123516292,1.3042011380049239
2013-10-18,1.3763597959835687,1.335156729076601
2013-10-21,1.379828875432736,1.3385219572558702
2013-10-22,1.3793506812515681,1.338058078420805
2013-10-23,1.3739136655309463,1.3327838266251137
2013-10-24,1.3708004085912449,1.3297637689595843
2013-10-25,1.3664751617673028,1.325568003856044
2013-10-28,1.356735158488665,1.3161195798635312
2013-10-29,1.3833756994399677,1.3419626026117757
2013-10-30,1.3902249298563818,1.3486067926746919
2013-10-31,1.4007765819779419,1.3588425677780387
2013-11-01,1.4025667698673412,1.3605791641344696
2013-11-05,1.3905473091760658,1.3489195211627276
2013-11-06,1.3820970403397335,1.3407222217848618
2013-11-07,1.375892785726257,1.3347036993605215
2013-11-08,1.3655523251765345,1.32467279354287
2013-11-11,1.3517761197856417,1.311308996240401
2013-11-12,1.3382668084222944,1.2982041031560498
2013-11-13,1.3319402907189006,1.292066977741636
2013-11-14,1.346739336524553,1.3064229954406341
2013-11-18,1.3762819428437194,1.3350812065687125
2013-11-19,1.3794730529232704,1.3381767867421308
2013-11-20,1.361582900862058,1.3208221989530695
2013-11-21,1.334041674004128,1.2941054534671173
2013-11-22,1.3332412090850614,1.2933289514752686
2013-11-25,1.35990400930229,1.3191935671302313
2013-11-26,1.3473953876695612,1.3070594068669432
2013-11-27,1.3469506366781754,1.306627970057582
2013-11-28,1.354678185153506,1.3141241846202356
2013-11-29,1.3734133206656376,1.3322984602145826
2013-12-02,1.3826974976108186,1.341304703610001
2013-12-03,1.3791394896797313,1.33785320913511
2013-12-04,1.3700443536222464,1.3290303474499208
2013-12-05,1.3878677278856801,1.3463201565188267
2013-12-06,1.3920483437719937,1.3503756203943225
2013-12-09,1.4151753953240613,1.372810334481113
2013-12-10,1.408270679615509,1.3661123201482788
2013-12-11,1.4027223675652556,1.360730103818995
2013-12-12,1.3869670419790525,1.3454464337811185
2013-12-13,1.371700985916088,1.3306373863660406
2013-12-16,1.3686545067741656,1.3276821074206666
2013-12-17,1.365174243401143,1.3243060301224123
2013-12-18,1.38254179133112,1.3411536585942236
2013-12-19,1.3713118287986257,1.3302598791578495
2013-12-20,1.3952394538515451,1.353471200567741
2013-12-23,1.3975188026823981,1.355682314215718
2013-12-24,1.3939385354853844,1.3522092268341086
2013-12-26,1.3962734781901607,1.354474270083256
2013-12-27,1.4040343612734878,1.362002821340361
2013-12-30,1.3989865026703285,1.3571060767528609
2013-12-31,1.4018551248484108,1.3598888231069912
2014-01-02,1.3834312933138921,1.3420165322129465
2014-01-03,1.3812075383569626,1.3398593481661396
2014-01-06,1.3768268062408824,1.3356097587926816
2014-01-07,1.370333398333934,1.329310739243505
2014-01-08,1.373079757422099,1.331974882607562
2014-01-09,1.3716899105740181,1.3306266425783078
2014-01-10,1.3723792963270232,1.3312953906990683
2014-01-13,1.3949058906080056,1.35314762296072
2014-01-14,1.3880345095074502,1.3464819453223376
2014-01-15,1.4056132490092645,1.3635344430798442
2014-01-16,1.4051684980178787,1.3631030062704828
2014-01-17,1.3924375008894567,1.350753127602514
2014-01-20,1.40184404950634,1.3598780793192582
2014-01-21,1.4040343612734876,1.362002821340361
2014-01-22,1.4096271918555936,1.367428223483082
2014-01-23,1.4111170425276656,1.3688734735956911
2014-01-24,1.3935716376338483,1.3518533125326362
2014-01-27,1.364462706963997,1.323615794426186
2014-01-28,1.3623278804889876,1.321544876675001
2014-01-29,1.3609936275148298,1.320250566246917
2014-01-30,1.3506420916230366,1.3102089166415325
2014-01-31,1.3541555810222712,1.3136172253029863
2014-02-03,1.3346532066172847,1.29469867907999
2014-02-04,1.334453090387518,1.2933291286884137
2014-02-05,1.3392341635449165,1.3022630006754672
2014-02-06,1.3423251612186915,1.30793843346746
2014-02-07,1.34830714891826,1.319258559213271
2014-02-10,1.3461389878352537,1.3146753759503873
2014-02-11,1.3481959611704135,1.3183540636365414
2014-02-12,1.3529325157959595,1.3272774369225635
2014-02-13,1.3344976089193703,1.2907644163228686
2014-02-14,1.3450048510908628,1.3107572938839969
2014-02-18,1.3625169213766832,1.3445515304514541
2014-02-19,1.3682208311248507,1.349507955850326
2014-02-20,1.3545892566715863,1.3360628176409315
2014-02-21,1.3688212883959354,1.3501002007906482
2014-02-24,1.3756370756225675,1.3568227698953454
2014-02-25,1.3787391486384133,1.3598824164957197
2014-02-26,1.3873561990965155,1.36838161332465
2014-02-28,1.39583991112263,1.376749295363939
2014-03-03,1.383498071111671,1.364576252163794
2014-03-04,1.4005097965321824,1.3813553117099402
2014-03-05,1.4073366591008853,1.3880888046815296
2014-03-06,1.4234588825386247,1.4039905277808182
2014-03-07,1.4513670072480909,1.4315169588009662
2014-03-10,1.4537242092187932,1.4338419218044849
2014-03-11,1.4480869686866196,1.4282817806531798
2014-03-12,1.4491988461650844,1.4293784512117516
2014-03-13,1.443906352800306,1.4241583421916444
2014-03-14,1.4463747425188547,1.4265929722510202
2014-03-18,1.449143252291161,1.4293236176838229
2014-03-19,1.4507888092429317,1.430946668691162
2014-03-20,1.441682597843376,1.4219650010745009
2014-03-21,1.4439286120662318,1.4241802970221624
2014-03-24,1.4640090758945918,1.4439861244712724
2014-03-25,1.4653989227426727,1.4453569626694869
2014-03-26,1.4679895755511387,1.447912183651612
2014-03-27,1.4769624485187067,1.456762336478632
2014-03-28,1.4890040598941234,1.468639257208616
2014-03-31,1.4908498416574458,1.4704597945938853
2014-04-01,1.4945967818944441,1.4741554886988844
2014-04-02,1.5016016100087726,1.481064513217886
2014-04-03,1.4979435982536944,1.4774565313382257
2014-04-04,1.4886594213085134,1.4682993321741526
2014-04-07,1.4888150190064273,1.468452801794312
2014-04-09,1.511308387261198,1.4906385328716034
2014-04-10,1.5113527972112657,1.4906823354359058
2014-04-11,1.5068830280314802,1.486273698371101
2014-04-15,1.4972764717666154,1.4767985290030825
2014-04-16,1.4844231029664914,1.4641209530879538
2014-04-17,1.5075724137844855,1.4869536555367622
2014-04-21,1.516078276494741,1.4953431853098351
2014-04-22,1.5155668562873612,1.4948387596915858
2014-04-23,1.521226247503676,1.5004207485766747
2014-04-25,1.5083173934114138,1.4876884462303517
2014-04-28,1.503536320254015,1.4829727628284937
2014-04-29,1.493307047452139,1.4728833936896346
2014-04-30,1.4891152476419698,1.4687489242644727
2014-05-02,1.488759425132504,1.468397968266383
2014-05-05,1.489771298786978,1.4693960027327237
2014-05-06,1.4933181227942096,1.4728943175565266
2014-05-07,1.4793640604394764,1.4591311020464526
2014-05-08,1.4809874667071061,1.4607323053200079
2014-05-09,1.5252290064261493,1.5043687625875328
2014-05-12,1.5597973206643339,1.5384642930922188
2014-05-13,1.5808118050073183,1.5591913666492225
2014-05-14,1.5808118050073183,1.5591913666492225
2014-05-15,1.58401399042894,1.562349756438562
2014-05-16,1.60177069547638,1.579863606678298
2014-05-19,1.6152354883078746,1.5931442443039068
2014-05-20,1.6178929189141196,1.5957653297775867
2014-05-21,1.6128672109951017,1.5908083574334961
2014-05-22,1.618093035143886,1.5959627090587827
2014-05-23,1.6382625360359513,1.615856355829966
2014-05-26,1.636472348146552,1.614090651972625
2014-05-27,1.62734387748107,1.6050870295254456
2014-05-28,1.629934530289536,1.6076422505075707
2014-05-29,1.609031233694398,1.5870248440064239
2014-05-30,1.6077637585180191,1.5857747038276928
2014-06-02,1.6372395870394065,1.614847397496733
2014-06-03,1.6491033414509828,1.6265488937760393
2014-06-04,1.6460790129932015,1.6235659284373776
2014-06-05,1.6620567140750975,1.6393251057833989
2014-06-06,1.686362312321624,1.6632982813550812
2014-06-09,1.7021954910476764,1.678914912947835
2014-06-10,1.7025957235072096,1.679309671510227
2014-06-11,1.6960245710421966,1.6728283913477622
2014-06-12,1.7011502827852052,1.6778839997840835
2014-06-13,1.6771782477822184,1.6542398253799728
2014-06-16,1.6752768721449727,1.6523644544667748
2014-06-17,1.6971031139126647,1.6738921832089235
2014-06-18,1.6807585149792321,1.6577711259979204
2014-06-19,1.6768669438046053,1.6539327790429197
2014-06-20,1.6703624605555865,1.6475172562752758
2014-06-23,1.666337442367187,1.6435472874338997
2014-06-24,1.6856507758844774,1.6625964764556358
2014-06-25,1.6832157207739256,1.6601947250936702
2014-06-26,1.66630410775919,1.6435144087364892
2014-06-27,1.669773078626572,1.6469359352018451
2014-06-30,1.6925777508589561,1.66942871261619
2014-07-01,1.6977702403997437,1.6745501855440663
2014-07-02,1.7178840388361007,1.6943888916905867
2014-07-03,1.7155824307393215,1.6921187622149965
2014-07-04,1.723765914129893,1.700190321784124
2014-07-07,1.7316713195690638,1.7079876066168747
2014-07-08,1.6952129221992744,1.6720278432593514
2014-07-09,1.6867181348310893,1.6636492373531704
2014-07-10,1.6828821575303858,1.6598657239260983
2014-07-11,1.6588322693875495,1.6361447611635407
2014-07-14,1.6576202795033088,1.634949347416004
2014-07-15,1.6737425029410484,1.6508510705152928
2014-07-16,1.695479707645035,1.672290979935368
2014-07-17,1.699048899499978,1.6758113566864234
2014-07-18,1.7042635397249069,1.680954677348084
2014-07-21,1.7087778274365448,1.6854072240739253
2014-07-22,1.727379515934904,1.7037545010994821
2014-07-23,1.7335837705483803,1.7098739013969648
2014-07-24,1.7413335782896369,1.7175177166095559
2014-07-25,1.7324052238539216,1.7087114734435724
2014-07-28,1.7231210469087406,1.6995542742794993
2014-07-30,1.7326164154257588,1.7089197765916606
2014-07-31,1.7170278714613256,1.6935444339411394
2014-08-01,1.6906319652716424,1.6675095391386894
2014-08-04,1.7086554557648426,1.6852865260544418
2014-08-05,1.7226428527275726,1.6990826202619262
2014-08-06,1.7060758782984473,1.6827422289392089
2014-08-07,1.7010057604293618,1.677741454030816
2014-08-08,1.683060014494226,1.660041148376776
2014-08-11,1.69582445481243,1.672631012066566
2014-08-12,1.7183065305615601,1.6948056050834972
2014-08-13,1.721086224257722,1.6975472814799262
2014-08-14,1.732683193223538,1.7089856410832158
2014-08-18,1.751040246960278,1.72709162916654
2014-08-19,1.756210477235139,1.7321911472638978
2014-08-20,1.7512736977980414,1.7273218871451461
2014-08-21,1.7547872957790613,1.7307874303682733
2014-08-22,1.759701815950233,1.735634735656507
2014-08-25,1.7581673381645235,1.7341212446082908
2014-08-26,1.7578226995789135,1.7337813195738272
2014-08-27,1.7647830091613892,1.740646434431792
2014-08-28,1.7688525458816413,1.7446603129342046
2014-09-01,1.7851638102070766,1.760748491447797
2014-09-02,1.7974722070282536,1.7728885488537975
2014-09-03,1.8044882190664375,1.7798086043364252
2014-09-04,1.8003409377881208,1.7757180445722998
2014-09-05,1.7983172990609577,1.7737220827363525
2014-09-08,1.8176750425283157,1.792815074322391
2014-09-09,1.8130163410426192,1.7882200889400164
2014-09-10,1.7999295214047317,1.7753122550462814
2014-09-11,1.7980615889572678,1.773469869927228
2014-09-12,1.8024645803392743,1.7778126425004779
2014-09-15,1.7883437363627712,1.763884926406618
2014-09-16,1.7640825480663125,1.7399555533992381
2014-09-17,1.7735557658991894,1.749299207977615
2014-09-18,1.804521553674434,1.779841483033835
2014-09-19,1.8060115129282908,1.7813110644210148
2014-09-22,1.811537457130833,1.7867614314197287
2014-09-23,1.7829066120603645,1.758522164536509
2014-09-24,1.779537645016973,1.7551992741633837
2014-09-25,1.7594015873146898,1.735338613186345
2014-09-26,1.7720769905691884,1.7478406575540617
2014-09-29,1.7698643109543295,1.7456582403038103
2014-09-30,1.771176304662561,1.7469522901435781
2014-10-01,1.7668955763704715,1.7427301084930773
2014-10-07,1.7461813206630294,1.7222991574062347
2014-10-08,1.744024343503879,1.7201716807806464
2014-10-09,1.7702312088058663,1.7460201201687926
2014-10-10,1.7478603208045826,1.7239551942077187
2014-10-13,1.7532640019172077,1.7292849702836834
2014-10-14,1.7487608981294254,1.7248434545214684
2014-10-16,1.7230098591608947,1.6994446072236429
2014-10-17,1.730014687275223,1.7119745851506152
2014-10-20,1.7521854590467398,1.755412166916981
2014-10-21,1.7629373359798515,1.7765027357776957
2014-10-22,1.7780922042949696,1.806587473990575
2014-10-27,1.77715829236213,1.8047353016770904
2014-10-28,1.7851415509411503,1.8128424402712695
2014-10-29,1.79911787256181,1.827035639112815
2014-10-30,1.8166299428476305,1.8448194525109243
2014-10-31,1.8506533936886531,1.8793708613986793
2014-11-03,1.8510870693379684,1.879811266599027
2014-11-05,1.8542335523038818,1.8830065750355995
2014-11-07,1.853944507592195,1.8827130450798346
2014-11-10,1.855556729935969,1.8843502850434701
2014-11-11,1.8596485259221476,1.8885055753714364
2014-11-12,1.864240449610065,1.8931687541202338
2014-11-13,1.8585809498119652,1.8874214331756884
2014-11-14,1.8657082581797806,1.8946593393726867
2014-11-17,1.8747922103134098,1.9038842515061551
2014-11-18,1.8737137760247269,1.9027890826403935
2014-11-19,1.864018074114372,1.8929429279183525
2014-11-20,1.868376764128096,1.8973692537952556
2014-11-21,1.8851548215472735,1.914407664300438
2014-11-24,1.8968964214507178,1.926331464186462
2014-11-25,1.881985970733649,1.9111896409236373
2014-11-26,1.884799107619593,1.914046430590789
2014-11-27,1.888901978947842,1.9182129681221691
2014-11-28,1.9098163508850508,1.9394518783023738
2014-12-01,1.9026225904648117,1.9321464888848916
2014-12-02,1.8956844315664774,1.925100667279532
2014-12-03,1.8985642376684153,1.928025160700568
2014-12-04,1.904512782178202,1.9340660116008783
2014-12-05,1.8987086514424738,1.9281718154117504
2014-12-08,1.8764600265311073,1.905577948020261
2014-12-09,1.854767340358973,1.8835486461334736
2014-12-10,1.8580918974522969,1.886924791958271
2014-12-11,1.8441378350975637,1.8727541977902538
2014-12-12,1.8288382272630321,1.840260730781125
2014-12-15,1.8278375375324138,1.8377721807368619
2014-12-16,1.794036570768869,1.7693287893587297
2014-12-17,1.7856307118826042,1.7522922309767481
2014-12-18,1.8144283385748423,1.8083601764725694
2014-12-19,1.8290829706064362,1.837104976718392
2014-12-22,1.8510536261481867,1.8807651494984348
2014-12-23,1.838378222893688,1.8545223156165926
2014-12-24,1.817719561060169,1.8123638064481298
2014-12-26,1.823634770961959,1.8236918941442064
2014-12-29,1.83377500670013,1.8435026041633802
2014-12-30,1.8342086823494455,1.8438990498627261
2014-12-31,1.841869561608782,1.8588261463799758
2015-01-02,1.866942398748163,1.9089540116931374
2015-01-05,1.8631509399793122,1.9041227571113892
2015-01-06,1.807323506636524,1.8470676447111547
2015-01-07,1.801708525370277,1.8413291866075219
2015-01-08,1.8311731699678089,1.871441776577813
2015-01-09,1.8422697940683157,1.882782422160248
2015-01-12,1.8508312506524947,1.8915321503578666
2015-01-13,1.845583275819569,1.8861687693812117
2015-01-14,1.8407242409405358,1.8812028813835018
2015-01-15,1.8888909036057726,1.9304287581211124
2015-01-16,1.8932604517979972,1.9348943953234328
2015-01-19,1.9014661944544953,1.9432805872287495
2015-01-20,1.9336882734822631,1.9762112492817636
2015-01-21,1.9412268896516824,1.9839156441846686
2015-01-22,1.9483207548297157,1.9911655077526322
2015-01-23,1.9648208428792773,2.0080284427276487
2015-01-27,1.9814768543721077,2.0250507299968485
2015-01-28,1.9823218378230272,2.0259142951454114
2015-01-29,1.9907831820014301,2.034561709404842
2015-01-30,1.9588835908751312,2.001960626957486
2015-02-02,1.9563262726746622,1.999347071781574
2015-02-03,1.9472421033774627,1.9900631361019225
2015-02-04,1.9399371552093772,1.9825975477011644
2015-02-05,1.9372686492610618,1.9798703596915173
2015-02-06,1.9260052435387853,1.9683592648584796
2015-02-09,1.8960512208362297,1.937746535062363
2015-02-10,1.9047683837001077,1.9466553936150366
2015-02-11,1.918522438406859,1.9607119083115705
2015-02-12,1.9372352060712794,1.979836181065745
2015-02-13,1.9581274273243467,2.001187834912434
2015-02-16,1.9589834861173365,2.0020627189565445
2015-02-18,1.9722704219849907,2.0156418425879132
2015-02-19,1.9780967034048604,2.021596247463469
2015-02-20,1.9643760918878908,2.007573911392707
2015-02-23,1.9468863894497814,1.9896995998096205
2015-02-24,1.9484762439458438,1.9913244161685582
2015-02-25,1.9496215646140906,1.992494923131683
2015-02-26,1.93107536140787,1.9735408776889831
2015-02-27,1.9668222223405132,2.010073833734883
2015-03-02,1.9917617210479064,2.035561767117363
2015-03-03,2.0005455531277785,2.044538760982452
2015-03-04,1.9841788035102048,2.0278120966322666
2015-03-05,1.9875365866297405,2.0312437194354214
2015-03-09,1.947286621909315,1.9901086336232414
2015-03-10,1.9373463938191258,1.9799498138994795
2015-03-11,1.9346557371866688,1.9771999880987365
2015-03-12,1.9515673502014044,1.9944834977220505
2015-03-13,1.9230476928787823,1.965336675868945
2015-03-16,1.9198010975070932,1.9620186858995254
2015-03-17,1.9398481181456715,1.9825065526585237
2015-03-18,1.9315314049048968,1.9740069498586
2015-03-19,1.9201346607506327,1.9623595844007313
2015-03-20,1.9059582229002066,1.94787139809948
2015-03-23,1.9015107129863476,1.943326084750068
2015-03-24,1.8997427843628745,1.941519278305851
2015-03-25,1.897040835224777,1.9387579116704319
2015-03-26,1.8550898282604422,1.8958843766655786
2015-03-27,1.8549230466386726,1.8941065181804713
2015-03-30,1.888479378640598,1.9621483136674893
2015-03-31,1.8881903339289112,1.9610415634892358
2015-04-01,1.9093715998936656,2.004532726421019
2015-04-06,1.9257496420168798,2.0384042982128943
2015-04-07,1.9258384619170148,2.0374791118497715
2015-04-08,1.9378691065321458,2.0502071716482124
2015-04-09,1.952078770408784,2.0652405682220025
2015-04-10,1.9525345967422407,2.0657228187593213
2015-04-13,1.964465128951596,2.078344962646517
2015-04-16,1.9361567717825965,2.048395573036131
2015-04-17,1.9137635159336017,2.024704182537461
2015-04-20,1.8786503382982553,1.9875554977451373
2015-04-21,1.8630063090416837,1.9710045857835479
2015-04-22,1.874558759475647,1.9832267305352163
2015-04-23,1.86757608204546,1.9758392680402421
2015-04-24,1.8468840856039443,1.953947758775186
2015-04-27,1.8265478030901092,1.932432584136203
2015-04-28,1.8425143202481498,1.9493246785884635
2015-04-29,1.8323184906360555,1.9385377978228033
2015-04-30,1.8193651180119408,1.9248335195712571
2015-05-04,1.8528215547716602,1.9602294223963554
2015-05-05,1.8512314831120276,1.9585471744524543
2015-05-06,1.8005743886258856,1.9049534936097867
2015-05-07,1.7917460380141612,1.895613364456083
2015-05-08,1.8215888729688703,1.927186185365514
2015-05-11,1.8513315955178036,1.9586530903636996
2015-05-12,1.8072345781546038,1.9119997736140897
2015-05-13,1.8313623194372899,1.9375261974817768
2015-05-14,1.8288605951107442,1.934879448463238
2015-05-15,1.8373440899732887,1.9438547306168166
2015-05-18,1.8620946563747711,1.9700400847089108
2015-05-19,1.8603156524092275,1.9681579520735053
2015-05-20,1.873124394095714,1.9817092151474174
2015-05-21,1.8726240492304047,1.9811798653437094
2015-05-22,1.8810632427246667,1.9901082779834183
2015-05-25,1.8613384928239873,1.969240086437856
2015-05-26,1.854467003141647,1.9619702572325948
2015-05-27,1.8534107195371055,1.9608527409803227
2015-05-28,1.8499417486697234,1.9571826742422895
2015-05-29,1.8754371861163492,1.9841560794744522
2015-06-01,1.8753815922424262,1.9840972628295959
2015-06-02,1.831584694932984,1.937761464061203
2015-06-03,1.8090469167281455,1.9139171732611577
2015-06-04,1.8080573023395978,1.9128701910322097
2015-06-05,1.8045104783323662,1.9091177580161256
2015-06-08,1.788821821962157,1.8925196319118878
2015-06-09,1.7839851549308352,1.887402583809379
2015-06-10,1.8066786394153729,1.9114116071655263
2015-06-11,1.7712986763342662,1.8739806714036475
2015-06-12,1.7752013228509635,1.8781095539220647
2015-06-15,1.7820949632174452,1.885402817884261
2015-06-16,1.7895222830572333,1.8932606986618272
2015-06-17,1.7993623987416467,1.903671244801414
2015-06-18,1.8178307488080179,1.9232102031484728
2015-06-19,1.8290273767325156,1.9350558983978081
2015-06-22,1.8575246662074263,1.9652051726996984
2015-06-23,1.863851292492605,1.971898552834863
2015-06-24,1.8592480762990469,1.9670284886902476
2015-06-25,1.8675094128294683,1.9757687340169192
2015-06-26,1.8637511800868292,1.9717926369236174
2015-06-29,1.8498084102377368,1.9570416061956422
2015-06-30,1.8609493357065259,1.9688283699238613
2015-07-01,1.8797511404346516,1.9887201132637995
2015-07-02,1.8779389104428958,1.9868028284929915
2015-07-03,1.8868339302706143,1.996213491670019
2015-07-06,1.8951174174851768,2.0049771717536258
2015-07-07,1.8925933253109197,2.002306758225633
2015-07-08,1.859737345822285,1.9675461211154877
2015-07-09,1.852065391220878,1.9594294241253014
2015-07-10,1.8591814070830526,1.9669579546669234
2015-07-13,1.8812189490043667,1.9902730105395203
2015-07-14,1.8799845912724147,1.9889670972216926
2015-07-15,1.8954842067549278,2.0053652237581665
2015-07-16,1.9142193422670595,2.0251864330747806
2015-07-17,1.9146195747265926,2.025609866967243
2015-07-20,1.9131965018522998,2.02410429871043
2015-07-21,1.896740715171021,2.0066945718329294
2015-07-22,1.9198788420651594,2.0311740134716683
2015-07-23,1.910160989470663,2.0208928180002617
2015-07-24,1.8949838618896184,2.0048358739544585
2015-07-27,1.859281519488828,1.9670638705781682
2015-07-28,1.853944507592197,1.9614174726719518
2015-07-29,1.8624058517706,1.9703693200685952
2015-07-30,1.8728019061942456,1.981368032656746
2015-07-31,1.8974966615582347,2.0074943403514647
2015-08-03,1.899764935047017,2.0098941054121107
2015-08-04,1.893949946132788,2.0037420222116404
2015-08-05,1.9053021717551994,2.0157523351408178
2015-08-06,1.9099053879487577,2.020622399285433
2015-08-07,1.9045570835464862,2.0149640542482303
2015-08-10,1.8958844392144607,2.0057886576506285
2015-08-11,1.8818191891118812,1.990908046501954
2015-08-12,1.8567131259462881,1.9643465875363053
2015-08-13,1.8581361988205811,1.9658521557931183
2015-08-14,1.8943167354025394,2.004130074216181
2015-08-17,1.885143746205205,1.9944253278148716
2015-08-18,1.8827532096265056,1.9918962120860453
2015-08-19,1.8891132791014664,1.9986249741091315
2015-08-20,1.8618944315632202,1.96982825288642
2015-08-21,1.8457055389094867,1.9527008918547337
2015-08-24,1.7365302458663148,1.837196718735189
2015-08-25,1.7524746123402137,1.8540653784305143
2015-08-26,1.7327165278315373,1.83316191987329
2015-08-27,1.767651739921258,1.8701223224763173
2015-08-28,1.7794376411929846,1.8825914511858786
2015-08-31,1.7726217453845676,1.8753804386254738
2015-09-01,1.7313822748573795,1.8317503203967358
2015-09-02,1.7160717002625623,1.8155521934280254
2015-09-03,1.739643502806016,1.8404904508471482
2015-09-04,1.7022954948716695,1.8009773828821003
2015-09-07,1.6808918534112223,1.778332974612378
2015-09-08,1.7096784047613898,1.808788279269537
2015-09-09,1.738665072341324,1.839455300872927
2015-09-10,1.7318826197226886,1.8322796702004436
2015-09-11,1.732149405168449,1.8325619211699986
2015-09-14,1.750595495968894,1.8520773298838633
2015-09-15,1.7410000150461,1.8419255999568969
2015-09-16,1.7565773750866778,1.8584059778951625
2015-09-18,1.77497894735527,1.877874287342638
2015-09-21,1.7739115884086578,1.8767450537118984
2015-09-22,1.7371973723533933,1.8379025184734656
2015-09-23,1.7447470638648832,1.8458898647954716
2015-09-24,1.7497615878600454,1.851195080211017
2015-09-28,1.733572695206312,1.8340677191793309
2015-09-29,1.7441576819358688,1.845266316458986
2015-09-30,1.7676405559974022,1.8701104902215904
2015-10-01,1.768085306988788,1.8705810233804416
2015-10-05,1.8055333187471252,1.9101998923804753
2015-10-06,1.8130051571187658,1.9181048724244303
2015-10-07,1.8184533567632433,1.9238689036203596
2015-10-08,1.8077682576279106,1.912564390429459
2015-10-09,1.8211886405093376,1.926762751473051
2015-10-12,1.8109371084415353,1.915916939186275
2015-10-13,1.808290861759146,1.913117289866361
2015-10-14,1.8029982598125827,1.907517876350274
2015-10-15,1.8189203670205556,1.9243629864124052
2015-10-16,1.8319627767083757,1.9381614631967294
2015-10-19,1.840168302201304,1.946842662126026
2015-10-20,1.8371886008571603,1.943690227813233
2015-10-21,1.8349759212423014,1.9413492793974438
2015-10-23,1.8447048491788682,1.9516421922473175
2015-10-26,1.836943857513756,1.9434312967243534
2015-10-27,1.8307953053559878,1.9369263136547445
2015-10-28,1.8170746938390183,1.922410319753676
2015-10-29,1.803854427187358,1.908423675656315
2015-10-30,1.7936362297275525,1.8976131303812012
2015-11-02,1.7903005972921582,1.8940841316898158
2015-11-03,1.7925022015649463,1.8964133627271376
2015-11-04,1.7879435039032407,1.891590397848911
2015-11-05,1.7690971806432625,1.871651555242584
2015-11-06,1.7688413619577876,1.871380906775237
2015-11-09,1.7601465669416207,1.8621820754207001
2015-11-10,1.730826336118147,1.8311621539481713
2015-11-13,1.7261341914426687,1.8261980061470373
2015-11-16,1.7359965663930084,1.8366321019198184
2015-11-17,1.7428790228356343,1.8439135336272876
2015-11-18,1.719362814166104,1.819034092853021
2015-11-19,1.7440354188459517,1.845136965790805
2015-11-20,1.7471041572538006,1.848383598636376
2015-11-23,1.745480859567956,1.8466661985570723
2015-11-24,1.7415559537853322,1.8425137664054607
2015-11-26,1.7531638895114336,1.854794612925726
2015-11-27,1.766261893073177,1.8686519063549067
2015-11-30,1.7646051521975505,1.8668991243876816
2015-12-01,1.76897480897156,1.8715220896981444
2015-12-02,1.7637379094807049,1.8659816077031732
2015-12-03,1.7487942327374242,1.8501716476152634
2015-12-04,1.7305038482166784,1.8308209714575008
2015-12-07,1.7268346525377445,1.826939072896977
2015-12-08,1.712669398611174,1.8119526607133165
2015-12-09,1.692833460962648,1.7909668358780415
2015-12-10,1.7085776026249957,1.8076236637508765
2015-12-11,1.6923776346291917,1.7904845853407227
2015-12-14,1.701183617393205,1.7998010499849724
2015-12-15,1.712491433065549,1.8117643785240205
2015-12-16,1.723610207850197,1.823527707495305
2015-12-17,1.744391241355418,1.845513415293139
2015-12-18,1.726067522226675,1.8261274721237142
2015-12-21,1.7421897456644144,1.8431842991320764
2015-12-22,1.731437868731303,1.8318091370415925
2015-12-23,1.7491945737787427,1.8505951963839855
2015-12-24,1.7481048469844191,1.8494422982437921
2015-12-28,1.7623591379746948,1.8645229089602304
2015-12-29,1.7632042300073991,1.865416990887804
2015-12-30,1.7559325078655255,1.8577237277900804
2015-12-31,1.7670735419160997,1.8695106063945592
2016-01-04,1.7325941561598355,1.833032454328851
2016-01-05,1.7311153808298343,1.831467954550922
2016-01-06,1.7214087121591937,1.8211985913342428
2016-01-07,1.6830044206203056,1.7805680071169228
2016-01-08,1.690353995902029,1.7883436364926975
2016-01-11,1.6820149148135433,1.7795211397642343
2016-01-12,1.6701066418701145,1.766922545510233
2016-01-13,1.6816924269120748,1.7791799572735634
2016-01-14,1.675999592505978,1.7731571098650138
2016-01-15,1.653984418432375,1.749865718501871
2016-01-18,1.6346822688389404,1.7294446253582252
2016-01-19,1.6533840697430753,1.7492305676631774
2016-01-20,1.6254091672358302,1.7196339630456703
2016-01-21,1.618181963625809,1.7119877992143355
2016-01-22,1.6505710414389163,1.7462544684086942
2016-01-25,1.6536175205808388,1.7494775516210703
2016-01-27,1.6539733430903045,1.7498540011234032
2016-01-28,1.6510602023803698,1.7467719859576747
2016-01-29,1.6819481370157647,1.7794504908646507
2016-02-01,1.6802581701139263,1.7776625567620232
2016-02-02,1.6579315834809252,1.7540417002866766
2016-02-03,1.6370838807597103,1.7319854584655185
2016-02-04,1.6464681701106674,1.7419137540677865
2016-02-05,1.6653923465104952,1.7619349629521643
2016-02-08,1.6427433805578102,1.7379730388624062
2016-02-09,1.6229408860990664,1.7170225959150527
2016-02-10,1.6045949077043973,1.6976131031124335
2016-02-11,1.5513693110939306,1.6413020243516434
2016-02-12,1.5523922600904752,1.6423842735922534
2016-02-15,1.5928646003065938,1.6852027910477285
2016-02-16,1.5673580875178974,1.6582176684370984
2016-02-17,1.5807451357913276,1.6723807624690288
2016-02-18,1.599268971149837,1.6919784225846846
2016-02-19,1.603494105568003,1.6964484875937726
2016-02-22,1.6087865989327814,1.7020477862336
2016-02-23,1.5809896619711616,1.6726394638053892
2016-02-24,1.5607869350528845,1.6512655869655732
2016-02-25,1.5500906519936961,1.639949241519946
2016-02-26,1.5632441408475777,1.6538652367177233
2016-02-29,1.5537486637487743,1.6438193078257428
2016-03-01,1.6060624991105428,1.6991657706356356
2016-03-02,1.638651693153417,1.7336441567762257
2016-03-03,1.6623902773186403,1.7587588641299177
2016-03-04,1.6645584384016465,1.761052713279318
2016-03-08,1.6645472544777908,1.7610408810245908
2016-03-09,1.6748877150275134,1.7719807769678853
2016-03-10,1.6647362953654867,1.7612408805923545
2016-03-11,1.6700844911859736,1.766899110753298
2016-03-14,1.6764332681552934,1.7736159256453976
2016-03-15,1.6590546448832457,1.755229865438532
2016-03-16,1.6675382483275751,1.7642052624683702
2016-03-17,1.6706069867354238,1.7674518953139406
2016-03-18,1.6910211223891085,1.7890494362309743
2016-03-21,1.7132364126924782,1.8125525445403485
2016-03-22,1.7156046900052513,1.8150581106359804
2016-03-23,1.715960512514717,1.8154345601383135
2016-03-28,1.693411658967808,1.7915785519598009
2016-03-29,1.6893866407794085,1.787320203896944
2016-03-30,1.7201189777168895,1.8198340911240778
2016-03-31,1.7208305141540359,1.820586875252484
2016-04-01,1.7151932736218625,1.814622844488791
2016-04-04,1.7253669525498152,1.8253862904975162
2016-04-05,1.6907654122854188,1.7887789026398868
2016-04-06,1.6932448773460385,1.7914021020252315
2016-04-07,1.6781456029048434,1.7754275242574793
2016-04-08,1.680091388492157,1.7774861068274541
2016-04-11,1.7059313559426077,1.8048240144309633
2016-04-12,1.7142816209549494,1.8136583434141536
2016-04-13,1.745747753595503,1.8469485644028882
2016-04-18,1.7600353791937757,1.8620644421309889
2016-04-20,1.7600464545358463,1.8620761595094564
2016-04-21,1.7594459972647614,1.8614408937945033
2016-04-22,1.7566107096946761,1.8584412449068257
2016-04-25,1.7467705940102627,1.848030698767239
2016-04-26,1.7706982190631821,1.873345405688695
2016-04-27,1.7745341963638857,1.877403754183788
2016-04-28,1.7450361085765718,1.8461956653982226
2016-04-29,1.7456031226578748,1.8467955492252544
2016-05-02,1.7358408601133108,1.8364673693637186
2016-05-03,1.7227429651333526,1.8226101908107974
2016-05-04,1.7137478328998583,1.8130936117225245
2016-05-05,1.7201856469328836,1.819904625147402
2016-05-06,1.719729820599427,1.819422374610083
2016-05-09,1.7492167244628853,1.8506186311409216
2016-05-10,1.7540533914942071,1.8557356792434303
2016-05-11,1.7453919310860373,1.8465721149005554
2016-05-12,1.7568553444562953,1.8587000611194457
2016-05-13,1.7378422395745472,1.8385847685785495
2016-05-16,1.7480381777684262,1.849371764220469
2016-05-17,1.754709442639215,1.8564297616032397
2016-05-18,1.750128485711583,1.8515832470918188
2016-05-19,1.730837411460219,1.8311738713266403
2016-05-20,1.7233434224044373,1.8232454565257503
2016-05-23,1.7191960325443354,1.8188576429184535
2016-05-24,1.723154381516741,1.8230454569579864
2016-05-25,1.764527299057702,1.8668167581096318
2016-05-26,1.794492397102328,1.8985189296872431
2016-05-27,1.8138390652276153,1.9189871220972778
2016-05-30,1.8186979915248636,1.9241277198329811
2016-05-31,1.81460630412047,1.9197988377468003
2016-06-01,1.8190204794263323,1.9244689023236519
2016-06-02,1.8276931237583578,1.933644298921254
2016-06-03,1.8281044315599617,1.9340794501921839
2016-06-06,1.8237125155200258,1.9294329352485267
2016-06-07,1.8382559598037733,1.9448194614439742
2016-06-08,1.839723551209919,1.9463721289671763
2016-06-09,1.824279529601329,1.9300328190755585
2016-06-10,1.8168188751535441,1.9221396712863303
2016-06-13,1.8035987170836687,1.908153142065229
2016-06-14,1.8032095599662061,1.907741425551234
2016-06-15,1.8249466560884078,1.9307386188138353
2016-06-16,1.8103033165624545,1.9152464064596615
2016-06-17,1.8168523183433263,1.9221750531742519
2016-06-20,1.8320405212664412,1.9382437145985225
2016-06-21,1.8279044239119802,1.9338678481222122
2016-06-22,1.8243018974490404,1.9300564835850125
2016-06-23,1.8391454617865455,1.9457605277616772
2016-06-24,1.7987064561784238,1.9029772773178641
2016-06-27,1.8000629684185079,1.9044124264276128
2016-06-28,1.8074346943843724,1.9122114905603222
2016-06-29,1.8243685666650344,1.9301270176083365
2016-06-30,1.8429925144293198,1.949830593635238
2016-07-01,1.852020872689026,1.9593823248589135
2016-07-04,1.8614386052297647,1.9693460023491025
2016-07-05,1.8537110567544344,1.96117048871406
2016-07-07,1.8541447324037497,1.9616293044944437
2016-07-08,1.8508757691843494,1.9581708398263824
2016-07-11,1.8830535468438345,1.992213959819783
2016-07-12,1.8948726741417732,2.004718240664747
2016-07-13,1.8945280355561631,2.0043536234171406
2016-07-14,1.9046461206101928,2.0150582527810093
2016-07-15,1.899398145777267,2.009506053407571
2016-07-18,1.8921264236353934,2.001812790309847
2016-07-19,1.8965404903594705,2.0064827400104392
2016-07-20,1.904835052916104,2.0152581374725136
2016-07-21,1.8924376190312215,2.0021420256695315
2016-07-22,1.8993536272454146,2.0094589541411816
2016-07-25,1.9203570362463283,2.0316799285184413
2016-07-26,1.9103501389401452,2.0210929324442852
2016-07-27,1.9159427523586812,2.02700974906533
2016-07-28,1.9271727148911755,2.038890711326327
2016-07-29,1.9209907195436253,2.032350346368797
2016-08-01,1.92055704389431,2.031891530588413
2016-08-02,1.917521748676243,2.028680279630764
2016-08-03,1.9001651675065516,2.010317539304574
2016-08-04,1.9015550143546327,2.0117879554259845
2016-08-05,1.9309198722917438,2.0428550910411616
2016-08-08,1.9371906875394294,2.049489424778951
2016-08-09,1.9298301454974203,2.0417021929009684
2016-08-10,1.9069365447831161,2.0174814525985902
2016-08-11,1.9106837021836844,2.0214458323134243
2016-08-16,1.9218912968684674,2.0333031300649673
2016-08-17,1.9177773501981477,2.028950698345592
2016-08-18,1.9287182680189552,2.04052586000384
2016-08-19,1.927306270486733,2.0390320091254943
2016-08-22,1.9189115955243237,2.0301506957521744
2016-08-23,1.9196786172536084,2.030962181649178
2016-08-24,1.923614706960088,2.0351264460555165
2016-08-25,1.9106947775257552,2.021457549691892
2016-08-26,1.9063250121699604,2.0168344695051696
2016-08-29,1.9140860038350729,2.025045365028134
2016-08-30,1.944529078897297,2.057253221899999
2016-08-31,1.9538356236901895,2.0670992661004752
2016-09-01,1.9512672301476497,2.0643819830586123
2016-09-02,1.959050372496903,2.072616313338511
2016-09-06,1.9887040579821311,2.103989019803919
2016-09-07,1.9831335952477365,2.0980956379398092
2016-09-08,1.9908166251912143,2.106224052308463
2016-09-09,1.9717368510934723,2.0860382257442427
2016-09-12,1.9381357833961244,2.05048930774151
2016-09-14,1.9405819138487468,2.053077240115192
2016-09-15,1.9441288464377635,2.0568297880075357
2016-09-16,1.952423408994397,2.06560518546961
2016-09-19,1.9587724031272868,2.0723222301142283
2016-09-20,1.9515451995172657,2.0646760662828934
2016-09-21,1.9518231688868817,2.0649701495071753
2016-09-22,1.971903632715242,2.086214675678811
2016-09-23,1.9639202655544368,2.0777685135764212
2016-09-26,1.9397925242717506,2.0522420897087343
2016-09-27,1.9360901025666049,2.0483250390128083
2016-09-28,1.9447071530247069,2.0574416189655538
2016-09-29,1.9104834773721324,2.021234000490933
2016-09-30,1.91490883660185,2.0290658271140356
2016-10-03,1.943139232049215,2.0883691490651146
2016-10-04,1.9500441649213371,2.1026724953321003
2016-10-05,1.9444402589971608,2.090045101397146
2016-10-06,1.9367904550798951,2.0730607194252033
2016-10-07,1.9341330244736503,2.0668371928797935
2016-10-10,1.9366236734581252,2.071627153437546
2016-10-13,1.9065028691338,2.0066517090677394
2016-10-14,1.90873791659637,2.010839029917424
2016-10-17,1.8947282603677138,1.980802255679397
2016-10-18,1.9297524009393547,2.0535217792696314
2016-10-19,1.9255715678894711,2.04409413907754
2016-10-20,1.9345334740967532,2.062593949535359
2016-10-21,1.933121259400961,2.060056953369552
2016-10-24,1.936657116647907,2.0638249877193218
2016-10-25,1.9327321022834982,2.059642242796232
2016-10-26,1.9158204892687627,2.0416201524517823
2016-10-27,1.9158204892687627,2.0416201524517823
2016-10-28,1.9208795317957776,2.047011389904936
2016-11-01,1.9182666197213853,2.0442269046269335
2016-11-02,1.8933049703298508,2.01762618356687
2016-11-03,1.8868450056126844,2.0023286525580937
2016-11-04,1.8754593368004908,1.9776471300215435
2016-11-07,1.8895356622451411,2.006823621606272
2016-11-08,1.8998761227948637,2.0282706234436643
2016-11-09,1.875070179683028,1.9747827781294478
2016-11-10,1.895917882404243,2.01818609585782
2016-11-11,1.8448937814847797,1.909036216352642
2016-11-15,1.8031206314842854,1.8220928061410395
2016-11-16,1.8038210925793612,1.821889590983441
2016-11-17,1.7967829298570361,1.8147809284579817
2016-11-18,1.7954820114908754,1.8134669790647864
2016-11-21,1.7632375646153964,1.7808995463126556
2016-11-22,1.77951538575105,1.7973404189762137
2016-11-23,1.7864090261175316,1.8043031114956347
2016-11-24,1.771332010942263,1.7890750730144778
2016-11-25,1.8044214412686612,1.8224959532399285
2016-11-28,1.8072233942307494,1.8253259727784816
2016-11-29,1.8106146205400668,1.8287511682920676
2016-11-30,1.828927264326739,1.847247245999318
2016-12-01,1.8219002855282695,1.8316524167232326
2016-12-02,1.7983061151371045,1.7837390397016477
2016-12-05,1.807634810614138,1.7921002990967283
2016-12-06,1.8108369960357595,1.7952749654719027
2016-12-07,1.801697341446422,1.786213855546924
2016-12-08,1.8338972697900484,1.8181370630867815
2016-12-09,1.8372107515413014,1.8214220693295273
2016-12-12,1.8169856567753129,1.8013707856484649
2016-12-13,1.8283268070556538,1.812614471978335
2016-12-14,1.8195764181655638,1.8039392824682285
2016-12-15,1.8131608633984648,1.7975788619067972
2016-12-16,1.8100142718507666,1.7944593116410832
2016-12-19,1.8022088702355867,1.786720988343148
2016-12-20,1.7973276846724122,1.7818817508730866
2016-12-21,1.7926355399969338,1.7772299297049197
2016-12-22,1.7743563394000437,1.7591078175036137
2016-12-23,1.7758351147300449,1.7605738844855234
2016-12-26,1.7586010138138404,1.7434878905528772
2016-12-27,1.7863090222935403,1.7709577810375456
2016-12-28,1.786753773284926,1.7713987099132267
2016-12-29,1.802042088613817,1.7865556400147677
2016-12-30,1.8203212892107072,1.8046777522160737
2017-01-02,1.8189203670205556,1.8032888693171385
2017-01-03,1.8217556545906406,1.806099790899606
2017-01-04,1.8213664974731778,1.8057139781333849
2017-01-05,1.8398903328316871,1.8240786227460457
2017-01-06,1.8332190679608984,1.817464689610828
2017-01-09,1.8314956578692778,1.8157560902175633
2017-01-10,1.8431814467352285,1.827341453366626
2017-01-11,1.8636512848446214,1.8476353771076948
2017-01-12,1.8695553108225553,1.8534886648729019
2017-01-13,1.8680319083789165,1.8519783542953123
2017-01-16,1.870800526733008,1.8547231796058883
2017-01-17,1.8675094128294663,1.851460348985308
2017-01-18,1.8717345472476326,1.8556491733042793
2017-01-19,1.875759456854247,1.859639493510273
2017-01-20,1.8566907580985759,1.8407346679654422
2017-01-23,1.866063972107462,1.8500273301393442
2017-01-24,1.8848101829616646,1.8686124391898458
2017-01-25,1.9130407955725997,1.8966004426331697
2017-01-27,1.9216022521567784,1.9050883234900324
2017-01-30,1.9197120604433884,1.9032143757683875
2017-01-31,1.9038232878434125,1.8874621486252166
2017-02-01,1.9383138575235324,1.9216563121126742
2017-02-02,1.9422831732562238,1.9255915162092079
2017-02-03,1.9437731325100807,1.9270686710022005
2017-02-06,1.9571378129357992,1.940318497597499
2017-02-07,1.949855015451855,1.9330982872582196
2017-02-08,1.9500217970736247,1.9332636355866
2017-02-09,1.9521011382564957,1.935325107258791
2017-02-10,1.955469996718102,1.9386650143136945
2017-02-13,1.958027314918571,1.9412003553488615
2017-02-14,1.9551920273484857,1.9383894337663938
2017-02-15,1.9401595307050696,1.9234861238872907
2017-02-16,1.9520121011927904,1.935236835364734
2017-02-17,1.9617299537872865,1.9448711743578284
2017-02-20,1.9745165447896318,1.9575478795336627
2017-02-21,1.980887472443093,1.963864056499414
2017-02-22,1.9851238993668996,1.9680640762781192
2017-02-23,1.9879257437472029,1.9708418420759897
2017-02-27,1.9784081159642584,1.9614060071958728
2017-02-28,1.9746053646897668,1.957635936130417
2017-03-01,1.9893266659373545,1.9722307249749247
2017-03-02,1.979086317793408,1.9620783806718258
2017-03-03,1.9785970482701696,1.9615933158491161
2017-03-06,1.9932516803017637,1.9761220084217324
2017-03-07,1.9895714092807593,1.972473365034931
2017-03-08,1.9845455927799562,1.9674907395613521
2017-03-09,1.9851460500510414,1.9680860366029824
2017-03-10,1.986824941610809,1.9697505000492181
2017-03-14,2.0207261293619143,2.003360346657477
2017-03-15,2.020236859838676,2.0028752818347675
2017-03-16,2.035558618357349,2.0180653677209057
2017-03-17,2.036970615889571,2.0194652307822722
2017-03-20,2.029587705999851,2.012145768386504
2017-03-21,2.0283980839633213,2.010966369762978
2017-03-22,2.0081508385131914,1.9908931257570524
2017-03-23,2.0205704230822152,2.0032059784915286
2017-03-24,2.0253960147714665,2.0079900998521296
2017-03-27,2.0114308770746625,1.9941449762152008
2017-03-28,2.0237948677697633,2.006402712840217
2017-03-29,2.0333570140845603,2.0158826836673627
2017-03-30,2.0400172036132784,2.022485636640149
2017-03-31,2.0400172036132784,2.022485636640149
2017-04-03,2.0542713860217687,2.03661732098681
2017-04-05,2.0603424107850428,2.0426361723777005
2017-04-06,2.0596307657661113,2.04193064311715
2017-04-07,2.0454764785998263,2.027897995529675
2017-04-10,2.041729538362828,2.024183255870982
2017-04-11,2.054082453715858,2.036430012333567
2017-04-12,2.046621799268073,2.029033473503475
2017-04-13,2.034913642554411,2.017425934732247
2017-04-17,2.032356324353942,2.0148905936970802
2017-04-18,2.0247623314741694,2.0073618623232057
2017-04-19,2.024395325040848,2.0069980098818476
2017-04-20,2.031711565714575,2.014251376005724
2017-04-21,2.0279311822877943,2.0105034805624338
2017-04-24,2.049846243955621,2.0322302078521637
2017-04-25,2.06955970135066,2.051774251088351
2017-04-26,2.0796221925307665,2.061750266900638
2017-04-27,2.0774653239534007,2.0596119340914263
2017-04-28,2.068992687269357,2.0512121098313183
2017-05-02,2.0711608483523634,2.053361638100264
2017-05-03,2.0707495405507594,2.05295386500918
2017-05-04,2.0814124890019507,2.063525177863097
2017-05-05,2.064823146725114,2.0470784016218073
2017-05-08,2.0712164422262864,2.0534167542097244
2017-05-09,2.071839050181513,2.0540340115762175
2017-05-10,2.0919529571996547,2.0739750630383598
2017-05-11,2.0953109574827606,2.0773042052281343
2017-05-12,2.090529884325362,2.0725642198145615
2017-05-15,2.1004255938836986,2.0823748872984678
2017-05-16,2.115291308905345,2.09711284884919
2017-05-17,2.1182933780972,2.1000891187600383
2017-05-18,2.0968786612946824,2.07885843645545
2017-05-19,2.096534022709072,2.0785167596362575
2017-05-22,2.0988355222240664,2.0807984804489865
2017-05-23,2.0872498457638913,2.0693123693564126
2017-05-24,2.0815569027760095,2.0636683505693116
2017-05-25,2.114735370166113,2.0965616877545887
2017-05-26,2.133715031858079,2.1153782414053626
2017-05-29,2.135894485446726,2.117538965134042
2017-05-30,2.1402640336389505,2.121870962159228
2017-05-31,2.139530237935878,2.1211434725738147
2017-06-01,2.138384917267631,2.1200079946000145
2017-06-02,2.1467018476719755,2.128253450694174
2017-06-05,2.1515050715135153,2.1330153964326097
2017-06-06,2.1430660951828235,2.1246489432544013
2017-06-07,2.1490146396926098,2.130546366966637
2017-06-08,2.145312000823894,2.12687554795767
2017-06-09,2.149981886233446,2.1315053011523224
2017-06-12,2.1384518036471944,2.120074306169209
2017-06-13,2.1363392364381113,2.117979894009723
2017-06-14,2.1388409607646572,2.12046011893543
2017-06-15,2.129923573089228,2.1116193657996405
2017-06-16,2.132147328046157,2.113824010178046
2017-06-19,2.1476024249968177,2.1291462886079677
2017-06-20,2.146701847671975,2.128253450694174
2017-06-21,2.142276488442257,2.123866122262225
2017-06-22,2.1414760235231904,2.1230725364049197
2017-06-23,2.129234295918007,2.1109360121612553
2017-06-27,2.1151023765994332,2.096925540195946
2017-06-28,2.110621423495792,2.086451314691789
2017-06-29,2.113478861750018,2.0915625744388535
2017-06-30,2.117214943808516,2.098417763594404
2017-07-03,2.1381403910877954,2.1393558365693077
2017-07-04,2.137762309312403,2.137907861951584
2017-07-05,2.143165990425028,2.1433119109816543
2017-07-06,2.151382808423597,2.151529288434163
2017-07-07,2.1494370228362834,2.149583370365223
2017-07-10,2.172842043757967,2.172989984851613
2017-07-11,2.1761776761933618,2.176325844398367
2017-07-12,2.182860016406221,2.183008639588026
2017-07-13,2.199671734178751,2.1998215020106793
2017-07-14,2.1984818949786518,2.1986315817986566
2017-07-17,2.2050643399493053,2.2052144749445977
2017-07-18,2.1853174393644843,2.185466229863486
2017-07-19,2.201428370296583,2.2015782577316223
2017-07-20,2.195579938192572,2.1957294274286516
2017-07-21,2.2049086336696058,2.2050587580634113
2017-07-24,2.2162832271397286,2.2164341259891844
2017-07-25,2.2158717021745544,2.216022573004738
2017-07-26,2.228347097781071,2.228498818016611
2017-07-27,2.2283247299333597,2.2284764486459525
2017-07-28,2.226979401617131,2.2271310287310997
2017-07-31,2.2409000207820826,2.2410525957015435
2017-08-01,2.249250394376209,2.249403537842935
2017-08-02,2.2418785598285593,2.242031201373267
2017-08-03,2.22679046931122,2.2269420835614593
2017-08-04,2.2385207767090236,2.2386731896342105
2017-08-07,2.236519397247787,2.2366716739061583
2017-08-08,2.218984959114255,2.219136041915042
2017-08-09,2.203307486667901,2.203457502045299
2017-08-10,2.1837829615787734,2.1839316476006374
2017-08-11,2.159443920142465,2.1595909490054854
2017-08-14,2.177979048006615,2.1950268958933097
2017-08-16,2.2009169500892014,2.2406956093799195
2017-08-17,2.2024403525328404,2.2432195240299464
2017-08-18,2.1875967881953353,2.2124041166345214
2017-08-21,2.169128329547179,2.174477675227235
2017-08-22,2.171618978531654,2.1789103805308705
2017-08-23,2.1909545713148706,2.217149387474387
2017-08-24,2.19196633638756,2.2186252269569966
2017-08-28,2.2043637702724426,2.2431493876820547
2017-08-29,2.1784014311502897,2.1897325084467556
2017-08-30,2.1980484364929045,2.2286660971772085
2017-08-31,2.2054980155986184,2.2431979384895904
2017-09-01,2.2180622311052707,2.254855322826577
2017-09-04,2.204374845614513,2.240940891753994
2017-09-05,2.2131254516681733,2.2498366523694306
2017-09-06,2.2051199338232266,2.241698339444069
2017-09-07,2.208166521546934,2.2447954637938383
2017-09-08,2.2092560311776874,2.245903046149159
2017-09-11,2.225100285245811,2.262010123813938
2017-09-12,2.2444469533710985,2.281677713383562
2017-09-13,2.2413892903053205,2.27856932997457
2017-09-14,2.243012587991165,2.280219554831261
2017-09-15,2.2427459111271895,2.2799484543464428
2017-09-18,2.257800558454747,2.2952528273183876
2017-09-19,2.256566417886365,2.2939982148955678
2017-09-20,2.255143345012072,2.2925515361683573
2017-09-21,2.250862616719983,2.288199799395768
2017-09-22,2.215838476148342,2.2525946803473103
2017-09-25,2.195424231912872,2.231841805774944
2017-09-26,2.195179705733038,2.2315932234085714
2017-09-27,2.1649922321927186,2.2009050017525196
2017-09-28,2.172375142082439,2.2142476098698727
2017-09-29,2.176744690274664,2.222584016787191
2017-10-03,2.1925111997847226,2.254207793376251
2017-10-04,2.2048308891115407,2.2789590741117247
2017-10-05,2.199004607691671,2.2663269160068458
2017-10-06,2.2192407777997305,2.3074537444604815
2017-10-09,2.2212532326030376,2.3083924657885104
2017-10-10,2.227524265014293,2.314909509301777
2017-10-11,2.2203748059623365,2.3074795786807374
2017-10-12,2.245192041579813,2.3332703885173744
2017-10-13,2.2609917771160832,2.3496899439008176
2017-10-16,2.275090253244875,2.3643414998770194
2017-10-17,2.275890935327512,2.365173592526305
2017-10-18,2.270642743331016,2.359719515212695
2017-10-19,2.2563440423906727,2.3448598796534608
2017-10-23,2.264860980442999,2.3537109351490733
2017-10-24,2.269942390817725,2.358991688037771
2017-10-25,2.2894334727170707,2.3792474004194655
2017-10-26,2.3002076089161085,2.3904442034053606
2017-10-27,2.2955933173804794,2.385648894316124
2017-10-30,2.3046218928037554,2.395031658594409
2017-10-31,2.298317417202718,2.3884798599230224
2017-11-01,2.3217113627823314,2.4127915443939374
2017-11-02,2.317997648571545,2.4089321420626577
2017-11-03,2.324379868730647,2.4155647351925325
2017-11-06,2.324224162450948,2.415402920592712
2017-11-07,2.301619823611901,2.3919118189459905
2017-11-08,2.291168175314332,2.381050154984828
2017-11-09,2.2924579097566373,2.3823904854009132
2017-11-10,2.295304272668793,2.385348510449512
2017-11-13,2.2737783681184287,2.362978149810751
2017-11-14,2.2652501375604617,2.354115358807202
2017-11-15,2.250006340763423,2.338273551506799
2017-11-16,2.271510094629646,2.360620892495376
2017-11-17,2.286820560642678,2.376531984429175
2017-11-20,2.2901896362678547,2.380033228085539
2017-11-21,2.2964495933370395,2.3865387617737133
2017-11-22,2.2998740456725693,2.390097554555536
2017-11-23,2.301308411052503,2.39158818974635
2017-11-24,2.3104147310338434,2.401051748483123
2017-11-27,2.312605042800991,2.4033279856571648
2017-11-28,2.3060894842099016,2.3965568232604983
2017-11-29,2.3040991800907356,2.3944884399866444
2017-11-30,2.274134082046109,2.363347818310759
2017-12-01,2.2508402488722714,2.3391401736313595
2017-12-04,2.252163426504359,2.3405152592055654
2017-12-05,2.2500508592952757,2.338319816490011
2017-12-06,2.233561629424215,2.32118371807389
2017-12-07,2.2608249954943136,2.3495166194759056
2017-12-08,2.282829094225846,2.37238393373922
2017-12-11,2.2954154604166392,2.38546406006612
2017-12-12,2.2771585190856753,2.3664909032922066
2017-12-13,2.2666623522562537,2.3555829743478323
2017-12-14,2.27981573252835,2.3692523585828646
2017-12-15,2.2978615908692617,2.3880061516314988
2017-12-18,2.310203430880221,2.400832159074999
2017-12-19,2.3267593299672757,2.4180375421245155
2017-12-20,2.3225341955491094,2.4136466566934076
2017-12-21,2.321666844250479,2.4127452794107263
2017-12-22,2.333386076306212,2.4249242541377902
2017-12-26,2.3419475328903907,2.4338215746166143
2017-12-27,2.3328857314409026,2.4244042808630533
2017-12-28,2.330028293186676,2.421434745989363
2017-12-29,2.34176967592655,2.43363674036661
2018-01-02,2.322089444557723,2.413184458226975
2018-01-03,2.3223118200534163,2.413415557460191
2018-01-04,2.336010063722674,2.427651179953172
2018-01-05,2.3480294158321646,2.4401420483719396
2018-01-08,2.3624282291782834,2.4551057237226894
2018-01-09,2.3654081476859967,2.4582025437209243
2018-01-10,2.3643407887393844,2.4570933125380554
2018-01-11,2.3685659231575507,2.4614841979691637
2018-01-12,2.3752482633704104,2.468428684790742
2018-01-15,2.388657462327982,2.482363923417111
2018-01-16,2.3795179163204296,2.4728658352050625
2018-01-17,2.399109110625551,2.4932255873782734
2018-01-18,2.40543573691073,2.499800405699844
2018-01-19,2.4227143563587865,2.517756861257313
2018-01-22,2.438614204300833,2.5342804564322727
2018-01-23,2.4647433250447555,2.561434616335178
2018-01-24,2.4652547452521354,2.561966099435007
2018-01-25,2.4616189927629835,2.5581877172450596
2018-01-29,2.4751283041263306,2.5722269956629447
2018-01-30,2.457171482849124,2.553565732580735
2018-01-31,2.4522902972859497,2.5484930592750703
2018-02-01,2.44988868536518,2.5459972326929043
2018-02-02,2.392893672088219,2.4867663186733115
2018-02-05,2.3719793001510103,2.4650314809258953
2018-02-06,2.3345535476585995,2.4261375251121744
2018-02-07,2.32976139915913,2.4211573817729337
2018-02-08,2.3520321747546378,2.444301834569831
2018-02-09,2.3249247321278084,2.4161309734504806
2018-02-12,2.343782130729857,2.435728143290647
2018-02-14,2.335142929587614,2.426750028353335
2018-02-15,2.3450607898300917,2.4370569638816404
2018-02-16,2.324335350198794,2.41551847020932
2018-02-19,2.3079019313652265,2.398440372284348
2018-02-20,2.3038991724427533,2.3942805860864564
2018-02-21,2.3121381411254633,2.4028427675405486
2018-02-22,2.3088581025639923,2.399434053850609
2018-02-23,2.3329524006568962,2.4244735654964487
2018-02-26,2.3533108338548727,2.4456306551608247
2018-02-27,2.347017650759476,2.439090591997375
2018-02-28,2.33335263311643,2.424889498979669
2018-03-01,2.325680678515023,2.416916575433709
2018-03-05,2.3035543166935737,2.3939222017286954
2018-03-06,2.2791820492310535,2.3685938160413356
2018-03-07,2.258045301798152,2.32286669835442
2018-03-08,2.277714457824908,2.3627351378081936
2018-03-09,2.274200751262103,2.35483597544809
2018-03-12,2.3174640776800244,2.443823163342581
2018-03-13,2.3186758504006946,2.443879096052868
2018-03-14,2.315129134975248,2.440140866025415
2018-03-15,2.3038435785688303,2.4282459151273827
2018-03-16,2.267151621779492,2.3895726757544695
2018-03-19,2.2447138473986445,2.3659233123637966
2018-03-20,2.2514072629535744,2.3729781572025272
2018-03-21,2.2582787526359147,2.380220691768328
2018-03-22,2.2492725450603497,2.3707281693767945
2018-03-23,2.2233212812802674,2.3433755961150613
2018-03-26,2.252808402307296,2.3744549549086944
2018-03-27,2.264705491326869,2.3869944597962753
2018-03-28,2.2490390942225864,2.352160575403211
2018-04-02,2.270854043484638,2.3737996892757316
2018-04-03,2.2782369533743583,2.387435705144914
2018-04-04,2.2523080574419874,2.35907028688943
2018-04-05,2.296060436219577,2.40489658334737
2018-04-06,2.297494584435941,2.4063987119896044
2018-04-09,2.3081130143552797,2.417520468817389
2018-04-10,2.3132055000720766,2.422854344750217
2018-04-11,2.3165189818233296,2.426324889696191
2018-04-12,2.325747564894588,2.4359909191904965
2018-04-13,2.3306285332941923,2.44110325161976
2018-04-16,2.341246963213531,2.4522250084475448
2018-04-17,2.345772434849025,2.4569649931197923
2018-04-18,2.340768986195933,2.4517243747192654
2018-04-19,2.3494637812121,2.460831313934556
2018-04-20,2.3491858118424838,2.46054016846786
2018-04-23,2.3537779526939713,2.4653499825606353
2018-04-24,2.3603712558431256,2.4722558165562254
2018-04-25,2.350631252564488,2.4620541248946792
2018-04-26,2.3611384947359806,2.4730594235357857
2018-04-27,2.377705469165106,2.4904116933508633
2018-04-30,2.388168192804746,2.5013703632258193
2018-05-02,2.3834316381792,2.4964092899647996
2018-05-03,2.3748925494427326,2.487465437702338
2018-05-04,2.361238607141757,2.4731642813952757
2018-05-07,2.3828646240978975,2.4958153987042193
2018-05-08,2.383376044305277,2.4963510608714605
2018-05-09,2.3886909055177665,2.501917853177645
2018-05-10,2.3830980749356607,2.4960599154047647
2018-05-11,2.4031007942059563,2.5170107886796833
2018-05-14,2.403122944890098,2.5170339893340605
2018-05-15,2.402066661285556,2.515927636560616
2018-05-16,2.388557349922209,2.5017779668791933
2018-05-17,2.375570751271882,2.4881757871495966
2018-05-18,2.3563797894262937,2.4680751496203888
2018-05-21,2.338656418986851,2.449511669172377
2018-05-22,2.3431039289007103,2.456971749785965
2018-05-23,2.3194541646356224,2.4067398633696597
2018-05-24,2.3380225185259844,2.444653313655482
2018-05-25,2.358325575013607,2.4864807947439234
2018-05-28,2.376893928903969,2.5249942170167805
2018-05-29,2.3645853149192217,2.5106561767580104
2018-05-30,2.360371255843126,2.506181796670361
2018-05-31,2.3874567649493845,2.5349404971110707
2018-06-01,2.3785728204637366,2.5255077521996743
2018-06-04,2.3635179559726094,2.5095228823426123
2018-06-05,2.355657069065291,2.50117639378746
2018-06-06,2.3760044269211966,2.5227806976623577
2018-06-07,2.3946170821798414,2.5425431387111725
2018-06-08,2.3944615930637125,2.5423780443466915
2018-06-11,2.398753396697873,2.5469349716165812
2018-06-12,2.4111840566089673,2.5601335282049416
2018-06-13,2.414264087522457,2.563403826209741
2018-06-14,2.4034454327915666,2.5519168554699054
2018-06-15,2.4055914431904317,2.5541954343942113
2018-06-18,2.4016219102941703,2.5499806859467937
2018-06-19,2.3817416712773616,2.5288723569015037
2018-06-20,2.39543991494662,2.5434168014863396
2018-06-21,2.388557349922209,2.536109070070835
2018-06-22,2.4065141711994156,2.5551751633811954
2018-06-25,2.3933051970533956,2.541150212655544
2018-06-26,2.3947951563072523,2.542732213262674
2018-06-27,2.3730579516032657,2.519652205571185
2018-06-28,2.3547562745768795,2.500219953251333
2018-06-29,2.382597730070352,2.5297812982210353
2018-07-02,2.3699223268158534,2.516322879413722
2018-07-03,2.379395653230515,2.5263814149748414
2018-07-04,2.394961937929022,2.5429092977206644
2018-07-05,2.390480984825381,2.5381515363844853
2018-07-06,2.3955734705421774,2.5435586073999645
2018-07-09,2.4134191040715374,2.5625066444049978
2018-07-10,2.43440014522474,2.5847837769887727
2018-07-11,2.434633596062503,2.5850316491142156
2018-07-12,2.451289607555334,2.6027165758837354
2018-07-13,2.4503334363565683,2.601701337773665
2018-07-16,2.4320873532041047,2.582328113606476
2018-07-17,2.4479205319301576,2.5991393776008294
2018-07-18,2.4417830551144597,2.5926227617782502
2018-07-19,2.436590456991887,2.587109393972232
2018-07-20,2.448398726111325,2.599647111945225
2018-07-23,2.464976775882521,2.6172492609537827
2018-07-24,2.475995438261393,2.628948594695975
2018-07-25,2.475484018054013,2.6284055818072134
2018-07-26,2.4833338296192604,2.636740310847577
2018-07-27,2.5080285849832493,2.662960570145028
2018-07-30,2.517190498838513,2.6726884558197423
2018-07-31,2.525407316837082,2.6814128628991747
2018-08-01,2.5231168926641585,2.6789809491251764
2018-08-02,2.5005457798513233,2.6550155191437326
2018-08-03,2.5263634880358476,2.6824281010092452
2018-08-06,2.5322119201398583,2.6886378165537175
2018-08-07,2.532734632852879,2.6891928195359887
2018-08-08,2.5461994256843736,2.7034893919953817
2018-08-09,2.550802641877932,2.708376969151677
2018-08-10,2.5416407280226685,2.6986490834769628
2018-08-13,2.5252405352153127,2.6812357784411844
2018-08-14,2.542885943933121,2.6999712218651397
2018-08-16,2.5317560938064028,2.6881538318176204
2018-08-17,2.550813717220003,2.708388728666465
2018-08-20,2.5688261323711323,2.727513850129489
2018-08-21,2.5730847099790806,2.7320354988550135
2018-08-23,2.575719772737614,2.7348333410597823
2018-08-24,2.570015754407662,2.728776960365003
2018-08-27,2.600003220299999,2.760616884259011
2018-08-28,2.6103547561917924,2.771607880169239
2018-08-29,2.5999921449579286,2.7606051247442225
2018-08-30,2.5966341446748227,2.7570396859761046
2018-08-31,2.5974569774416003,2.757913348751271
2018-09-03,2.5756307356739083,2.7347388037840314
2018-09-04,2.561832379598874,2.7200880624086565
2018-09-05,2.5521924887260123,2.709852672968267
2018-09-06,2.5655239431255192,2.724007670092756
2018-09-07,2.5771317702698355,2.73633256390595
2018-09-10,2.5435530704201987,2.7006795596971025
2018-09-11,2.510063407634267,2.6651210927640054
2018-09-12,2.5283872353447947,2.7020126428885867
2018-09-14,2.5606983514362676,2.770375563042359
2018-09-17,2.5301327961205566,2.703524283459391
2018-09-18,2.508151065236736,2.655850642209093
2018-09-19,2.4982440631727587,2.6341847935070963
2018-09-21,2.4779522991907763,2.5907134802666576
2018-09-24,2.4388810983283795,2.5083469071008264
2018-09-25,2.461129723239746,2.553464562494294
2018-09-26,2.458094210858109,2.546507137795137
2018-09-27,2.441138079311521,2.5107182785830333
2018-09-28,2.4306642803298106,2.4885260015488746
2018-10-01,2.4479761258040798,2.523332024306883
2018-10-03,2.414608726108065,2.4538920722393893
2018-10-04,2.357013472723589,2.3361945791016607
2018-10-05,2.294125725974334,2.2726942063509266
2018-10-08,2.3011527047728033,2.2796555397349763
2018-10-09,2.290701056475234,2.2693015298113854
2018-10-10,2.3260698356324854,2.3043398969620137
2018-10-11,2.275935453859364,2.2546738661491785
2018-10-12,2.3288273786445064,2.307071679251113
2018-10-15,2.337722398472225,2.315883602590339
2018-10-16,2.353789028036041,2.3318001391218157
2018-10-17,2.3245021318205645,2.3027868385004444
2018-10-19,2.291256995214467,2.269852275020087
2018-10-22,2.278292547248282,2.2570089397801345
2018-10-23,2.256399636264596,2.235320550434495
2018-10-24,2.273733849586576,2.2524928290687813
2018-10-25,2.2515297432070622,2.2304961514871775
2018-10-26,2.2304262218003723,2.2095897773109248
2018-10-29,2.2795377631587344,2.2582425229936876
2018-10-30,2.2678743421404945,2.246688060623005
2018-10-31,2.3097252366990535,2.2881479878261857
2018-11-01,2.308357757698684,2.286793283693688
2018-11-02,2.34672860604779,2.324805674971305
2018-11-05,2.3402797166726943,2.3184170305503664
2018-11-06,2.341613969646852,2.3197388190512505
2018-11-07,2.356824540417678,2.3348072940152655
2018-11-09,2.353889140441817,2.3318993162863513
2018-11-12,2.330984464385442,2.3092086136878445
2018-11-13,2.3532886831707316,2.3313044684339843
2018-11-14,2.351909911664721,2.3299385772894348
2018-11-15,2.360893968556145,2.3388387059159923
2018-11-16,2.3754595635240334,2.3532682303839745
2018-11-19,2.393516497207016,2.371156477789573
2018-11-20,2.369677800636017,2.3475404802134774
2018-11-21,2.357191329687429,2.3351706567721
2018-11-22,2.3408912492858494,2.319022850279938
2018-11-26,2.363540106656749,2.341460124028503
2018-11-27,2.3762155099112476,2.3540171147869002
2018-11-28,2.3858332500999677,2.3635450068974384
2018-11-29,2.41470883851384,2.3921508421183093
2018-11-30,2.418722672778384,2.3961271794981656
2018-12-03,2.4202793012482346,2.3976692660825303
2018-12-04,2.4171104504346097,2.394530018392931
2018-12-05,2.3978528193730275,2.3754522904174453
2018-12-06,2.3574360730308324,2.335413113744837
2018-12-07,2.378016881724502,2.355801658344002
2018-12-10,2.3323743112335222,2.3105854767095986
2018-12-11,2.3458725472547988,2.3239576134038433
2018-12-12,2.387779035687281,2.365472615127894
2018-12-13,2.3997762371126297,2.3773577397586445
2018-12-14,2.40286734336819,2.3804199691729644
2018-12-17,2.421302141662994,2.398682551212602
2018-12-18,2.4258276132984875,2.4031657462923417
2018-12-19,2.4388587304806673,2.416075127930369
2018-12-20,2.4353897596132854,2.41263856388201
2018-12-21,2.3914260806820735,2.3690855897509158
2018-12-24,2.3713010983218608,2.3491486131959167
2018-12-26,2.386055625595661,2.363765304980919
2018-12-27,2.397163325038238,2.374769237277747
2018-12-28,2.414975732541386,2.392415242845455
2018-12-31,2.41556489730683,2.39299890368577
2019-01-02,2.3999875372662522,2.37756706596492
2019-01-03,2.373246883909174,2.351076221426372
2019-01-04,2.385499686856428,2.363214559772217
2019-01-07,2.395384321072694,2.3730068526099015
2019-01-08,2.4021335476651178,2.3796930285244478
2019-01-09,2.4139194489368445,2.391368826948922
2019-01-10,2.40645857732549,2.3839776541402684
2019-01-11,2.4005324006634146,2.3781068392964175
2019-01-14,2.3877790356872812,2.365472615127894
2019-01-15,2.4209575030773847,2.3983411322101764
2019-01-16,2.42173581731231,2.3991121755023586
2019-01-17,2.425049299063563,2.402394703000159
2019-01-18,2.4254384561810256,2.4027802246462504
2019-01-21,2.437646740596427,2.41487446034843
2019-01-22,2.42895194558026,2.4062608913382753
2019-01-23,2.4086601815982775,2.386158691220666
2019-01-24,2.4127296097367448,2.390190103121393
2019-01-25,2.3973301066600077,2.374934460840358
2019-01-28,2.3708674226725455,2.3487189889061604
2019-01-29,2.3687882986532443,2.346659287879555
2019-01-30,2.3686992615895393,2.346571082592224
2019-01-31,2.408537918508361,2.386037570301722
2019-02-01,2.4224809055210232,2.399850303162928
2019-02-04,2.426617002875484,2.403947761461729
2019-02-05,2.43153141446487,2.408816263052712
2019-02-06,2.46001784576128,2.4370365766274915
2019-02-07,2.46156339888906,2.4385676913346517
2019-02-08,2.4335883878000297,2.410854020324908
2019-02-11,2.4214022540687696,2.3987817283771378
2019-02-12,2.408638030914136,2.386136747466257
2019-02-14,2.3896581520585998,2.367334176960275
2019-02-15,2.3848438528749893,2.3625648525338274
2019-02-18,2.366286574326698,2.3441809344403977
2019-02-19,2.3581475008861936,2.3361178955040978
2019-02-20,2.3873010586696823,2.3649991033293194
2019-02-21,2.3993981553372374,2.3769831899897587
2019-02-22,2.399798604960341,2.377379898647902
2019-02-25,2.419467543823527,2.3968650920238876
2019-02-26,2.4095051650491968,2.3869957809109237
2019-02-27,2.4031342373957356,2.3806843699001115
2019-02-28,2.3999875372662522,2.3775670659649215
2019-03-01,2.4157761974604526,2.393208229892048
2019-03-05,2.4433396835843086,2.420514220366444
2019-03-06,2.457916353894268,2.4349547167116317
2019-03-07,2.4590727499045855,2.4361003097727005
2019-03-08,2.4540026320355,2.4310775564963114
2019-03-11,2.483500611241029,2.4602999681891116
2019-03-12,2.5131099953579747,2.4896327440584995
2019-03-13,2.5221162029335393,2.4985548164394658
2019-03-14,2.522460841519149,2.498896235441891
2019-03-15,2.541051346093653,2.517313069166935
2019-03-18,2.548912450164541,2.525100735498884
2019-03-19,2.5645232533949005,2.5405657039861955
2019-03-20,2.5619991612206436,2.538065191657782
2019-03-22,2.5477339034700823,2.5239331986834066
2019-03-25,2.524906971971772,2.501319514360179
2019-03-26,2.553593410916164,2.529737967129183
2019-03-27,2.545098623547979,2.5213225373132526
2019-03-28,2.572884485167528,2.5488488258711297
2019-04-01,2.594933102430913,2.570691466902175
2019-04-02,2.6047286995834735,2.5803955544525286
2019-04-03,2.589329196506736,2.5651399121714933
2019-04-04,2.5791109990469305,2.555017172208588
2019-04-05,2.5942214574119813,2.569986470008068
2019-04-08,2.580556439768935,2.5564491097512128
2019-04-09,2.5955557103861393,2.571308258508952
2019-04-10,2.5760644113232236,2.551999045437934
2019-04-11,2.578821954335244,2.554730827727033
2019-04-12,2.5892180087588903,2.5650297631297536
2019-04-15,2.599647289208748,2.575361614164088
2019-04-16,2.6211734109226823,2.5966866407528926
2019-04-18,2.613534682347487,2.5891192725044236
2019-04-22,2.578321609469935,2.5542351570392015
2019-04-23,2.574207662799615,2.5501596424948096
2019-04-24,2.6076085056854112,2.5832484576605728
2019-04-25,2.588851002325568,2.564666185238072
2019-04-26,2.6139462073126607,2.5895269530397718
2019-04-30,2.6125007665906566,2.5880950154971476
2019-05-02,2.607297093126013,2.5829399542897615
2019-05-03,2.604517399429851,2.5801862282462533
2019-05-06,2.5791665929208536,2.555072246729459
2019-05-07,2.5568512987934935,2.5329654201061147
2019-05-08,2.5260633679820894,2.4700449677711442
2019-05-09,2.5132433337899625,2.444336383022504
2019-05-10,2.508151065236736,2.4338005972832826
2019-05-13,2.479086544516952,2.376766940185298
2019-05-14,2.495508888008449,2.4076429699217736
2019-05-15,2.481043405446336,2.379109634047622
2019-05-16,2.503303105699773,2.421186293903911
2019-05-17,2.536670722559357,2.4851078738206382
2019-05-20,2.6303129569302337,2.6679444153306764
2019-05-21,2.60381682975299,2.6397352401764693
2019-05-22,2.6102214177598033,2.6462281764180715
2019-05-23,2.592242228634886,2.6280009729602365
2019-05-24,2.63383752167154,2.6701700532118373
2019-05-27,2.6517721922646054,2.6883521240259207
2019-05-28,2.6526616942473775,2.689253896264006
2019-05-29,2.637617905098321,2.6740025852236986
2019-05-30,2.65647552086394,2.69312033279849
2019-05-31,2.6513385166152905,2.6879124660280067
2019-06-03,2.6881972550263984,2.7252796531436525
2019-06-04,2.6733204646626816,2.710197644557224
2019-06-06,2.633759777113476,2.6700912362047
2019-06-07,2.639741764813045,2.6761557425695166
2019-06-10,2.651316365931149,2.6878900097857494
2019-06-11,2.6608561443982346,2.697561384943668
2019-06-12,2.647647170252215,2.684170199303649
2019-06-13,2.6493927310279766,2.6859398392571956
2019-06-14,2.6292121547938407,2.665480881605643
2019-06-17,2.5956002289179922,2.6314052952545497
2019-06-18,2.5999031078942227,2.6357675303925907
2019-06-19,2.599892032552152,2.6357563022714623
2019-06-20,2.63109127116516,2.6673859194904446
2019-06-21,2.607152462188385,2.6431168860692877
2019-06-24,2.601715555049548,2.6376049793913836
2019-06-25,2.6232414595999125,2.659427823521192
2019-06-26,2.634604760564395,2.670947875799033
2019-06-27,2.633270507590237,2.669595217441905
2019-06-28,2.6215512755345043,2.657714324173288
2019-07-01,2.638618594828939,2.6750170789915435
2019-07-02,2.6485588229191284,2.6850944277839903
2019-07-03,2.649993188299062,2.6865485795497497
2019-07-04,2.6566644531698507,2.693311871335387
2019-07-05,2.6265104228193135,2.6627418805280016
2019-07-08,2.5703493176512007,2.605806059718522
2019-07-09,2.5697490775436855,2.6026139839066245
2019-07-10,2.557073674289187,2.5762676529685615
2019-07-11,2.5757532159273957,2.6132426485697557
2019-07-12,2.568992913992902,2.598851205068689
2019-07-15,2.576964988648067,2.6143103277107707
2019-07-16,2.5934763692032687,2.647137328117371
2019-07-17,2.5990136059114515,2.65775814728373
2019-07-18,2.5788664728670976,2.615867591975723
2019-07-19,2.5393613791918153,2.5350490527078713
2019-07-22,2.5231168926641585,2.5019613705088664
2019-07-23,2.5197478170389824,2.494634369306704
2019-07-24,2.506460881171328,2.467681892805566
2019-07-25,2.50220252072695,2.4586604340613936
2019-07-26,2.5093517626153368,2.472075924431869
2019-07-29,2.4882039398403646,2.4297709322513192
2019-07-30,2.4651214068201495,2.3840632804797575
2019-07-31,2.4723707611143118,2.3898822298533067
2019-08-01,2.4416829427086832,2.3602182842048305
2019-08-02,2.4455410706935283,2.3639476890564417
2019-08-05,2.4155759726489023,2.3349823508236
2019-08-06,2.4346225207204326,2.3533934271444026
2019-08-07,2.413997193494911,2.3334562462828363
2019-08-08,2.453346580890494,2.37149277509615
2019-08-09,2.470514012590704,2.3880874301526838
2019-08-13,2.4296412227514823,2.348578325912485
2019-08-14,2.452668379061344,2.370837200889711
2019-08-16,2.4567599578839525,2.374792267691985
2019-08-19,2.4581165787058215,2.376103626022955
2019-08-20,2.449910836049323,2.3681716609366683
2019-08-21,2.4280513682554195,2.3470415155489452
2019-08-22,2.388612943796131,2.3089189203172396
2019-08-23,2.4081819874171115,2.32783505957134
2019-08-26,2.458994788182953,2.3769525347936358
2019-08-27,2.4695576242283686,2.3871629508682926
2019-08-28,2.4563818761085607,2.3744268002909577
2019-08-29,2.434633596062503,2.353404132967178
2019-08-30,2.4513006828974047,2.3695151367359655
2019-09-03,2.4011884518084243,2.321074857283753
2019-09-04,2.4115845062320704,2.331124056262494
2019-09-05,2.412307226593073,2.3318226636781287
2019-09-06,2.4341666943869766,2.352952809065852
2019-09-09,2.446808654451693,2.365172980969019
2019-09-11,2.4540693012514962,2.372191382511784
2019-09-12,2.4423055506639106,2.3608201193792975
2019-09-13,2.4630088396110668,2.3808326608364805
2019-09-16,2.4469087668574687,2.3652697532101876
2019-09-17,2.40556907534272,2.3253093250686625
2019-09-18,2.4106950042492983,2.3302642317509443
2019-09-19,2.3804851628612678,2.30106231582657
2019-09-20,2.5071058569742664,2.4234584190129542
2019-09-23,2.579600268570171,2.4935341167042817
2019-09-24,2.5769317626218555,2.4909546431696317
2019-09-25,2.5440201892592977,2.4591411362422804
2019-09-26,2.5731513791950755,2.487300388995544
2019-09-27,2.5600757434810437,2.4746610106593776
2019-09-30,2.551636549986782,2.466503383622428
2019-10-01,2.5261634803878676,2.4418802011565326
2019-10-03,2.5159563582701328,2.4320136309192586
2019-10-04,2.484990570494888,2.4020809901109232
2019-10-07,2.4742388021435615,2.3916879452948
2019-10-09,2.5158006519904332,2.4318631196461187
2019-10-10,2.498288581704613,2.4149353245749774
2019-10-11,2.5139660541509663,2.4300897315910466
2019-10-14,2.5219939398436244,2.437849773758642
2019-10-15,2.5413738339951237,2.456583074353182
2019-10-16,2.5493126826240764,2.464257050102385
2019-10-17,2.576520237656682,2.490556848382184
2019-10-18,2.5933095875815004,2.506786036037691
2019-10-22,2.576964988648068,2.490986760637959
2019-10-23,2.5804674027052323,2.4943723196521876
2019-10-24,2.5756863295478336,2.4897507629026063
2019-10-25,2.5759755914230906,2.490030373803335
2019-10-29,2.62110652454312,2.5336555520236295
2019-10-30,2.633837521671542,2.545961790345189
2019-10-31,2.6412538747510443,2.5531307031610937
2019-11-01,2.6441779822212648,2.5559572502919585
2019-11-04,2.6554524632856116,2.5668555679594736
2019-11-05,2.6500933007048393,2.561675209244622
2019-11-06,2.6609562568040124,2.5721757321246894
2019-11-07,2.6711855296058884,2.5820637140075147
2019-11-08,2.648080845901532,2.559729898270859
2019-11-11,2.6492593925959906,2.560869123765044
2019-11-13,2.6330259814104044,2.545177326429256
2019-11-14,2.6400640355509446,2.5519805619260394
2019-11-15,2.645256633673517,2.556999913463069
2019-11-18,2.642821578562965,2.554646101879082
2019-11-19,2.6551855692580655,2.56659757862239
2019-11-20,2.66830572350395,2.579279990167753
2019-11-21,2.6614789695170322,2.5726810049760815
2019-11-22,2.6494706927496123,2.561073374070156
2019-11-25,2.684906141122857,2.595326549081793
2019-11-26,2.67688954793584,2.587577422655067
2019-11-27,2.690899204164496,2.60111965871198
2019-11-28,2.70211809135492,2.6119642373475234
2019-11-29,2.6809700514163777,2.5915217836345654
2019-12-02,2.679224490640616,2.589834461997886
2019-12-03,2.6672162138731967,2.5782268310919605
2019-12-04,2.6781126131621513,2.5887596813584484
2019-12-05,2.67259774430168,2.5834288113704567
2019-12-06,2.651049471903604,2.56259947861092
2019-12-09,2.6546074798346915,2.56603877665712
2019-12-10,2.636661733899556,2.54869177515298
2019-12-11,2.6485255968929176,2.5601598105266348
2019-12-12,2.6622349159042464,2.5734117298600436
2019-12-13,2.687785947224795,2.5981102729215553
2019-12-16,2.6805031497408507,2.5910704597332397
2019-12-17,2.70519790510484,2.614941295751529
2019-12-18,2.717795563801274,2.6271186443635934
2019-12-19,2.726256907979677,2.6352976830460944
2019-12-20,2.7289475646121337,2.6378985682262956
2019-12-23,2.7269351098088266,2.6359532572525324
2019-12-24,2.716216567483712,2.6255923299047357
2019-12-26,2.696647523862732,2.606676190650635
2019-12-27,2.7231658017241176,2.6323097089012206
2019-12-30,2.725400632023118,2.6344699760028716
2019-12-31,2.705965143997695,2.6156829363763596
2020-01-01,2.709089476279467,2.6187030279895605
2020-01-02,2.731260356632769,2.640134195923564
2020-01-03,2.718907441279739,2.6281934250030314
2020-01-06,2.666960395187722,2.5779795475776535
2020-01-07,2.680280774245158,2.5908555036053524
2020-01-08,2.6741430802658903,2.584922588524801
2020-01-09,2.7165169047010393,2.6258826466282406
2020-01-10,2.7256119321767396,2.634674226307984
2020-01-13,2.7417897494884023,2.6503122846118
2020-01-14,2.7490725469723465,2.6573520978001155
2020-01-15,2.74484741255418,2.6532679313702525
2020-01-16,2.7475604370343483,2.6558904381140986
2020-01-17,2.7468598673574878,2.655213242344016
2020-01-20,2.7184403224406415,2.6277418911836112
2020-01-21,2.706276339393523,2.615983749004546
2020-01-22,2.6922779756705073,2.6024524286885025
2020-01-23,2.7086112820982993,2.6182407883473653
2020-01-24,2.723710665121279,2.6328363933981644
2020-01-27,2.6949686323029645,2.605053313868704
2020-01-28,2.6809144575424555,2.591468044602595
2020-01-29,2.6973035750077408,2.6073103532115227
2020-01-30,2.6764669476285965,2.5871689220448446
2020-01-31,2.6600778301633117,2.5713266134359167
2020-02-03,2.6035501528890177,2.516684933661387
2020-02-04,2.663980693843579,2.631606101778052
2020-02-05,2.688330810621958,2.6790357080988114
2020-02-06,2.69918269137906,2.6999734061378606
2020-02-07,2.690376491451477,2.681659425088797
2020-02-10,2.6755107764298307,2.6513326297356765
2020-02-11,2.692500351166201,2.6843208397960105
2020-02-12,2.7132479414816397,2.724997578420333
2020-02-13,2.7073439155037056,2.717705486449891
2020-02-14,2.6937344917345825,2.704043976571902
2020-02-17,2.6786907025855258,2.6889426116979163
2020-02-18,2.666838132097805,2.677044678945985
2020-02-19,2.6965031100886736,2.706823191007021
2020-02-20,2.68648492027685,2.696766659489183
2020-02-24,2.6305687756157115,2.640636512057054
2020-02-25,2.6235639475013834,2.633604875001661
2020-02-26,2.5970122264502162,2.606951534965244
2020-02-27,2.5869608106121804,2.596861650258248
2020-02-28,2.490994708878598,2.5005282661983066
2020-03-02,2.475650799675784,2.4851256326483986
2020-03-03,2.5135768970335044,2.523196881106514
2020-03-04,2.5019467020414767,2.51152217492777
2020-03-05,2.50594946096395,2.515540253245137
2020-03-06,2.443784434575697,2.4531373083096306
2020-03-09,2.3241464178928855,2.3330414119349845
2020-03-11,2.3256919710206656,2.3345928802175746
2020-03-12,2.1326144468852544,2.1407764080478975
2020-03-13,2.213792578155255,2.222265224990899
2020-03-16,2.045276470951845,2.0531041714286746
2020-03-17,1.99405214522083,2.001683799498212
2020-03-18,1.8832535544918132,1.8904611594077523
2020-03-19,1.8375888333166923,1.8446216698016669
2020-03-20,1.9447738222406983,1.9522168780778364
2020-03-23,1.6923331160973378,1.6988100285969299
2020-03-24,1.7347623172428404,1.7414016151620837
2020-03-25,1.8496859299842474,1.8567650645862235
2020-03-26,1.921646770688631,1.9290013144663811
2020-03-27,1.9258273865749447,1.933197930443358
2020-03-30,1.8415136305175315,1.8485614880215988
2020-03-31,1.9119289180941348,1.919246269619166
2020-04-01,1.8354428229178277,1.8424674461725317
2020-04-03,1.7976389886500248,1.804518928730729
2020-04-07,1.9551698766643446,1.9626527203743325
2020-04-08,1.9455076179437716,1.9529534821704142
2020-04-09,2.0262633660700975,2.03401829942118
2020-04-13,2.0000117650726876,2.0076662280606854
2020-04-15,1.9847679682756494,1.9923640900676516
2020-04-16,1.999778314234924,2.007431883757779
2020-04-17,2.060698124712724,2.068584847081318
2020-04-20,2.0596083979184003,2.0674909496748213
2020-04-21,1.9972544392242366,2.0048983493499857
2020-04-22,2.043030348147204,2.0508494522426646
2020-04-23,2.0711832162000747,2.0791100672049687
2020-04-24,2.035714324637048,2.0435054287816303
2020-04-27,2.0641560202380353,2.072055976695437
2020-04-28,2.0860823744115033,2.094066247608503
2020-04-29,2.124430854912898,2.1325614957588535
2020-04-30,2.1926002368484303,2.200991776165111
2020-05-04,2.0666466692225107,2.074556157914072
2020-05-05,2.0470997762856715,2.054934454933048
2020-05-06,2.0616210698852777,2.0695113245579244
2020-05-07,2.045643260221597,2.0534723644776127
2020-05-08,2.0573068984034064,2.0651806418402145
2020-05-11,2.054571723239097,2.0624349985889534
2020-05-12,2.0450873214823644,2.0529142980446444
2020-05-13,2.086671539176948,2.0946576672306274
2020-05-14,2.0331235632467974,2.04090475200612
2020-05-15,2.031811460956781,2.0395876280264362
2020-05-18,1.9620745923728973,1.96958386187285
2020-05-19,1.974494176941921,1.982050978787468
2020-05-20,2.01617850704228,2.0238948435303254
2020-05-21,2.0250068576540046,2.032756982084792
2020-05-22,2.0101076994425764,2.017800801681258
2020-05-26,2.007839425953794,2.01552384703581
2020-05-27,2.0714166670378393,2.0793444115078747
2020-05-28,2.110365604810319,2.1184424150047705
2020-05-29,2.1304239179545377,2.1385774955051846
2020-06-01,2.1850950638687934,2.193457879320047
2020-06-02,2.2191072222041752,2.2276002092932496
2020-06-03,2.2374421252567736,2.246005283851464
2020-06-04,2.230225996988823,2.238761537952603
2020-06-05,2.2553657205077675,2.263997476447162
2020-06-08,2.2609917771160855,2.269645065149855
2020-06-09,2.2341288606690903,2.242679338707797
2020-06-10,2.249583957619751,2.2581935855442983
2020-06-11,2.2019621583516757,2.2103895276984065
2020-06-12,2.217728667861734,2.22621637893525
2020-06-15,2.182326445514701,2.1906786648849277
2020-06-16,2.2046306642999904,2.213068246576651
2020-06-17,2.1973257161319046,2.2057353408453357
2020-06-18,2.2441357579752723,2.2527245345012146
2020-06-19,2.278103614942372,2.28682239355554
2020-06-22,2.2929582546219476,2.3017338850454965
2020-06-23,2.3284938154009684,2.3374054478418507
2020-06-24,2.291646152331931,2.3004167610658124
2020-06-25,2.2879993245007086,2.2967559760623644
2020-06-26,2.3089247717799877,2.3177615094013877
2020-06-29,2.293225148649493,2.3020018005322607
2020-06-30,2.290934507312999,2.2997023924326734
2020-07-01,2.319387495419627,2.3282642760708994
2020-07-02,2.3464395613361035,2.3554198758969873
2020-07-03,2.358814627373275,2.3678423038980276
2020-07-06,2.3935720910809404,2.4027327916829275
2020-07-07,2.4015776089258867,2.410768948317662
2020-07-08,2.38069646301489,2.389807885897516
2020-07-09,2.4046463473337356,2.4138494314287042
2020-07-10,2.3945504129638473,2.4037148578081307
2020-07-13,2.4022558107550362,2.4114497457669426
2020-07-14,2.358814627373275,2.3678423038980276
2020-07-15,2.3612275317996856,2.3702644430139275
2020-07-16,2.3883017484003033,2.397442278299454
2020-07-17,2.424270984828639,2.433549176512463
2020-07-20,2.4510672320596405,2.4604479785815054
2020-07-21,2.4822108767987254,2.4917108165574153
2020-07-22,2.4756173564860013,2.485092061464538
2020-07-23,2.4940412966023047,2.5035865138499074
2020-07-24,2.4893047419767584,2.4988318314399627
2020-07-27,2.4754394995221607,2.4849135238049285
2020-07-28,2.5129653644203476,2.522583008030247
2020-07-29,2.4912392350584316,2.50077372823093
2020-07-30,2.468846196373007,2.478294986706752
2020-07-31,2.462463976213905,2.4718883404573426
2020-08-03,2.4220248620239984,2.431294457326453
2020-08-04,2.4673117185872973,2.476754636153881
2020-08-05,2.4687350086251603,2.4781833734201584
2020-08-06,2.4906389949509165,2.500171190879085
2020-08-07,2.4937298840429065,2.503273909449565
2020-08-10,2.506205279649423,2.51579705100218
2020-08-11,2.517846549983522,2.527482874910643
2020-08-12,2.5147111423596793,2.5243354674265857
2020-08-13,2.5129432137362064,2.5225607725708086
2020-08-14,2.485802327919595,2.4953160129122662
2020-08-17,2.5010793507428453,2.5106515040944575
2020-08-18,2.531822763022397,2.5415125778375707
2020-08-19,2.536948691928975,2.5466581247452926
2020-08-20,2.5155561258105985,2.5251836848057563
2020-08-21,2.5287650999566185,2.5384432124562486
2020-08-24,2.5498575460212374,2.5596163837198627
2020-08-25,2.551147280463543,2.5609110542454077
2020-08-26,2.5683479381899654,2.578177542483548
2020-08-27,2.5704939485888305,2.5803317661126837
2020-08-28,2.5901407367678755,2.6000537466558815
2020-08-31,2.532300957203565,2.5419926021678036
2020-09-01,2.550702529472157,2.5604646010990337
2020-09-02,2.5651013428182763,2.5749185217128967
2020-09-03,2.5634224512585084,2.5732332046842745
2020-09-04,2.52037042499421,2.5300164093184367
2020-09-07,2.5250848289356145,2.534748856268943
2020-09-08,2.516701229315276,2.52633317086085
2020-09-09,2.507950840425186,2.517549292403819
2020-09-10,2.546032644062605,2.5557768430621053
2020-09-11,2.549412795029852,2.559169930573489
2020-09-14,2.543986746069516,2.5537231149898445
2020-09-15,2.562165942842415,2.5719718873478876
2020-09-16,2.5805675151110075,2.590443886279118
2020-09-17,2.560898359084251,2.570699452281781
2020-09-18,2.5584190026054165,2.5682106067875656
2020-09-21,2.5018465896357,2.5114216793708937
2020-09-22,2.4802985344011943,2.4897911552258862
2020-09-23,2.4754505748642317,2.478171024229726
2020-09-24,2.4028894940523333,2.3322501667218174
2020-09-25,2.4573048212811144,2.4372798821852157
2020-09-28,2.496731953234762,2.514862887614328
2020-09-29,2.4955868497300853,2.5119073744760168
2020-09-30,2.5011794631486213,2.522517837331577
2020-10-01,2.5388499589844367,2.597850938025712
2020-10-05,2.5580630715141663,2.6162116234884607
2020-10-06,2.5934320678349874,2.652384609337039
2020-10-07,2.6104325007498583,2.6697714872023663
2020-10-08,2.6317249544624595,2.6915479498376382
2020-10-09,2.649426174217761,2.7096515444633686
2020-10-12,2.653150963770618,2.713461003984421
2020-10-13,2.653940353347614,2.7142683375524608
2020-10-14,2.6620681342824772,2.7225808749530227
2020-10-15,2.59742353425182,2.656466807681077
2020-10-16,2.615680692746354,2.6751389783547257
2020-10-19,2.6402753357045667,2.7002926938746246
2020-10-20,2.645556753727275,2.705694166329849
2020-10-21,2.654640923024474,2.714984832212845
2020-10-22,2.64547900916921,2.7056146545231474
2020-10-23,2.6530174081750597,2.713324412472909
2020-10-26,2.616859239440813,2.676344315156309
2020-10-27,2.6439113053572894,2.704011314488022
2020-10-28,2.6083755274146987,2.667667755825068
2020-10-29,2.595299891700667,2.654294891598033
2020-10-30,2.588984557921129,2.647836000953692
2020-11-02,2.5949331024309155,2.6539197646664183
2020-11-03,2.627032918368766,2.6867492568332145
2020-11-04,2.6481585904595972,2.7083551466541103
2020-11-05,2.695257677014652,2.7565248650137466
2020-11-06,2.727112966772668,2.789104272559466
2020-11-09,2.771032127172027,2.834021780345013
2020-11-10,2.8088470367819007,2.8726962787044132
2020-11-11,2.8350986377793106,2.899544617367131
2020-11-12,2.8221228973074846,2.886273919148706
2020-11-13,2.828605229872362,2.892903604707441
2020-11-17,2.862906650083001,2.927984746864001
2020-11-18,2.8771497571494207,2.942551620791664
2020-11-19,2.840113161774472,2.9046731288993497
2020-11-20,2.859537574457824,2.924539087173608
2020-11-23,2.8745257697329576,2.9398679862654937
2020-11-24,2.903145539461355,2.9691383256323323
2020-11-25,2.8593931606837653,2.9243913906611607
2020-11-26,2.8879905625644517,2.953638853726072
2020-11-27,2.883976728299908,2.9495337790801055
2020-12-01,2.9151314483810635,2.9813966919654407
2020-12-02,2.9161766566435348,2.982465659355531
2020-12-03,2.920657609747176,2.9870484711417604
2020-12-04,2.948376584987161,3.015397539630956
2020-12-07,2.9699915266012304,3.037503820794024
2020-12-08,2.978263938473723,3.0459642768070525
2020-12-09,3.008540231914177,3.0769287951166726
2020-12-10,2.997243600165689,3.065375374242976
2020-12-11,3.005149005604859,3.0734604812243704
2020-12-14,3.015000413794913,3.083535826473498
2020-12-15,3.0171572823722785,3.085741723859406
2020-12-16,3.042697238350757,3.1118622407607845
2020-12-17,3.0555950171009485,3.1250532050724895
2020-12-18,3.0600090838250256,3.1295676100529533
2020-12-21,2.9639096436594556,3.0312836876698044
2020-12-22,2.9945750942173723,3.0626462092129674
2020-12-23,3.0245512676040693,3.09330378529672
2020-12-24,3.057496284156409,3.1269976907363666
2020-12-28,3.085059770280265,3.1551877356121607
2020-12-29,3.098268744426285,3.1686969692506888
2020-12-30,3.109243105436875,3.1799207936966076
2020-12-31,3.1091985869050225,3.1798752631927707
2021-01-01,3.117370886371739,3.18823333109717
2021-01-04,3.142810729944441,3.21425145988992
2021-01-05,3.1576208510921644,3.2293982369664564
2021-01-06,3.145779355946514,3.2172875671457963
2021-01-07,3.1438001271694187,3.2152633475751995
2021-01-08,3.1904768305807987,3.263001081398429
2021-01-11,3.22105346123858,3.2942727640339364
2021-01-12,3.2385544561823303,3.3121715824424087
2021-01-13,3.238865651578158,3.3124898517692314
2021-01-14,3.2457036980707166,3.3194833371586263
2021-01-15,3.2097012356161687,3.282662485555447
2021-01-18,3.1758111232071338,3.248002000834339
2021-01-19,3.2291480161472315,3.302551320131633
2021-01-20,3.2566224652073825,3.330650303999753
2021-01-21,3.244536226718328,3.3182893274579977
2021-01-22,3.1959584734150575,3.2686073300709104
2021-01-25,3.166382532487894,3.238359084321656
2021-01-27,3.106029736091397,3.176634379719636
2021-01-28,3.072684487079524,3.142531143945492
2021-01-29,3.032000846709783,3.100922704338826
2021-02-01,3.1757889725229917,3.3926856864001276
2021-02-02,3.257322817720673,3.566015305872866
2021-02-03,3.288922505956784,3.598826650151445
2021-02-04,3.3124276392842438,3.6245465934097663
2021-02-05,3.3187874915956344,3.6315057132880257
2021-02-08,3.3613834743629063,3.678115372741724
2021-02-09,3.359938033640902,3.6765337329851957
2021-02-10,3.359315425685676,3.675852458769155
2021-02-11,3.3741700653652518,3.6921068013571703
2021-02-12,3.371946310408322,3.689673509424049
2021-02-15,3.4056140473216643,3.7265136443419666
2021-02-16,3.405336077952048,3.7262094828503263
2021-02-17,3.3820867633100633,3.70076946321478
2021-02-18,3.3620840440397677,3.678881954751124
2021-02-19,3.33157408259798,3.645497141903472
2021-02-22,3.263516105573864,3.5710262898155385
2021-02-23,3.27065427212018,3.578837061870391
2021-02-24,3.331629676471904,3.6455579742018007
2021-02-25,3.357280603034659,3.673625901599885
2021-02-26,3.230927020112776,3.535366444060885
2021-03-01,3.282606955013678,3.5919160060109165
2021-03-02,3.3176421709273893,3.630252472892004
2021-03-03,3.39024777027114,3.709699454508403
2021-03-04,3.353589256671584,3.66958673204137
2021-03-05,3.321867305345555,3.6348757275649337
2021-03-08,3.32589243211574,3.639280128539582
2021-03-09,3.357514271035993,3.6738815873537947
2021-03-10,3.374503628608793,3.692471795147139
2021-03-12,3.3425150004187887,3.6574689857396603
2021-03-15,3.319954962948024,3.632783191552915
2021-03-16,3.315718753187787,3.628147817945553
2021-03-17,3.2736563413120363,3.582122005980104
2021-03-18,3.2373090231083084,3.542349801808009
2021-03-19,3.2787043084969807,3.5876456261935217
2021-03-22,3.2770143415951423,3.585796419374816
2021-03-23,3.2944373748172575,3.6048611666203523
2021-03-24,3.235430123900559,3.540293860225454
2021-03-25,3.18550682511749,3.485666456326889
2021-03-26,3.226067985233744,3.5717907470340036
2021-03-30,3.3011863842461113,3.7372064315258484
2021-03-31,3.2668517380092603,3.6964682687623815
2021-04-01,3.3061342390252793,3.7409167256157754
2021-04-05,3.2550879874216747,3.68315749305049
2021-04-06,3.2652505910075567,3.6946565584185787
2021-04-07,3.2953935460160233,3.7287635475479437
2021-04-08,3.3075686044052124,3.7425397212513123
2021-04-09,3.2989070354152576,3.732739088257611
2021-04-12,3.182371200330077,3.6008778802468067
2021-04-13,3.2255120464945106,3.6957770525166755
2021-04-15,3.2425572151048034,3.733884330237817
2021-04-16,3.250651552849885,3.7515628828721814
2021-04-19,3.1931898550609663,3.6179626245876912
2021-04-20,3.1791691234902393,3.58525775267885
2021-04-22,3.2035748341425414,3.6393792930395086
2021-04-23,3.1891647282907813,3.605699739666975
2021-04-26,3.2211090551125032,3.677002812828294
2021-04-27,3.258479213730991,3.761372930413089
2021-04-28,3.305511631070052,3.81378335640475
2021-04-29,3.312260857662475,3.8215703772716094
2021-04-30,3.2535980281678167,3.7538872626023343
2021-05-03,3.254276447160536,3.7546699986359284
2021-05-04,3.2236663733129727,3.7193531692891906
2021-05-05,3.250651552849885,3.750487722748364
2021-05-06,3.274434655546961,3.7779278322845724
2021-05-07,3.296305415846505,3.803161548251053
2021-05-10,3.3228124012022495,3.83374437803994
2021-05-11,3.3024428926622025,3.810242753686851
2021-05-12,3.2681414724515636,3.770666978405724
2021-05-14,3.263983007249391,3.765869087142186
2021-05-17,3.3185429654158,3.828818452809319
2021-05-18,3.3596711396133565,3.8762706973452667
2021-05-19,3.3423371434549467,3.8562713406866647
2021-05-20,3.3147402141413087,3.82443097179643
2021-05-21,3.374614816356638,3.8935121873195646
2021-05-24,3.3795961143255884,3.8992594341629
2021-05-25,3.3819866509042873,3.9020175514029134
2021-05-26,3.402667572003732,3.9258784726421014
2021-05-27,3.410761909748814,3.9352174355678855
2021-05-28,3.4325104069584413,3.9603100886704374
2021-05-31,3.465232830851518,3.9980640733945023
2021-06-01,3.4634649022280453,3.9960242993709785
2021-06-02,3.4637652394453724,3.99637081791594
2021-06-03,3.489149271980582,4.025658024135777
2021-06-04,3.4846796113825813,4.020501086541849
2021-06-07,3.502781063597416,4.041385907074561
2021-06-08,3.5002124528913066,4.038422334153514
2021-06-09,3.4769186197174693,4.01154672662873
2021-06-10,3.4996899573418565,4.0378194971186785
2021-06-11,3.5133882010111144,4.053624050104287
2021-06-14,3.516167894707276,4.0568311631740706
2021-06-15,3.52893233502548,4.0715583266127995
2021-06-16,3.506316703680792,4.0454652045659
2021-06-17,3.489382939981915,4.025927622078205
2021-06-18,3.4875926435107307,4.023862040816698
2021-06-21,3.501635742929169,4.040064476267527
2021-06-22,3.507473099691109,4.046799413714072
2021-06-23,3.4883933255933672,4.02478583971422
2021-06-24,3.5114091893975887,4.051340735932027
2021-06-25,3.5269531062483845,4.069274761884831
2021-06-28,3.516801795168143,4.057562535287407
2021-06-29,3.5020694185784844,4.0405648360175555
2021-06-30,3.4960763555368453,4.033650250127961
2021-07-01,3.4868477724655875,4.0230026347362795
2021-07-02,3.496232061816545,4.03382989857101
2021-07-05,3.521171343360368,4.062603966699681
2021-07-06,3.5175911847451395,4.058473305288084
2021-07-07,3.531245127046115,4.074226744909144
2021-07-08,3.4974996455747087,4.035292392241973
2021-07-09,3.489027008890665,4.025516961271848
2021-07-12,3.4896496168458917,4.026235304488338
2021-07-13,3.516279082455123,4.056959447696863
2021-07-14,3.5255300333740918,4.067632870326527
2021-07-15,3.5411519119465225,4.0856568457787095
2021-07-16,3.540974054982682,4.0854516406533845
2021-07-19,3.502947845219186,4.041578333858748
2021-07-20,3.476195899356467,4.010712877230586
2021-07-22,3.518880919187444,4.059961355641321
2021-07-23,3.5259969350496188,4.068171565099966
2021-07-26,3.518969956251149,4.060064083481837
2021-07-27,3.5016246675870986,4.040051697926389
2021-07-28,3.4933856989043885,4.030545864898692
2021-07-29,3.508740683449273,4.048261907385034
2021-07-30,3.5053160139501736,4.044310643860777
2021-08-02,3.532468192272426,4.075637874659847
2021-08-03,3.5870835271491885,4.138651132032668
2021-08-04,3.6155586659399583,4.171504748208387
2021-08-05,3.6235196652530526,4.180689869929106
2021-08-06,3.610977817594112,4.166219526091669
2021-08-09,3.615436402850042,4.17136368534446
2021-08-10,3.620295220565505,4.176969618768157
2021-08-11,3.620773414746673,4.177521342438443
2021-08-12,3.639041648583277,4.198598589755343
2021-08-13,3.6756667189930514,4.240855311118242
2021-08-16,3.683216627668111,4.249566130882624
2021-08-17,3.694679823874799,4.26279196451556
2021-08-18,3.684506144946846,4.251053930680152
2021-08-20,3.658188091897012,4.220689084357726
2021-08-23,3.6684060721932474,4.232478231557683
2021-08-24,3.696903578831728,4.265357654971385
2021-08-25,3.6991386262942987,4.267936374324059
2021-08-26,3.699638971159608,4.26851365467662
2021-08-27,3.714826956919153,4.286037019823066
2021-08-30,3.76505081008312,4.343983539657046
2021-08-31,3.809781293580047,4.395592002286866
2021-09-01,3.797339558326882,4.381237164631083
2021-09-02,3.832452735962228,4.421749517150869
2021-09-03,3.852344050321107,4.444699417833672
2021-09-06,3.8643970627839495,4.4586057607711025
2021-09-07,3.860905506905286,4.454577326088604
2021-09-08,3.8589931645077544,4.452370932518876
2021-09-09,3.8624955785649187,4.456411894986803
2021-09-13,3.8593936141308576,4.452832957245492
2021-09-14,3.8648861151436176,4.459170012226817
2021-09-15,3.895896204287144,4.494948365188753
2021-09-16,3.9203688013190106,4.523183989099693
2021-09-17,3.9105065349504557,4.511805252150385
2021-09-20,3.8686443478862564,4.463506129319447
2021-09-21,3.905358455359736,4.5058655785228625
2021-09-22,3.901945078366277,4.501927343895452
2021-09-23,3.963387167229957,4.572817070523093
2021-09-24,3.9701140259746692,4.580578284151969
2021-09-27,3.9705366262819135,4.581065865560859
2021-09-28,3.9468536359906135,4.553741262206305
2021-09-29,3.93855929059755,4.544171537472922
2021-09-30,3.917844926308323,4.5202720306546125
2021-10-01,3.8986984829945874,4.498181536052228
2021-10-04,3.93410048817805,4.539027127664422
2021-10-05,3.963242970619468,4.572650701532598
2021-10-06,3.9240379969979435,4.527417378351806
2021-10-07,3.956137812935794,4.56445301985938
2021-10-08,3.9794537967937726,4.59135418406644
2021-10-11,3.9907393532001905,4.604375063129761
2021-10-12,4.0009686260020665,4.616177239226564
2021-10-13,4.038728158901587,4.6597428636110685
2021-10-14,4.0780443202709575,4.705104471314652
2021-10-18,4.108843326424433,4.740639284127852
2021-10-19,4.095878661294678,4.725681108325816
2021-10-20,4.062044142759566,4.686644027818129
2021-10-21,4.04236391139074,4.663937667284063
2021-10-22,4.0283099537938005,4.647722704047805
2021-10-25,4.030644896498576,4.6504166790264225
2021-10-26,4.062444592382669,4.687106052544744
2021-10-27,4.049668859558825,4.672365860209169
2021-10-28,3.9710148204630813,4.581617589231145
2021-10-29,3.929742015327896,4.533998474593285
2021-11-01,3.987114893216679,4.600193288353614
2021-11-02,3.9780639499456916,4.589750627531549
2021-11-03,3.9647770140780376,4.574420627057985
2021-11-04,3.984257454962453,4.596896476340161
2021-11-08,4.018002936433859,4.635830829007332
2021-11-09,4.012599038157664,4.629596000755106
2021-11-10,4.006583607268314,4.622655607627528
2021-11-11,3.974650572952233,4.585812392904139
2021-11-12,4.025608004655702,4.644605289921691
2021-11-15,4.027097746745988,4.646324102082528
2021-11-16,4.00258084834584,4.618037364807039
2021-11-17,3.9802212528501966,4.592239647940551
2021-11-18,3.9504563796171217,4.557897981411594
2021-11-22,3.873014113242049,4.468547811287429
2021-11-23,3.8923160456719144,4.509700720743247
2021-11-24,3.87268054999851,4.463037494549614
2021-11-25,3.899632286345641,4.524006909168619
2021-11-26,3.786265084910515,4.259802893017396
2021-11-29,3.7923804110420707,4.272464440791167
2021-11-30,3.776647344721794,4.235912931153801
2021-12-01,3.817497983876874,4.326457034975293
2021-12-02,3.869700631490796,4.443665972448743
2021-12-03,3.82412451305224,4.337847584919113
2021-12-06,3.760869977033234,4.193224719590916
2021-12-07,3.8196770031383807,4.323278257933064
2021-12-08,3.8848443158820576,4.469681582296987
2021-12-09,3.8953181148637674,4.492629806634926
2021-12-10,3.8940841914589557,4.488960357367715
2021-12-13,3.862273203069222,4.452289792790964
2021-12-14,3.8526333121963603,4.441177272914651
2021-12-15,3.829617448392139,4.414645411987161
2021-12-16,3.835621586775849,4.421566767011724
2021-12-17,3.7770920957131784,4.354096072440326
2021-12-20,3.6945907868110908,4.25899152747319
2021-12-21,3.729425995076821,4.33607703551138
2021-12-22,3.770476424716313,4.430414485693903
2021-12-23,3.796527800902171,4.490493900713791
2021-12-24,3.7812173348891385,4.453117516022064
2021-12-27,3.7995633132838074,4.495180797117527
2021-12-28,3.832252511150672,4.571369085297985
2021-12-29,3.827882745794877,4.563870850121117
2021-12-30,3.825736735396012,4.561312225692457
2021-12-31,3.859115644761237,4.601108907455537
2022-01-03,3.9195236007045167,4.673131518270302
2022-01-04,3.9594512946870437,4.720736121331771
2022-01-05,3.986136354170199,4.752551924791976
2022-01-06,3.9462533958830948,4.705000658770813
2022-01-07,3.9611078183991,4.7227111453291215
2022-01-10,4.0034929353398905,4.773245660760021
2022-01-11,4.01515635635813,4.787151611054949
2022-01-12,4.049980272118218,4.828671131003447
2022-01-13,4.060087498993748,4.840721677265206
2022-01-14,4.059631455496722,4.84017795015529
2022-01-17,4.07127272583082,4.854057490847736
2022-01-18,4.027898645992193,4.802343864341333
2022-01-19,3.9890606788039893,4.756038510154892
2022-01-20,3.9487216770198588,4.707943517023813
2022-01-21,3.9176225508126263,4.670864952974968
2022-01-24,3.8135395263226814,4.546769855761257
2022-01-25,3.842192522077291,4.5809319711595835
2022-01-27,3.8048781744962965,4.536443183355603
2022-01-28,3.8030544348353303,4.534268792751283
2022-01-31,3.855957652126113,4.597343726678209
2022-02-01,3.9086606446053445,4.660179938512114
2022-02-02,3.953836313420797,4.714041546020354
2022-02-03,3.9049580057366287,4.655765392214942
2022-02-04,3.8951960689374197,4.644126525050691
2022-02-07,3.827882745794877,4.563870850121118
2022-02-08,3.8397020902563854,4.577962703304102
2022-02-09,3.8835213554135386,4.63020711103685
2022-02-10,3.915109533980439,4.667868757681662
2022-02-11,3.8637186437912243,4.606596926418286
2022-02-14,3.7454261725882114,4.46556032813029
2022-02-15,3.8587594965064156,4.600684282474461
2022-02-16,3.8520326377617033,4.592664048685534
2022-02-17,3.8481189159029356,4.587997834411772
2022-02-18,3.841825949971109,4.580494918130279
2022-02-21,3.8263374098306664,4.562028391971517
2022-02-22,3.8008862737523232,4.531683758720141
2022-02-23,3.794448676882868,4.524008403269504
2022-02-24,3.613145978677113,4.3078465837104964
2022-02-25,3.7044200443170014,4.4166699399127065
2022-02-28,3.7345519239833975,4.452595284653188
2022-03-02,3.692756188971622,4.402763471782436
2022-03-03,3.668762220448064,4.3741561761060765
2022-03-04,3.6125676720901696,4.30715708595159
2022-03-07,3.5275759313671773,4.205823959064975
2022-03-08,3.5609989249371146,4.245673201115347
2022-03-09,3.6348052216594655,4.333670255501761
2022-03-10,3.690299200340499,4.399834077248348
2022-03-11,3.6982043886161,4.4092591983222285
2022-03-14,3.751763874215461,4.473116581452089
2022-03-15,3.7054428847317613,4.417889442144946
2022-03-16,3.774901783946029,4.500703223667836
2022-03-17,3.844216486549808,4.583345083856924
2022-03-21,3.806534698208352,4.5384182073529535
2022-03-22,3.8505428956714165,4.59088787345981
2022-03-23,3.8350100541626913,4.572368528096084
2022-03-24,3.829917568445895,4.566296908702027
2022-03-25,3.814406877621311,4.547803972940783
2022-03-28,3.829750786824125,4.5660980599304
2022-03-29,3.8527223492600635,4.593486371209863
2022-03-30,3.8911820175093044,4.639340690812746
2022-03-31,3.8837324384035905,4.6304587790134395
2022-04-01,3.929474904136776,4.684996161644004
2022-04-04,4.0146338608086785,4.786528655137588
2022-04-05,3.9932858132221547,4.761076012369425
2022-04-06,3.9599850827421346,4.721372540968044
2022-04-07,3.922603848781576,4.676804006521276
2022-04-08,3.9548035599616327,4.715194765328717
2022-04-11,3.9304755938673948,4.686189254273762
2022-04-12,3.89830932587712,4.647838368787714
2022-04-13,3.886156418172072,4.633348818061477
2022-04-18,3.8189990184727987,4.553279046019962
2022-04-19,3.7711882868988127,4.496275731487095
2022-04-20,3.810748974448018,4.543442763683917
2022-04-21,3.867687959523916,4.611329423615923
2022-04-22,3.818620719533837,4.552828011436403
2022-04-25,3.770142861472772,4.495029301817031
2022-04-26,3.825036600046291,4.560477475119901
2022-04-27,3.788922732680327,4.5174199842033556
2022-04-28,3.834876715730705,4.572209552645852
2022-04-29,3.803188207594458,4.534428286036858
2022-05-02,3.7957494866672445,4.52555932012112
2022-05-04,3.7086894801034513,4.421760261332202
2022-05-05,3.7098126500875566,4.423099383528623
2022-05-06,3.64945985369106,4.351142537802391
2022-05-09,3.6251318875968224,4.322137026747436
2022-05-10,3.6113891253957116,4.305751939748965
2022-05-11,3.5951667895521964,4.286410530778581
2022-05-12,3.515311835914283,4.191201842490987
2022-05-13,3.5095635162160486,4.184348291729337
2022-05-16,3.522939271983838,4.200295807863162
2022-05-17,3.615669853687802,4.310855724887373
2022-05-18,3.611444719269636,4.305818222672841
2022-05-19,3.5156232484736822,4.191573130431759
2022-05-20,3.617193256131441,4.312672032352164
2022-05-23,3.6057519934453244,4.299030954835067
2022-05-24,3.585838311238734,4.275288463286423
2022-05-25,3.563745175443497,4.248947473987726
2022-05-26,3.5958452085449175,4.287219389584
2022-05-27,3.6363842179770294,4.335552845890427
2022-05-30,3.7050871708040827,4.417465334999213
2022-05-31,3.687997700825507,4.3970900677669755
2022-06-01,3.674254721460826,4.380704721850833
2022-06-02,3.6976597423825095,4.408609832802387
2022-06-03,3.687942106951583,4.3970237848431
2022-06-06,3.684662068390112,4.39311309233445
2022-06-07,3.650593881853667,4.352494605882383
2022-06-08,3.6372292014279486,4.336560294549798
2022-06-09,3.6643255687127074,4.368866488079613
2022-06-10,3.6028832626854568,4.295610652396025
2022-06-13,3.507840106124428,4.182293521089198
2022-06-14,3.49843344892576,4.171078243235339
2022-06-15,3.4895497216036824,4.160486439134183
2022-06-16,3.415820952275826,4.072581818356455
2022-06-17,3.400899643380256,4.054791585155359
2022-06-20,3.41349730207669,4.069811399272599
2022-06-21,3.4776858586103203,4.146341507828564
2022-06-22,3.4275401843315585,4.086554310492929
2022-06-23,3.459417841937286,4.124561094393701
2022-06-24,3.491128500757674,4.162368770605176
2022-06-27,3.5206599231529845,4.197578207984268
2022-06-28,3.524696125265239,4.202390451824692
2022-06-29,3.513332607137187,4.188842066833952
2022-06-30,3.5091409159088025,4.183844437940813
2022-07-01,3.502869883497547,4.1763676723441305
2022-07-04,3.5213937188560562,4.198453090795888
2022-07-05,3.515945519211579,4.191957364256096
2022-07-06,3.555739657598548,4.239402732949661
2022-07-07,3.5875617213303523,4.277343233926558
2022-07-08,3.607063878571769,4.300595076487921
2022-07-11,3.6060410381570094,4.299375574255682
2022-07-12,3.570972379053516,4.257564254091528
2022-07-13,3.5505917951713983,4.233265089549399
2022-07-14,3.5443652812919955,4.225841402075352
2022-07-15,3.5689488489081382,4.255151659229531
2022-07-18,3.6199395066378197,4.315946305224538
2022-07-19,3.6337378627128536,4.3323976751468845
2022-07-20,3.6738321211535796,4.380200868062308
2022-07-21,3.6926006998554937,4.40257808672972
2022-07-22,3.7179958077327737,4.432855919221878
2022-07-25,3.6983268688695876,4.4094052278888896
2022-07-26,3.6656042278129406,4.370390995328744
2022-07-27,3.700728697953927,4.412268857334444
2022-07-28,3.7647281050180763,4.48857344859863
2022-07-29,3.815574348973699,4.549195914342164
2022-08-01,3.856002387821535,4.597397063718511
2022-08-02,3.8572028680365653,4.598828360605946
2022-08-03,3.8666985622989385,4.610149794705074
2022-08-04,3.865330866134999,4.60851913121067
2022-08-05,3.8687776863182397,4.612628672490946
2022-08-08,3.897152712703233,4.646459373269895
2022-08-10,3.899298723102098,4.6490179976985555
2022-08-11,3.9269288784419483,4.6819606108646425
2022-08-12,3.935634965963756,4.6923406203106035
2022-08-16,3.963898804600903,4.726038755241802
2022-08-17,3.9903614885883654,4.757589427006506
2022-08-18,3.9930855884106045,4.7608372902764025
2022-08-19,3.949043947757758,4.708327750848152
2022-08-22,3.8895029087859685,4.6373387393775705
2022-08-23,3.9088052755429734,4.660352377681256
2022-08-24,3.9149093091688894,4.66763003558864
2022-08-25,3.89656333077422,4.6457566707097495
2022-08-26,3.9046691781885126,4.655421031711993
2022-08-29,3.8499648062480447,4.590198634618573
2022-08-30,3.949233314390809,4.708553527057603
2022-09-01,3.9010890195732832,4.651152514981484
2022-09-02,3.9003437142009996,4.650263909533279
2022-09-05,3.928441205543517,4.683763713528194
2022-09-06,3.926172714891165,4.6810590595328705
2022-09-07,3.919234773156401,4.672787157767354
2022-09-08,3.95800585396504,4.7190127653110086
2022-09-09,3.9656999592505886,4.7281862184082994
2022-09-12,3.9886046353069635,4.755494783044975
2022-09-13,4.018336499677396,4.79094320143476
2022-09-14,4.003592830582097,4.77336476288886
2022-09-15,3.9754957735667196,4.739865476729287
2022-09-16,3.898431371803469,4.647983880519034
2022-09-19,3.9187565789752328,4.672217021054958
2022-09-20,3.9618974251396666,4.723652569982289
2022-09-21,3.940126777245898,4.697696073425604
2022-09-22,3.9204356876985704,4.6742189724901335
2022-09-23,3.853177958429951,4.594029580484436
2022-09-26,3.7840083210909405,4.511560677299836
2022-09-27,3.782029092313845,4.503421649440671
2022-09-28,3.748939444823877,4.423457573154893
2022-09-29,3.7399332372483123,4.410619218440671
2022-09-30,3.8013644679334915,4.483066973382914
2022-10-03,3.7553327403250494,4.371095806211597
2022-10-04,3.841381198979724,4.469068109227413
2022-10-06,3.854167789982069,4.495432714061817
2022-10-07,3.8503539633655066,4.48537641887114
2022-10-10,3.8339759212422924,4.446061071040654
2022-10-11,3.7767255236069963,4.312133694287773
2022-10-12,3.8078689511825106,4.345536108607598
2022-10-13,3.783574428278055,4.286792699322887
2022-10-14,3.8216783825996155,4.372030597325301
2022-10-17,3.8497202800682095,4.435063200426877
2022-10-18,3.888669000677119,4.477716471095244
2022-10-19,3.894295274449007,4.484195001084525
2022-10-20,3.905791913845477,4.497433127440574
2022-10-21,3.908538598678997,4.500595874364475
2022-10-24,3.9428843202579182,4.540144214220299
2022-10-25,3.926339496512934,4.521093215078592
2022-10-27,3.944262874600358,4.5417315890995615
2022-10-28,3.9553486405223643,4.554496603724111
2022-10-31,4.0054717297898454,4.6122122340223175
2022-11-01,4.035092406412431,4.646319788965885
2022-11-02,4.021182645425981,4.6303030063939605
2022-11-03,4.01447793736541,4.622582683139018
2022-11-04,4.028810298659105,4.639086080631397
2022-11-07,4.047856846730634,4.661017760083299
2022-11-09,4.037671875297041,4.649289990417664
2022-11-10,4.009029737720931,4.6163092015745955
2022-11-11,4.080523459586217,4.69863264332815
2022-11-14,4.0759539037460115,4.69337090069906
2022-11-15,4.0924652843012135,4.712383390746342
2022-11-16,4.093855131149295,4.71398376869645
2022-11-17,4.079233942307483,4.6971477926613145
2022-11-18,4.071172830588613,4.687865600550688
2022-11-21,4.038327709278479,4.650045168762871
2022-11-22,4.057062844790612,4.671618263530327
2022-11-23,4.062188773697191,4.677520657457569
2022-11-24,4.1104108130727806,4.733047270790893
2022-11-25,4.116781957889812,4.74038350333781
2022-11-28,4.12790073267446,4.7531865269386735
2022-11-29,4.140198271317137,4.767346871088472
2022-11-30,4.171397292766574,4.80327185524163
2022-12-01,4.183439012723777,4.8171376298249875
2022-12-02,4.157554418159688,4.787332090858555
2022-12-05,4.158655437459652,4.788599890265906
2022-12-06,4.145690772329896,4.773671364700055
2022-12-07,4.127400387809151,4.752610390876635
2022-12-08,4.138263343908323,4.765118844911057
2022-12-09,4.113190506768943,4.73624802669111
2022-12-12,4.11331298702243,4.736389059997962
2022-12-13,4.137963223854566,4.764773263297456
2022-12-14,4.149593636010164,4.778165426031204
2022-12-15,4.095022602501684,4.715328086174543
2022-12-16,4.062577930814654,4.677968763283601
2022-12-19,4.0962565259064965,4.716748921723373
2022-12-20,4.088440374694601,4.707748796226453
2022-12-21,4.047033796800288,4.660070036265971
2022-12-22,4.031078354984318,4.619793321321465
2022-12-23,3.9597961504362247,4.455216616681113
2022-12-26,4.006005517844937,4.558048938420346
2022-12-27,4.032179374284282,4.616434686157892
2022-12-28,4.0299999206956345,4.610253434374065
2022-12-29,4.045232642150602,4.6439162458635845
2022-12-30,4.026175235900572,4.598962707590654
2023-01-02,4.046666790366966,4.644590075306658
2023-01-03,4.0544725177275005,4.661310222166639
2023-01-04,4.012309776282404,4.563161322283707
2023-01-05,4.001013361697486,4.536289709046902
2023-01-06,3.9715038728227463,4.468204791204257
2023-01-09,4.025263148906519,4.588017767541315
2023-01-10,3.983668073033435,4.492013743463264
2023-01-11,3.979564984541616,4.481601742933175
2023-01-12,3.97122590345313,4.461663600556995
2023-01-13,3.9931077390947447,4.509681163417581
2023-01-16,3.9793760522357045,4.477501744272303
2023-01-17,4.014611710124538,4.555639525021048
2023-01-18,4.03952862382065,4.581636538560417
2023-01-19,4.026742032818305,4.567133977000508
2023-01-20,4.008907691794586,4.546906253400882
2023-01-23,4.0291217112185045,4.569833010111471
2023-01-24,4.029066117344581,4.5697699554959925
2023-01-25,3.9787310764327684,4.512679912550988
2023-01-27,3.9147759707369016,4.4401419814280905
2023-01-30,3.92469383097938,4.459274325476774
2023-01-31,3.927629448118811,4.46479506785925
2023-02-01,3.917433618506717,4.44046289217335
2023-02-02,3.9161215162167005,4.436342964032809
2023-02-03,3.970303392607718,4.557957569888072
2023-02-06,3.9504116439216985,4.511109957495702
2023-02-07,3.94082734692276,4.488057105478192
2023-02-08,3.974227972644986,4.56297685464805
2023-02-09,3.979064639676308,4.572906254532988
2023-02-10,3.9708480388413094,4.561176942655776
2023-02-13,3.9518127832754204,4.539311797493982
2023-02-14,3.98715919458496,4.579913007788028
2023-02-15,4.006283487214554,4.601880426770942
2023-02-16,4.010730997128413,4.606989128859992
2023-02-17,3.990350196082726,4.583578401757584
2023-02-20,3.9682016835771354,4.558137165133454
2023-02-21,3.9642210753388034,4.553564776984417
2023-02-22,3.9036463377737536,4.4839846536489105
2023-02-23,3.8940728989533158,4.472987972843556
2023-02-24,3.8839661064049267,4.4613786469048655
2023-02-27,3.8677101102080598,4.442705941652038
2023-02-28,3.84797428496531,4.42003607613188
2023-03-01,3.880652624653674,4.457572564069186
2023-03-02,3.851966185709282,4.38829175013736
2023-03-03,3.9125522157799724,4.455119283870787
2023-03-06,3.93859229946019,4.5110448895512185
2023-03-08,3.9481435875964865,4.519728882105692
2023-03-09,3.911495932175431,4.477775629141851
2023-03-10,3.8722023558173415,4.432793396858096
2023-03-13,3.814696139496571,4.366961822843881
2023-03-14,3.7900124594746525,4.338704608019626
2023-03-15,3.7741903560906707,4.320591888445569
2023-03-16,3.7771811327768847,4.324015649377435
2023-03-17,3.8026322688552283,4.353151427310404
2023-03-20,3.7778039578956815,4.324728642868038
2023-03-21,3.8042887925672844,4.355047771224743
2023-03-22,3.8141623514414795,4.366350756595657
2023-03-23,3.7974841892645075,4.347258043876566
2023-03-24,3.768164067022819,4.313693154357615
2023-03-27,3.777203283461026,4.324041006886515
2023-03-28,3.769642516607465,4.315385643787193
2023-03-29,3.7983289555518565,4.34822510966403
2023-03-31,3.860383011355833,4.419262928336621
2023-04-03,3.8689001665717293,4.4290131391809275
2023-04-05,3.90425787038691,4.4694896901454015
2023-04-06,3.9136197918901554,4.480206966777173
2023-04-10,3.919157028598338,4.486545846841123
2023-04-11,3.9410054210501717,4.511557300503133
2023-04-12,3.9610413663466795,4.534493913275123
2023-04-13,3.9645103372140618,4.538465098079483
2023-04-17,3.9375694590454318,4.507623903359365
2023-04-18,3.927184697127427,4.495735706455369
2023-04-19,3.9179782647403103,4.485196429593218
2023-04-20,3.919245631334904,4.486647276877444
2023-04-21,3.919157028598339,4.486545846841124
2023-04-24,3.945697457143865,4.516928617573559
2023-04-25,3.9514457768420996,4.52350913978286
2023-04-26,3.9613080432106544,4.534799197796204
2023-04-27,3.983868297844989,4.5606255721911975
2023-04-28,4.017213329693292,4.59879807027181
2023-05-02,4.035592751277743,4.619838339129461
2023-05-03,4.0227392738958345,4.605124022978191
2023-05-04,4.059642748002365,4.647370130311603
2023-05-05,4.018102831676065,4.599816348283495
2023-05-08,4.061555090399898,4.6495593285955135
2023-05-09,4.061899511821937,4.649953613001405
2023-05-10,4.072829354300675,4.662465803511195
2023-05-11,4.06880444469406,4.657858194949534
2023-05-12,4.072762902248251,4.662389730983955
2023-05-15,4.09145330206496,4.683785999380847
2023-05-16,4.0664695019892845,4.65518521516886
2023-05-17,4.043175668815447,4.6285190597378625
2023-05-18,4.031656444407696,4.61533216060412
2023-05-19,4.047990185162628,4.6340305889173194
2023-05-22,4.072673865184546,4.662287803741575
2023-05-23,4.080145594974402,4.6708412395985155
2023-05-24,4.066224975809451,4.6549052881568596
2023-05-25,4.074174899780474,4.664006147886293
2023-05-26,4.1138020393821035,4.70937023442443
2023-05-29,4.13588409983527,4.734649184946931
2023-05-30,4.143711543552806,4.7436098325673335
2023-05-31,4.1215964742369975,4.718293094384243
2023-06-01,4.1112225704974925,4.706417327631756
2023-06-02,4.121529587857433,4.718216524650942
2023-06-05,4.134816523725087,4.733427052450486
2023-06-06,4.135961844393334,4.734738184831742
2023-06-07,4.164292569410045,4.767170438945117
2023-06-08,4.143867466996075,4.7437883295430145
2023-06-09,4.128045363612093,4.725675609968958
2023-06-12,4.136517783132566,4.735374608589044
2023-06-13,4.162013220579192,4.764561101540174
2023-06-14,4.170852646532987,4.774680239281293
2023-06-15,4.1557754141941485,4.75742022810081
2023-06-16,4.1864410819156355,4.792525461994859
2023-06-19,4.170752316963641,4.774565384681343
2023-06-20,4.184372816074835,4.790157766735267
2023-06-21,4.193301279092336,4.800378831718766
2023-06-22,4.174266023526447,4.778587781709922
2023-06-23,4.150749814856916,4.751667056776003
2023-06-26,4.156464691365369,4.758209294118654
2023-06-27,4.184528739518104,4.790336263710947
2023-06-28,4.218930054970948,4.829717966930435
2023-06-30,4.26717467935782,4.884947118912829
2023-07-03,4.296861808032829,4.918932147552812
2023-07-04,4.31163848599077,4.935848092139502
2023-07-05,4.313751053199852,4.938266502417253
2023-07-06,4.335721925905173,4.963418168188294
2023-07-07,4.2989187813679886,4.921286915454832
2023-07-10,4.304277943948761,4.927421941034021
2023-07-11,4.322846297839122,4.948678494527942
2023-07-12,4.310593494891869,4.934651814358196
2023-07-13,4.31714227950917,4.942148687336801
2023-07-14,4.350665385484883,4.980525039902175
2023-07-17,4.383343290846107,5.017933829474024
2023-07-18,4.391749258314157,5.02755675556687
2023-07-19,4.410406649268224,5.048915236303173
2023-07-20,4.4428734716393965,5.0860823837296705
2023-07-21,4.390804162457463,5.026474835179456
2023-07-24,4.374648495829941,5.007980261351017
2023-07-25,4.376483093669409,5.010080459750117
2023-07-26,4.398209440194894,5.034952198509156
2023-07-27,4.37188009463942,5.004811069922072
2023-07-28,4.3688002808895,5.001285381747825
2023-07-31,4.392761240550416,5.028715245687586
2023-08-01,4.388258136762634,5.023560213253432
2023-08-02,4.342226409154192,4.97086432614874
2023-08-03,4.3100041129628535,4.933977105734243
2023-08-04,4.340102549439468,4.968432988513419
2023-08-07,4.357959475474469,4.988875118480417
2023-08-08,4.352077383017106,4.982141456804515
2023-08-09,4.365798211697646,4.997848693458391
2023-08-10,4.345906463011627,4.975077153098451
2023-08-11,4.320378016702359,4.945852872486731
2023-08-14,4.32176786355044,4.947443931879988
2023-08-16,4.328539023663435,4.955195374361515
2023-08-17,4.3063570679680625,4.929802066445123
2023-08-18,4.294104265020809,4.915775386275375
2023-08-21,4.3126613264055305,4.937019012411727
2023-08-22,4.313295009702827,4.9377444360538405
2023-08-23,4.323869138253883,4.949849414800169
2023-08-24,4.31112684861982,4.935262383400358
2023-08-25,4.284241998652254,4.904485328262032
2023-08-28,4.293192612353896,4.914731750754611
2023-08-29,4.30133146863083,4.924048895120316
2023-08-30,4.3023986104138725,4.925270530410701
2023-08-31,4.281573492703939,4.901430494226977
2023-09-01,4.3219346451722105,4.947634859007178
2023-09-04,4.342726754019502,4.971437107530312
2023-09-05,4.352978177505519,4.983172662173768
2023-09-06,4.361017138540247,4.992375449145581
2023-09-07,4.38681269604063,5.021905511484443
2023-09-08,4.407471032128794,5.045554620540975
2023-09-11,4.44669815643446,5.09046078029749
2023-09-12,4.445997586757598,5.089658786922076
2023-09-13,4.4630761985576735,5.10920992362885
2023-09-14,4.470436740599682,5.11763607473433
2023-09-15,4.490283753590279,5.140356402870048
2023-09-18,4.477152741165894,5.125324372046187
2023-09-20,4.425583776849269,5.066289604877544
2023-09-21,4.3902147805284475,5.0258001265555
2023-09-22,4.375071096137185,5.008464042847777
2023-09-25,4.3751379825167485,5.008540612581078
2023-09-26,4.37294723642246,5.006032705212456
2023-09-27,4.384455168324571,5.019206676988629
2023-09-28,4.341559282667111,4.970100617639974
2023-09-29,4.367076870797878,4.999312468100184
2023-10-03,4.342715461513858,4.971424180172741
2023-10-04,4.322112284972478,4.947838216285878
2023-10-05,4.346495844940639,4.975751861722402
2023-10-06,4.370456804601556,5.003181725662163
2023-10-09,4.339068416519067,4.967249140883621
2023-10-10,4.378540067004567,5.012435227652137
2023-10-11,4.4055586897312615,5.043365422257065
2023-10-12,4.401700561746416,5.038948740822594
2023-10-13,4.39214970793726,5.028015179554552
2023-10-16,4.38785768713953,5.0231017892657475
2023-10-17,4.405592132921043,5.043403707123715
2023-10-18,4.374370526460323,5.007662049472364
2023-10-19,4.364052216594742,4.995849925095607
2023-10-20,4.3458065677694195,4.974962795704558
2023-10-23,4.287788714077699,4.9085455129512
2023-10-25,4.252297671830531,4.823566760656037
2023-10-26,4.193390316156039,4.688680219801175
2023-10-27,4.235641660337701,4.7819543116504635
2023-10-30,4.256467212374774,4.827744130499737
2023-10-31,4.24283542075794,4.795576144909524
2023-11-01,4.222721730903368,4.748871138517266
2023-11-02,4.254765952967295,4.819720069439962
2023-11-03,4.276414120607577,4.867522174394882
2023-11-06,4.316697528517785,4.957969840073415
2023-11-07,4.315574358533679,4.954200831270612
2023-11-08,4.323757950506036,4.9635954459346046
2023-11-09,4.313039625344492,4.951291003695033
2023-11-10,4.319721748393781,4.958961959358207
2023-11-13,4.323769243011677,4.963608409525585
2023-11-15,4.375337773001162,5.0228081435392316
2023-11-16,4.3952959737396045,5.0457197947991705
2023-11-17,4.387868979645172,5.037193740730904
2023-11-20,4.379463012177122,5.027543843044517
2023-11-21,4.3993434683575,5.05036624496655
2023-11-22,4.4056698774791085,5.057628847513822
2023-11-23,4.403479565711961,5.0551144094631635
2023-11-24,4.401856050862547,5.05325064395982
2023-11-28,4.422981722953377,5.077502531087332
2023-11-29,4.468991299877678,5.130320688140761
2023-11-30,4.477119297976112,5.139651482049155
2023-12-01,4.507084396020739,5.174050869316864
2023-12-04,4.600237578031947,5.280989027118005
2023-12-05,4.637663113360787,5.323952860627269
2023-12-06,4.656031242439598,5.345039138557155
2023-12-07,4.647903678668304,5.3357088432484145
2023-12-08,4.663080806249349,5.353131909526865
2023-12-11,4.669240433749188,5.360203049807342
2023-12-12,4.649071150020693,5.337049079115989
2023-12-13,4.653507367428912,5.342141775972905
2023-12-14,4.710513238884373,5.407583479043899
2023-12-15,4.771433266525744,5.477518562188765
2023-12-18,4.762982997689411,5.4678178073377595
2023-12-19,4.770643659785177,5.476612108019401
2023-12-20,4.703275177095851,5.399274315824737
2023-12-21,4.726602453459471,5.426053604593889
2023-12-22,4.747583494612673,5.450139458036914
2023-12-26,4.768030747710785,5.4736125325062615
2023-12-27,4.815485765357091,5.5280900292052575
2023-12-28,4.843049034317377,5.55973216039124
2023-12-29,4.832530933967384,5.5476575725917545
2024-01-01,4.8348658766721595,5.550338044326901
2024-01-02,4.817943188315353,5.530911106042582
2024-01-03,4.78493128538345,5.493014042208272
2024-01-04,4.81634182415008,5.529072769121547
2024-01-05,4.827950085621536,5.542398842050351
2024-01-08,4.783964038842613,5.4919036607807845
2024-01-09,4.791046611515005,5.500034325324131
2024-01-10,4.807468955006502,5.51888687680806
2024-01-11,4.813806656633752,5.526162442946314
2024-01-12,4.868811582955117,5.589307097415406
2024-01-15,4.913931223569507,5.641103623779602
2024-01-16,4.899443807486822,5.624472333750299
2024-01-17,4.797072900582857,5.5069523955110995
2024-01-18,4.772678482436196,5.478948047394244
2024-01-19,4.808292004936852,5.5198317231507135
2024-01-23,4.722988851654461,5.421905255479973
2024-01-24,4.770832592091089,5.527643282321338
2024-01-25,4.748294922468035,5.473991733303252
2024-01-29,4.833909488309824,5.669978408103402
2024-01-30,4.785987568987991,5.6109329647138155
2024-01-31,4.83126313304565,5.66401253318433
2024-02-01,4.824981025292324,5.656647598576178
2024-02-02,4.85974978150563,5.697409334282188
2024-02-05,4.841492405847526,5.676004993077248
2024-02-06,4.87656128211459,5.717118579572405
2024-02-07,4.876805808294424,5.717405253949091
2024-02-08,4.8295397229540304,5.661992064398022
2024-02-09,4.8438942349318665,5.678820817771874
2024-02-12,4.806880007404629,5.635426566031286
2024-02-13,4.835165996725918,5.668588121015416
2024-02-14,4.8566921184398515,5.6938246315968035
2024-02-15,4.872413892254487,5.712256317364631
2024-02-16,4.901311414188931,5.746134812885837
2024-02-19,4.919446309593547,5.7673955623070725
2024-02-20,4.936057585390955,5.786870070674285
2024-02-21,4.904502850013836,5.749876346313706
2024-02-22,4.94061628305266,5.792214536496129
2024-02-23,4.939559999448118,5.79097618465936
2024-02-26,4.919402008225263,5.7673436248533925
2024-02-27,4.936368997950352,5.787235160422214
2024-02-28,4.881397949145908,5.722788927456556
2024-02-29,4.888436220450019,5.73104036311233
2024-03-01,4.967590604411071,5.823838335498746
2024-03-04,4.982456319432717,5.841266406352811
2024-03-05,4.971493468091338,5.828413923329834
2024-03-06,4.997678182709183,5.859112013599208
2024-03-07,5.002014504875197,5.864195773771206
2024-03-11,4.966234200752772,5.82224813287283
2024-03-12,4.966912185418351,5.823042979590427
2024-03-13,4.891749267874131,5.734924469942457
2024-03-14,4.924872358553881,5.773756882001462
2024-03-15,4.897453286204083,5.741611671699153
2024-03-18,4.904647046624322,5.750045397633529
2024-03-19,4.8516660847754745,5.687932276557705
2024-03-20,4.856480601122655,5.693576655715017
2024-03-21,4.894918118687754,5.738639525452764
2024-03-22,4.913775734453373,5.760747568235999
2024-03-26,4.89330589634398,5.73674940949138
2024-03-27,4.919757722152942,5.767760652055003
2024-03-28,4.964955541652536,5.820749075386216
2024-04-01,4.9949983842552275,5.855970306842275
2024-04-02,4.993063891173555,5.8537023713649035
2024-04-03,4.9889165013134535,5.84884010915713
2024-04-04,5.0067065409688905,5.869696561144814
2024-04-05,5.006495023651698,5.869448585263027
2024-04-08,5.040429871756155,5.909232674782113
2024-04-09,5.03519275510173,5.903092853051949
2024-04-10,5.059887727629289,5.932044419143643
2024-04-12,5.007762824573432,5.870934912981581
2024-04-15,4.952858227821413,5.8065665861964435
2024-04-16,4.9251503279234985,5.774082764063769
2024-04-18,4.891337960072528,5.734442266328386
2024-04-19,4.9249501031119465,5.773848027140762
2024-04-22,4.96706810886162,5.823225779059751
2024-04-23,4.974095087660089,5.8314639757567415
2024-04-24,4.981744891577355,5.84043235194959
2024-04-25,5.019092682348131,5.884217662164948
2024-04-26,4.985647320930482,5.8450074305899555
2024-04-29,5.035337386039357,5.903262413562492
2024-04-30,5.026764636949538,5.893212007084637
2024-05-02,5.036404527822399,5.904513495167319
2024-05-03,4.998078198005146,5.8595809782544945
2024-05-06,4.990706363457496,5.850938484123953
2024-05-07,4.9595294926922,5.814387755691824
2024-05-08,4.9595294926922,5.814387755691824
2024-05-09,4.882809946678129,5.724444306494932
2024-05-10,4.904535858876475,5.749915044808603
2024-05-13,4.915399249302788,5.762650923156161
2024-05-14,4.940705320116363,5.79231892059421
2024-05-15,4.936858484637159,5.787809018366306
2024-05-16,4.9820671623152535,5.840810171465578
2024-05-17,4.995910036922139,5.857039098168495
2024-05-21,5.009908834972295,5.873450824340738
2024-05-22,5.025197150301185,5.891374337767654
2024-05-23,5.107442640517798,5.987796220525076
2024-05-24,5.105096405307381,5.985045572242911
2024-05-27,5.099614762473122,5.978619076136061
2024-05-28,5.089763788610208,5.967070121362314
2024-05-29,5.04896874332905,5.91924336438362
2024-05-30,5.00092477808087,5.862918214248811
2024-05-31,5.010275407078475,5.873880581310405
2024-06-03,5.1733213811168355,6.065030269291971
2024-06-04,4.866576535492541,5.705412794056167
2024-06-05,5.0302114571327765,5.897252944657248
2024-06-06,5.074920224272701,5.949668019235088
2024-06-07,5.179158737878776,6.071873792600431
2024-06-10,5.172275955690795,6.063804647223262
2024-06-11,5.173532464106888,6.065277735983036
2024-06-12,5.18645239354122,6.080424632400948
2024-06-13,5.203342073035384,6.10022553202119
2024-06-14,5.218174344867248,6.117614395189633
2024-06-18,5.238699776850564,6.1416777303467125
2024-06-19,5.229382156715601,6.130754061780018
2024-06-20,5.240723306995942,6.144050049922167
2024-06-21,5.226068674964347,6.126869445759167
2024-06-24,5.234240974431063,6.136450378391009
2024-06-25,5.2750360197122195,6.184277135369703
2024-06-26,5.30783640532693,6.2227312187219965
2024-06-27,5.346907606189326,6.26853699772366
2024-06-28,5.339368990019907,6.259698974355734
2024-07-01,5.368577924513749,6.29394255962487
2024-07-02,5.364553014907135,6.289223889200801
2024-07-03,5.400722476147022,6.331627764986408
2024-07-04,5.404202739520045,6.335707910244643
2024-07-05,5.409028114045726,6.341365019170014
2024-07-08,5.408294535506223,6.340504996039955
2024-07-09,5.433344787634323,6.369873080142535
2024-07-10,5.409161452477714,6.341521340721776
2024-07-11,5.407271260764324,6.3393053426980845
2024-07-12,5.448677838658637,6.387849040213855
2024-07-15,5.467479426223193,6.409891397393906
2024-07-16,5.473328075490774,6.4167481596611475
2024-07-18,5.515101225491269,6.465721614146586
2024-07-19,5.455071134159811,6.395344327646931
2024-07-22,5.45025661781263,6.389699948489619
2024-07-23,5.4435410515735585,6.381826841540557
2024-07-24,5.428964164100029,6.364737382516858
2024-07-25,5.427318498566474,6.362808058869853
2024-07-26,5.52266199234483,6.4745856062413525
2024-07-29,5.522939961714446,6.47491148830366
2024-07-30,5.52765458281942,6.48043875359483
2024-07-31,5.548524436224777,6.504905876994739
2024-08-01,5.561811372092431,6.520483039573041
2024-08-02,5.496610616158971,6.444043837523742
2024-08-05,5.349375887326092,6.2714307285988085
2024-08-06,5.335355372918935,6.233803010875887
2024-08-07,5.403168606599647,6.39066038377473
2024-08-08,5.363029829627068,6.294062790445575
2024-08-09,5.418734891298155,6.423190470768342
2024-08-12,5.414176193636449,6.410726234309627
2024-08-13,5.367922090532314,6.299537120783225
2024-08-14,5.368978374136855,6.30039144820714
2024-08-16,5.457350482990664,6.506172240905075
2024-08-19,5.464355311104993,6.511270206887983
2024-08-20,5.492418924930588,6.544710523667686
2024-08-21,5.508285329682852,6.563616770182054
2024-08-22,5.5174696113858275,6.574560666839491
2024-08-23,5.5200603727760775,6.577647791759646
2024-08-26,5.561744485712867,6.627318156736514
2024-08-27,5.5633345573724995,6.629212869952388
2024-08-28,5.571028662658048,6.638381087548458
2024-08-29,5.593177175163639,6.6647730297619265
2024-08-30,5.611845858623346,6.687018443080124
2024-09-02,5.621363269242721,6.698359292765852
2024-09-03,5.621619087928196,6.698664123709351
2024-09-04,5.603573229587285,6.677160862467517
2024-09-05,5.591653989883571,6.662958017675592
2024-09-06,5.526509262151174,6.585332222742794
2024-09-09,5.545244397663305,6.607656819650728
2024-09-10,5.568526938331503,6.635400058287755
2024-09-11,5.541252496919333,6.602900111328658
2024-09-12,5.64586930946437,6.727560441025691
2024-09-13,5.63866425653849,6.718974973246905
2024-09-16,5.644723988796123,6.726195688567275
2024-09-17,5.652462829777094,6.735417212762972
2024-09-18,5.643345434453683,6.724553017235075
2024-09-19,5.6518512971639385,6.734688516721467
2024-09-20,5.735275116911439,6.834095491769883
2024-09-23,5.768209275285279,6.873339499891519
2024-09-24,5.768509395339037,6.873697119894843
2024-09-25,5.782685833189463,6.890589619038829
2024-09-26,5.829807287592229,6.946739064799506
2024-09-27,5.821556809240308,6.936907878716811
2024-09-30,5.7397004761411585,6.839368704814554
2024-10-01,5.736598511707098,6.8356724355472025
2024-10-03,5.615003416931333,6.690780957442156
2024-10-04,5.562633987695641,6.62837807825143
2024-10-07,5.5139671973286655,6.570387225874506
2024-10-08,5.562311716957742,6.6279940637181936
2024-10-09,5.555373340895838,6.619726365377961
2024-10-10,5.559042536574771,6.624098541626992
2024-10-11,5.551437468352928,6.615036419690375
2024-10-14,5.587840163267009,6.658413500672423
2024-10-15,5.572140540136514,6.639705989442102
2024-10-16,5.553005389328419,6.616904738376335
2024-10-17,5.50376007521093,6.558224522982873
2024-10-18,5.5269318624584205,6.585835788970337
2024-10-21,5.510709309451335,6.566505159818162
2024-10-22,5.441995281282211,6.4846262227908396
2024-10-23,5.433856425005277,6.474928044437311
2024-10-24,5.425828756476189,6.465362356273148
2024-10-25,5.377217559983137,6.407437748990906
2024-10-28,5.41243063286069,6.449397288454715
2024-10-29,5.440827809929824,6.4832350758025115
2024-10-30,5.412808497472511,6.449847548082632
2024-10-31,5.382676617806116,6.413942706764825
2024-11-01,5.404691791879718,6.440175764259015
2024-11-04,5.335977763710594,6.358296827231693
2024-11-05,5.384444763593158,6.416049611299602
2024-11-06,5.444652929052026,6.4877930488405315
2024-11-07,5.381342364831957,6.412352824492448
2024-11-08,5.369967771361834,6.398798974612489
2024-11-11,5.368433727903264,6.396971024031099
2024-11-12,5.311093858877123,6.328645419343933
2024-11-13,5.238955595536039,6.242686198516022
2024-11-14,5.233095653762818,6.2239893447158625
2024-11-18,5.215550574614356,6.200010086592338
2024-11-19,5.229938095454834,6.217113319138141
2024-11-21,5.1924456737464295,6.172544027854819
2024-11-22,5.316386569405472,6.319879346002735
2024-11-25,5.3863571059906885,6.481444882558195
2024-11-26,5.380263930543274,6.470872195294485
2024-11-27,5.398143007262416,6.492375456456573
2024-11-28,5.317921047191181,6.395892076165495
2024-11-29,5.366165237250913,6.453915621491922
2024-12-02,5.398398825947891,6.49268313095735
2024-12-03,5.438670941352457,6.541118619472648
2024-12-04,5.440961148361811,6.543873063687581
2024-12-05,5.494542784645313,6.608315984124439
2024-12-06,5.487738181342537,6.60013205135081
2024-12-09,5.474662328464935,6.584405653183779
2024-12-10,5.472672241509339,6.582012164962118
2024-12-11,5.47973266349759,6.590503772236524
2024-12-12,5.459029157386863,6.56560355474413
2024-12-13,5.507863163702748,6.624336475235335
2024-12-16,5.4856143216278115,6.597577673916518
2024-12-17,5.4117300631838265,6.508716681257584
2024-12-18,5.381231177084109,6.472035507880614
2024-12-19,5.326270986458166,6.405934592765547
2024-12-20,5.245282004657646,6.308528711339712
2024-12-23,5.282185044437036,6.352912194587566
2024-12-24,5.276448017244443,6.346012241309539
2024-12-26,5.281462324076035,6.352042974945304
2024-12-27,5.295516716000114,6.368946267255374
2024-12-30,5.258046444975851,6.323880571956561
2024-12-31,5.25802429429171,6.323853931210314
2025-01-01,5.279839243553761,6.35009088732323
2025-01-02,5.378963120758898,6.4693077044119285
2025-01-03,5.338068180235535,6.420123140796268
2025-01-06,5.251630998790538,6.316164680528766
2025-01-07,5.272056101204507,6.340730060406562
2025-01-08,5.267841824964841,6.335661527841136
2025-01-09,5.231717099420376,6.292214127284948
2025-01-10,5.210591427329544,6.2668061685111365
2025-01-13,5.133749401061986,6.174387852676839
2025-01-14,5.153785780685634,6.198485713576376
2025-01-15,5.162046682888915,6.208421144823864
2025-01-16,5.183973254225953,6.234792349403163
2025-01-17,5.159822927931986,6.205746622847673
2025-01-20,5.19130035307818,6.2436046903676825
2025-01-21,5.120118043772292,6.157993346383335
2025-01-22,5.149182347328505,6.192949139665116
2025-01-23,5.160301122113153,6.20632174954607
2025-01-24,5.135139247910067,6.176059428911958
2025-01-27,5.076643634364319,6.105706441748807
2025-01-28,5.1051298484971595,6.139966963790295
2025-01-29,5.1509057574201265,6.195021894196665
2025-01-30,5.170119087113426,6.218129868544467
2025-01-31,5.227692189813761,6.287373346981558
2025-02-01,5.221854833051822,6.2803527267940575
2025-02-03,5.1949252473888325,6.247964370135903
2025-02-04,5.279027486129054,6.349114582328404
2025-02-05,5.269476632319897,6.337627719387695
2025-02-06,5.248806569398953,6.3127677241984586
2025-02-07,5.2391553860204505,6.3011601943482765
2025-02-10,5.199494803229039,6.2534601993764305
2025-02-11,5.130603135259645,6.170603821974589
2025-02-12,5.124698892118142,6.1635027571807735
2025-02-13,5.121619078368222,6.159798648717264
2025-02-14,5.098903334617758,6.132478302256962
2025-02-17,5.105630193362471,6.140568731234939
2025-02-18,5.102472635054487,6.136771118975778
2025-02-19,5.099715092042466,6.133454607251787
2025-02-20,5.09532317600253,6.128172426348811
2025-02-21,5.069249649132531,6.096813656177975
2025-02-24,5.015312298921348,6.0319429166984415
2025-02-25,5.014022781642613,6.030392007372795
2025-02-27,5.01346684290338,6.0297233768787475
2025-02-28,4.919990955827133,5.917299427715514
2025-03-03,4.918790475612103,5.91585560374243
2025-03-04,4.910640326829528,5.906053376226176
2025-03-05,4.967268333673168,5.974160182823386
2025-03-06,5.0133886640181755,6.029629350715521
2025-03-07,5.015123366615437,6.031715686803979
2025-03-10,4.9946205196434015,6.0070568031305305
2025-03-11,5.002981751416028,6.017112901287493
2025-03-12,4.996888575968613,6.009784606599215
2025-03-13,4.980588278403463,5.990180151566708
2025-03-17,5.005394438678868,6.020014653158144
2025-03-18,5.077788955032568,6.107083925040061
2025-03-19,5.094088818270578,6.126687857704995
2025-03-20,5.157032376057326,6.202390411188101
2025-03-21,5.192556861494276,6.245115899757746
2025-03-24,5.261037221662066,6.327477595067508
2025-03-25,5.26332786299856,6.330232561650014
2025-03-26,5.2228998241507245,6.281609543175839
2025-03-27,5.246271401882626,6.309718664672088
2025-03-28,5.230127027760745,6.290301739598458
2025-04-01,5.151483846843503,6.195717165436961
2025-04-02,5.188542810066163,6.240288178643693
2025-04-03,5.170252425545416,6.218290235389525
2025-04-04,5.093388248593717,6.12584527880898
2025-04-07,4.928196698483631,5.927168518281172
2025-04-08,5.01142072774672,6.027262503240107
2025-04-09,4.981022171216348,5.99070199677261
2025-04-11,5.076510295932332,6.105546074903751
2025-04-15,5.187698043778811,6.239272173713284
2025-04-16,5.211858793924138,6.268330437090537
2025-04-17,5.304022578710369,6.379176313814304
2025-04-21,5.364931313846098,6.45243157521568
2025-04-22,5.374204198285638,6.463584122909366
2025-04-23,5.410162142208334,6.50683093431734
2025-04-24,5.391871757687587,6.484832991063172
2025-04-25,5.34576228552108,6.429376882360374
2025-04-28,5.4100622469661275,6.5067107897754415
2025-04-29,5.411718770678184,6.508703099700674
2025-04-30,5.411329613560722,6.508235058354841
2025-05-02,5.414109307256884,6.511578210825079
2025-05-05,5.439560443335227,6.542188428263126
2025-05-06,5.42142554793061,6.520377492600262
2025-05-07,5.429164388911581,6.529685038024435
2025-05-08,5.39789848108258,6.492081363512709
2025-05-09,5.3387909005965355,6.4209923604385315
2025-05-12,5.542642343767414,6.6661655810489
2025-05-13,5.465622677699586,6.573533616877051
2025-05-14,5.485314201574054,6.597216717923249
2025-05-15,5.573196823741055,6.702913617475274
2025-05-16,5.5637906008695275,6.691600702936531
2025-05-19,5.547256635303044,6.671715214149495
2025-05-20,5.489094585000835,6.601763405282773
2025-05-21,5.517903069871574,6.636411524063779
2025-05-22,5.472594062624133,6.581918138798894
2025-05-23,5.5267316376468685,6.6470296897298
2025-05-26,5.559643211009426,6.686612614977422
2025-05-27,5.520738357441659,6.639821539583423
2025-05-28,5.504338164634303,6.620096940009017
2025-05-29,5.522384022975215,6.641800790319319
2025-05-30,5.503949007516841,6.619628898663184
2025-06-02,5.496366089979139,6.610508883197889
2025-06-03,5.457650603044423,6.563945560065925
2025-06-04,5.47492900532891,6.584726386873897
2025-06-05,5.5039937432122645,6.619682702523254
2025-06-06,5.560065811316672,6.687120878626416
2025-06-09,5.58233636974861,6.713905798323907
2025-06-10,5.582570037749944,6.714186832078437
2025-06-11,5.590831374280365,6.724122785693499
2025-06-12,5.534525638174624,6.6564035758358076
2025-06-13,5.496810840970526,6.611043787593129
2025-06-16,5.547490303304379,6.671996247904028
2025-06-17,5.526787231520792,6.647096552779208
2025-06-18,5.517592091639317,6.6360375088811745
2025-06-19,5.513411258589433,6.631009198618906
2025-06-20,5.584382484905269,6.716366671962545
2025-06-23,5.553138727760408,6.678789638197067
2025-06-24,5.569249658692507,6.698166340967538
2025-06-25,5.613813794894805,6.751763865843914
2025-06-26,5.6814715394593875,6.833136196969516
2025-06-27,5.701218657207779,6.856886161065119
2025-06-30,5.674366816102854,6.824591308202617
2025-07-01,5.679870609621254,6.831210750093689
2025-07-02,5.660212528936569,6.807567871350649
2025-07-03,5.649516354459165,6.794703525118687
2025-07-04,5.661902495838407,6.80960040357904
2025-07-07,5.661969382217971,6.809680848185355
2025-07-08,5.675578588823524,6.826048713732613
2025-07-09,5.665260278957943,6.813638827289574
2025-07-10,5.638386287168877,6.781317333680825
2025-07-11,5.592710273488115,6.726382547816354
2025-07-14,5.57768906935034,6.70831646528773
2025-07-15,5.602928688111491,6.738672289717495
2025-07-16,5.606542289916501,6.743018387928804
2025-07-17,5.5841709675880775,6.7161122789542675
2025-07-18,5.552360413525484,6.677853555505404
2025-07-21,5.579556676052449,6.710562645853671
2025-07-22,5.572930146877082,6.702592883785167
2025-07-23,5.608287850692262,6.745117783206598
2025-07-24,5.573196823741057,6.7029136174752795
2025-07-25,5.523140186526001,6.642710232264743
2025-07-28,5.488427458513758,6.600961048689921
2025-07-29,5.519604329279055,6.67095111764198
2025-07-30,5.5271542379541145,6.68747995831146
2025-07-31,5.507874021881251,6.63909951803974
2025-08-01,5.46273179625558,6.5285596795890415
2025-08-04,5.49773378614308,6.610538108704388
2025-08-05,5.481456073589211,6.569687993353049
2025-08-06,5.464699732527034,6.5278274855714145
2025-08-07,5.469581135253779,6.537805826954669
2025-08-08,5.417801087947102,6.412333813660464
2025-08-11,5.467112854117015,6.527407455829285
2025-08-12,5.44539780009717,6.473870834226529
2025-08-13,5.474740073023,6.5419692907175735
2025-08-14,5.477397720792815,6.546633321127489
2025-08-18,5.532023913848078,6.675524106007227
2025-08-19,5.555084513347722,6.700013697967192
2025-08-20,5.570628647362088,6.718761551500122
2025-08-21,5.578011340088238,6.727665852105133
2025-08-22,5.530500728568009,6.670363078903489
2025-08-25,5.5522157825878535,6.696553708233335
2025-08-26,5.495354542070021,6.627973097184575
2025-08-28,5.448399869289024,6.571340844324995
2025-08-29,5.431932790102104,6.551479822255435
2025-09-01,5.476007873944733,6.604638989280727
2025-09-02,5.465900647069204,6.592448615155583
2025-09-03,5.496021668557098,6.6287777215950525
2025-09-04,5.500302396849188,6.63394072822895
2025-09-05,5.501792138939474,6.635737513208076
2025-09-08,5.508941597991431,6.64436050957583
2025-09-09,5.5301671653244675,6.669960766698249
2025-09-10,5.553405404624382,6.697988516996549
2025-09-11,5.560610457550261,6.7066785653985095
2025-09-12,5.584738198832947,6.735779148244113
2025-09-15,5.574775602895047,6.723763214176708
2025-09-16,5.612557286478707,6.769331881392221
2025-09-17,5.632826899776548,6.793779157832699
2025-09-18,5.653585565434057,6.818816282636587
2025-09-19,5.632115471921186,6.792921101332463
2025-09-22,5.60438498701199,6.7594752323638705
2025-09-23,5.597080038843904,6.7506646998379445
2025-09-24,5.572040644894305,6.720464568400159
2025-09-25,5.535115020103634,6.675928397742621
2025-09-26,5.482600959930314,6.612590941462396
2025-09-29,5.478198185711877,6.607280734659655
2025-09-30,5.472905475183528,6.6008971714655935
2025-10-01,5.522984697409867,6.661297958185183
2025-10-03,5.535871183654417,6.676840410176633
2025-10-06,5.576654936429934,6.726029887239296
2025-10-07,5.583470832238351,6.7342505714018115
2025-10-08,5.569650108315606,6.717581330929282
2025-10-09,5.599815431171783,6.75396386945851
2025-10-10,5.6228421531545045,6.7817365077204155
2025-10-13,5.6099443744043125,6.766180435784516
2025-10-14,5.591743026947272,6.744227704554125
2025-10-15,5.631337157686259,6.791982372853572
2025-10-16,5.689543943683891,6.862185852667735
2025-10-17,5.717240551076165,6.895590861802983
2025-10-20,5.7468833783828925,6.931343215979474
2025-10-21,5.752542661017422,6.938168903524085
2025-10-23,5.757612996050078,6.944284258581321
2025-10-24,5.736209354589631,6.918469225411834
2025-10-27,5.774213413668985,6.964306100764173
2025-10-28,5.767575157660838,6.956299668804707
2025-10-29,5.793749014100182,6.987868080815518
2025-10-30,5.754599634352581,6.940649828789722
2025-10-31,5.719964650898403,6.8988764114790975
2025-11-03,5.729137640095738,6.909939997123164
2025-11-04,5.692290194190271,6.86549811838873
2025-11-06,5.672732008747792,6.841908898448487
2025-11-07,5.668863022584446,6.837242495942931
2025-11-10,5.68710867140977,6.859248659263081
2025-11-11,5.713927069324912,6.891594455795473
2025-11-12,5.754144025182695,6.94010031641564
2025-11-13,5.754888896227838,6.9409987089052025
2025-11-14,5.761760385910177,6.949286445101924
2025-11-17,5.784753664703117,6.977018747374502
2025-11-18,5.761760385910177,6.949286445101924
2025-11-19,5.793471044730565,6.9875328206444856
2025-11-20,5.8244924263797335,7.02494785573169
2025-11-21,5.796917864913807,6.991690046765286
2025-11-24,5.772756680441339,6.962549127930355
2025-11-25,5.756145404643931,6.9425141896470715
2025-11-26,5.827416751013523,7.028474897499752
2025-11-27,5.829696099844376,7.031224030902217
2025-11-28,5.826893821136932,7.027844189302997
2025-12-01,5.82084538138494,7.020549137518942
2025-12-02,5.788923205247359,6.982047649939986
2025-12-03,5.778649631077201,6.969656643556239
2025-12-04,5.78926806099654,6.982463582089673
2025-12-05,5.823224625457999,7.023418755045372
2025-12-08,5.772990348442672,6.962830956011629
2025-12-09,5.746105064147965,6.9304044875005815
2025-12-10,5.727948018059207,6.908505188359948
2025-12-11,5.759203067709708,6.946202051528427
2025-12-12,5.792203243808831,6.986003719958168
2025-12-15,5.787833912780176,6.980733849144754
2025-12-16,5.750652469304029,6.935889134361063
2025-12-17,5.741413028054271,6.92474540058236
2025-12-18,5.740745901567192,6.923940776171882
2025-12-19,5.774291158227046,6.964399868843256
2025-12-22,5.820100510339795,7.019650745029378
2025-12-23,5.821156793944336,7.0209247336793
2025-12-24,5.813362359089441,7.011523828945948
2025-12-26,5.791169545215568,6.98475697119714
2025-12-29,5.76888725995085,6.95788220158078
2025-12-30,5.768164539589847,6.957010525136096
2025-12-31,5.810582665393278,7.008171227235624
2026-01-01,5.814352190641557,7.012717669461232
2026-01-02,5.854824530857675,7.061531550363534
2026-01-05,5.837423648319701,7.040544263656912
2026-01-06,5.821501215366373,7.021340141984968
2026-01-07,5.813062239035681,7.011161852730035
2026-01-08,5.754377258856882,6.940381620652892
2026-01-09,5.7113367422617936,6.8884702500766615
2026-01-12,5.735119627795299,6.940618528382127
2026-01-13,5.722233141550748,6.907637942630851
2026-01-14,5.707400435391744,6.870045378968774
2026-01-16,5.713793730892916,6.883664669404381
2026-01-19,5.689588245052165,6.823566242856734
2026-01-20,5.61108969507255,6.633518385824608
2026-01-21,5.594411532895578,6.592372988589099
2026-01-22,5.623854135390753,6.660062041985694
2026-01-23,5.570206047054827,6.531278427748716
2026-01-27,5.5983921411339095,6.561062055773088
2026-01-28,5.635606593472698,6.643316492940454
2026-01-29,5.652540574335144,6.6815268736192905
2026-01-30,5.630692181883311,6.628152133187808
2026-02-02,5.579045473008621,6.504850959023948
2026-02-03,5.721176857946204,6.66731567639469
2026-02-04,5.73195077698167,6.679871330775765
2026-02-05,5.702330534686225,6.645352645075508
2026-02-06,5.713649099955284,6.658543016484474
2026-02-09,5.752253833469293,6.7035320023752885
2026-02-10,5.767341923986632,6.721115283740449
2026-02-11,5.771500172025235,6.725961201463759
2026-02-12,5.738888718716434,6.687956633649397
2026-02-13,5.6641484014794585,6.600856146958328
2026-02-16,5.711214262008301,6.655705517554364
2026-02-17,5.7206986637650346,6.666758400918049
2026-02-18,5.741590667854532,6.6911054172462965
2026-02-19,5.6604236119266025,6.596515370856897
2026-02-20,5.686419394238538,6.626810202013494
2026-02-23,5.7179411207530135,6.663544829618144
2026-02-24,5.653819233435377,6.588818794201305
2026-02-25,5.666683568995787,6.603810567446208
2026-02-26,5.6698081184411295,6.6074518388167425
2026-02-27,5.59911486149491,6.52506769444297
2026-03-02,5.529522189521515,6.4439661441271525
2026-03-04,5.443863322311444,6.344141453796405
2026-03-05,5.507329375647642,6.418103196779342
2026-03-06,5.437180764935015,6.336353769433461
2026-03-09,5.3432497030160215,6.226888871356927
2026-03-10,5.395185239438828,6.2874132398131835
2026-03-11,5.307402512514034,6.185113456766018
2026-03-12,5.256767785875604,6.1261050193293265
2026-03-13,5.1482372514718,5.999626263058587
2026-03-16,5.205543677308159,6.066409731009981
2026-03-17,5.243870007125413,6.111074272231834
2026-03-18,5.287600235218862,6.162036380647484
2026-03-19,5.115114595119191,5.961025952068924
2026-03-20,5.140098395194867,5.990141444569232
2026-03-23,5.006261789977488,5.834171629582319
2026-03-24,5.095156394380749,5.937767166689614
2026-03-25,5.182783197862275,6.0398852404760035
2026-03-27,5.074519774649587,5.913717768872052
2026-03-30,4.965956231383141,5.787200544902652
2026-04-01,5.04334290388429,5.877385027487613
2026-04-02,5.050836784358287,5.88611820739131
2026-04-06,5.107575978949773,5.9522406383104665
2026-04-07,5.142133217845887,5.992512775730054
2026-04-08,5.336422514701969,6.2189326377353815
2026-04-09,5.286999560784209,6.161336369762658
2026-04-10,5.348264009847619,6.232732418475753
2026-04-13,5.302021199249125,6.17884220957657
2026-04-15,5.388447522515621,6.279561273901165
2026-04-16,5.380764275408573,6.270607410884104
2026-04-17,5.415632926864085,6.311242460671313
2026-04-20,5.418145509369131,6.314170561154845
2026-04-21,5.465233520582115,6.369045745601298
2026-04-22,5.421091984687062,6.317604309414186
2026-04-23,5.375494149891505,6.264465739100664
2026-04-24,5.314318303564661,6.193172945789235
2026-04-27,5.357625931350864,6.24364256643125
2026-04-28,5.336055508268647,6.218504937664752
2026-04-29,5.376516990306264,6.265657731605195
2026-04-30,5.336467250397391,6.218984771590144
2026-05-04,5.363541466998009,6.250536382954279
2026-05-05,5.344305986620568,6.228119837714051
2026-05-06,5.41060689319971,6.3053852473963845
2026-05-07,5.409650939164514,6.3042712025970316
2026-05-08,5.376183427062724,6.265269005387156
2026-05-11,5.296061362233695,6.171896765352706
2026-05-12,5.199039194059142,6.058829569758228
2026-05-13,5.20638844359551,6.067394200403321
2026-05-14,5.2679864559024585,6.1391789753344534
2026-05-15,5.257735032416441,6.127232224130852
2026-05-18,5.259169180632806,6.128903544406847
2026-05-19,5.252064457276272,6.120623878424196
2026-05-20,5.261181852599684,6.131249061717252
2026-05-21,5.260225464237348,6.13013451076397
2026-05-22,5.274591268720826,6.146876058143977
2026-05-25,5.344061026113594,6.227834366897678
2026-05-26,5.317820717621824,6.1972545710786395
2026-05-27,5.31636441872132,6.195557436952229
2026-05-29,5.236442578703843,6.102418533879388
2026-06-01,5.199717178724724,6.059619676042549
2026-06-02,5.222166245611211,6.085781254208905
2026-06-03,5.204831815125661,6.06558014471914
2026-06-04,5.207267087399782,6.06841814980318
2026-06-05,5.196181321477776,6.055499076900552
2026-06-08,5.141988586908258,5.992344226471448
2026-06-09,5.168473421579861,6.023208986952929
2026-06-10,5.16243584000637,6.016172941175643
2026-06-11,5.150572194176578,6.002347346584855
2026-06-12,5.2531541840705955,6.1218938186339065
2026-06-15,5.304522923575668,6.181757656211855
2026-06-16,5.334599209368141,6.216807803538338
2026-06-17,5.3560693028810125,6.241828510747067
2026-06-18,5.3743709799073995,6.263156825038359
2026-06-19,5.339924928759133,6.223014263024784
2026-06-22,5.359894422003216,6.246286208406269
2026-06-23,5.297895960073164,6.174034759551917
2026-06-24,5.341826412978164,6.225230204929177
2026-06-25,5.349464924389789,6.234131934091476
2026-06-29,5.325059213737487,6.205690132471649
2026-06-30,5.307157986334204,6.184828492103576
2026-07-01,5.338312706415358,6.221135419637598
2026-07-02,5.376083097493379,6.265152083829385
2026-07-03,5.3972422127739925,6.289810384824421
2026-07-06,5.432711104337019,6.331144939342528
2026-07-07,5.425672833032909,6.322942714911128
2026-07-08,5.3107828806448545,6.189052852801168
2026-07-09,5.328739701922061,6.209979280872247
2026-07-10,5.383021473555283,6.2732378928569466
2026-07-13,5.383933126222196,6.274300309955466
2026-07-14,5.348586714912656,6.233108490845544
2026-07-15,5.354468373042879,6.239962827362053
2026-07-16,5.353189713942644,6.238472710192904
2026-07-17,5.4113521985719935,6.306253807539812
2026-07-20,5.390048452353752,6.281426957286174
2026-07-21,5.378751603441694,6.268261893573694
2026-07-22,5.336177988522134,6.218647673072936
2026-07-23,5.308014045127193,6.185826121499089
2026-07-24,5.285298301376729,6.159353764819872
2026-07-27,5.322157039787836,6.202308011913139
