date,BH,REG,REG100,LEV,EQRISK
2007-09-17,0.9995,1.0,1.0,1.0,1.0
2007-09-18,1.010963521952043,1.0,1.0,1.0,1.0
2007-09-19,1.0523586987589302,1.0,1.0,1.0,1.0
2007-09-20,1.0557387411443921,1.0,1.0,1.0,1.0
2007-09-21,1.0757525357567583,1.0,1.0,1.0,1.0
2007-09-24,1.096800463289525,1.0,1.0,1.0,1.0
2007-09-25,1.0982792386195261,1.0,1.0,1.0,1.0
2007-09-26,1.0986461364710625,1.0,1.0,1.0,1.0
2007-09-27,1.1119997415547107,1.0,1.0,1.0,1.0
2007-09-28,1.1166252170141953,1.0,1.0,1.0,1.0
2007-10-01,1.127210312325537,1.0,1.0,1.0,1.0
2007-10-03,1.158754189524155,1.0,1.0,1.0,1.0
2007-10-04,1.1582761039247722,1.0,1.0,1.0,1.0
2007-10-05,1.1532059860556867,1.0,1.0,1.0,1.0
2007-10-08,1.1308016548646211,1.0,1.0,1.0,1.0
2007-10-09,1.184649859430314,1.0,1.0,1.0,1.0
2007-10-10,1.210045184471164,1.0,1.0,1.0,1.0
2007-10-11,1.2285912790955997,1.0,1.0,1.0,1.0
2007-10-12,1.207109784495303,1.0,1.0,1.0,1.0
2007-10-15,1.2609579890609959,1.0,1.0,1.0,1.0
2007-10-16,1.2604353849297605,1.0,1.0,1.0,1.0
2007-10-17,1.2362520497731513,1.0,1.0,1.0,1.0
2007-10-18,1.189931277453022,1.0,1.0,1.0,1.0
2007-10-19,1.1597548792547734,1.0,1.0,1.0,1.0
2007-10-22,1.1527945696722979,1.0,1.0,1.0,1.0
2007-10-23,1.217216794207262,1.0,1.0,1.0,1.0
2007-10-24,1.222209058936498,1.0,1.0,1.0,1.0
2007-10-25,1.2383980601720164,1.0,1.0,1.0,1.0
2007-10-26,1.2680517456572442,1.0,1.0,1.0,1.0
2007-10-29,1.3133274182966876,1.0,1.0,1.0,1.0
2007-10-30,1.3050661903480512,1.0,1.0,1.0,1.0
2007-10-31,1.3121599469442995,1.0,1.0,1.0,1.0
2007-11-01,1.3045547701406712,1.0,1.0,1.0,1.0
2007-11-02,1.319220368932551,1.0,1.0,1.0,1.0
2007-11-05,1.3002961925327232,1.0,1.0,1.0,1.0
2007-11-06,1.2867758058273053,1.0,1.0,1.0,1.0
2007-11-07,1.2858529692365366,1.0,1.0,1.0,1.0
2007-11-08,1.267262356080248,1.0,1.0,1.0,1.0
2007-11-12,1.249105418573275,1.0,1.0,1.0,1.0
2007-11-13,1.2665173764533195,1.0,1.0,1.0,1.0
2007-11-14,1.3204434341588618,1.0,1.0,1.0,1.0
2007-11-15,1.3147061898026975,1.0,1.0,1.0,1.0
2007-11-16,1.3135387184503093,1.0,1.0,1.0,1.0
2007-11-19,1.3137165754141498,1.0,1.0,1.0,1.0
2007-11-20,1.2855304813350672,1.0,1.0,1.0,1.0
2007-11-21,1.2366412068906132,1.0,1.0,1.0,1.0
2007-11-22,1.2273682138692878,1.0,1.0,1.0,1.0
2007-11-23,1.2472152268598844,1.0,1.0,1.0,1.0
2007-11-26,1.2745896720960446,1.0,1.0,1.0,1.0
2007-11-27,1.2671289090664748,1.0,1.0,1.0,1.0
2007-11-28,1.2492054223972655,1.0,1.0,1.0,1.0
2007-11-29,1.2529969897479014,1.0,1.0,1.0,1.0
2007-11-30,1.281494387804597,1.0,1.0,1.0,1.0
2007-12-03,1.304232282239202,1.0,1.0,1.0,1.0
2007-12-04,1.3027535069092009,1.0,1.0,1.0,1.0
2007-12-05,1.3209104444161741,1.0,1.0,1.0,1.0
2007-12-06,1.3241794076355746,1.0,1.0,1.0,1.0
2007-12-07,1.3285378804857284,1.0,1.0,1.0,1.0
2007-12-10,1.325491401343806,1.0,1.0,1.0,1.0
2007-12-11,1.3558789911138918,1.0,1.0,1.0,1.0
2007-12-12,1.3696773471889259,1.0,1.0,1.0,1.0
2007-12-13,1.3471730121738694,1.0,1.0,1.0,1.0
2007-12-14,1.3448603287350196,1.0,1.0,1.0,1.0
2007-12-17,1.2846632386182217,1.0,1.0,1.0,1.0
2007-12-18,1.276946765484962,1.0,1.0,1.0,1.0
2007-12-19,1.2789148103382015,1.0,1.0,1.0,1.0
2007-12-20,1.2823282959134454,1.0,1.0,1.0,1.0
2007-12-24,1.330939600988283,1.0,1.0,1.0,1.0
2007-12-26,1.3499860404780277,1.0,1.0,1.0,1.0
2007-12-27,1.3523765770567269,1.0,1.0,1.0,1.0
2007-12-28,1.3519763445971935,1.0,1.0,1.0,1.0
2007-12-31,1.3650742395771518,1.0,1.0,1.0,1.0
2008-01-01,1.366352898677386,1.0,1.0,1.0,1.0
2008-01-02,1.3741471163687102,1.0,1.0,1.0,1.0
2008-01-03,1.3739580754810143,1.0,1.0,1.0,1.0
2008-01-04,1.395250529193615,1.0,1.0,1.0,1.0
2008-01-07,1.396317996722012,1.0,1.0,1.0,1.0
2008-01-08,1.3982637823093254,1.0,1.0,1.0,1.0
2008-01-09,1.3947391089862349,1.0,1.0,1.0,1.0
2008-01-10,1.369154851639474,1.0,1.0,1.0,1.0
2008-01-11,1.378750332562268,1.0,1.0,1.0,1.0
2008-01-14,1.3802401832343398,1.0,1.0,1.0,1.0
2008-01-15,1.3507643547129522,1.0,1.0,1.0,1.0
2008-01-16,1.3199653485594773,1.0,1.0,1.0,1.0
2008-01-17,1.3149508245643151,1.0,1.0,1.0,1.0
2008-01-18,1.268718872144321,1.0,1.0,1.0,1.0
2008-01-21,1.1583094385327672,1.0,1.0,1.0,1.0
2008-01-22,1.0894842226157966,1.0,1.0,1.0,1.0
2008-01-23,1.157108632572382,1.0,1.0,1.0,1.0
2008-01-24,1.1193159822284349,1.0,1.0,1.0,1.0
2008-01-25,1.197125146455044,1.0,1.0,1.0,1.0
2008-01-28,1.1728306235505883,1.0,1.0,1.0,1.0
2008-01-29,1.17432047422266,1.0,1.0,1.0,1.0
2008-01-30,1.149147633259288,1.0,1.0,1.0,1.0
2008-01-31,1.1424430337805023,1.0,1.0,1.0,1.0
2008-02-01,1.1824261044733821,1.0,1.0,1.0,1.0
2008-02-04,1.2149485207184771,1.0,1.0,1.0,1.0
2008-02-05,1.2194849591142565,1.0,1.0,1.0,1.0
2008-02-06,1.1836046511678406,1.0,1.0,1.0,1.0
2008-02-07,1.1415090132658776,1.0,1.0,1.0,1.0
2008-02-08,1.1386403910877956,1.0,1.0,1.0,1.0
2008-02-11,1.080077782580698,1.0,1.0,1.0,1.0
2008-02-12,1.075908242036455,1.0,1.0,1.0,1.0
2008-02-13,1.0961889306763668,1.0,1.0,1.0,1.0
2008-02-14,1.1567973285947684,1.0,1.0,1.0,1.0
2008-02-15,1.1792349943938307,1.0,1.0,1.0,1.0
2008-02-18,1.1734532315058137,1.0,1.0,1.0,1.0
2008-02-19,1.1743204742226592,1.0,1.0,1.0,1.0
2008-02-20,1.146223417207282,1.0,1.0,1.0,1.0
2008-02-21,1.1545290551059861,1.0,1.0,1.0,1.0
2008-02-22,1.136505564612786,1.0,1.0,1.0,1.0
2008-02-25,1.1565082838830816,1.0,1.0,1.0,1.0
2008-02-26,1.1719299376439603,1.0,1.0,1.0,1.0
2008-02-27,1.1715630397924237,1.0,1.0,1.0,1.0
2008-02-28,1.17527675400321,1.0,1.0,1.0,1.0
2008-02-29,1.1615784017521669,1.0,1.0,1.0,1.0
2008-03-03,1.1014258301672217,1.0,1.0,1.0,1.0
2008-03-04,1.0816900049244718,1.0,1.0,1.0,1.0
2008-03-05,1.0943987427869672,1.0,1.0,1.0,1.0
2008-03-07,1.061086936964876,1.0,1.0,1.0,1.0
2008-03-10,1.0674913078081192,1.0,1.0,1.0,1.0
2008-03-11,1.082056902776008,1.0,1.0,1.0,1.0
2008-03-12,1.0834134150160921,1.0,1.0,1.0,1.0
2008-03-13,1.0281753636023183,1.0,1.0,1.0,1.0
2008-03-14,1.055349584026927,1.0,1.0,1.0,1.0
2008-03-17,1.001379116371317,1.0,1.0,1.0,1.0
2008-03-18,1.0080281219761793,1.0,1.0,1.0,1.0
2008-03-19,1.01713444195752,1.0,1.0,1.0,1.0
2008-03-24,1.0251177005365402,1.0,1.0,1.0,1.0
2008-03-25,1.0846364802424036,1.0,1.0,1.0,1.0
2008-03-26,1.073817934093298,1.0,1.0,1.0,1.0
2008-03-27,1.074129238070911,1.0,1.0,1.0,1.0
2008-03-28,1.098979699714599,1.0,1.0,1.0,1.0
2008-03-31,1.0528367843583102,1.0,1.0,1.0,1.0
2008-04-01,1.0539597371788456,1.0,1.0,1.0,1.0
2008-04-02,1.0572176250561753,1.0,1.0,1.0,1.0
2008-04-03,1.0610869369648759,1.0,1.0,1.0,1.0
2008-04-04,1.0333789284851762,1.0,1.0,1.0,1.0
2008-04-07,1.058774253526026,1.0,1.0,1.0,1.0
2008-04-08,1.047310731573983,1.0,1.0,1.0,1.0
2008-04-09,1.0556275533965425,1.0,1.0,1.0,1.0
2008-04-10,1.0525032211147705,1.0,1.0,1.0,1.0
2008-04-11,1.062465599889101,1.0,1.0,1.0,1.0
2008-04-15,1.085114565841786,1.0,1.0,1.0,1.0
2008-04-16,1.0868157166674801,1.0,1.0,1.0,1.0
2008-04-17,1.1026266361276065,1.0,1.0,1.0,1.0
2008-04-21,1.12010537180543,1.0,1.0,1.0,1.0
2008-04-22,1.1228405469697391,1.0,1.0,1.0,1.0
2008-04-23,1.1169475963338757,1.0,1.0,1.0,1.0
2008-04-24,1.1118441438567934,1.0,1.0,1.0,1.0
2008-04-25,1.1367168647664079,1.0,1.0,1.0,1.0
2008-04-28,1.131813419937307,1.0,1.0,1.0,1.0
2008-04-29,1.1553518878727638,1.0,1.0,1.0,1.0
2008-04-30,1.1487695514838951,1.0,1.0,1.0,1.0
2008-05-02,1.1626236100146377,1.0,1.0,1.0,1.0
2008-05-05,1.154629167511762,1.0,1.0,1.0,1.0
2008-05-06,1.1440440722004201,1.0,1.0,1.0,1.0
2008-05-07,1.1420093581311865,1.0,1.0,1.0,1.0
2008-05-08,1.1300455998956194,1.0,1.0,1.0,1.0
2008-05-09,1.1080081665560901,1.0,1.0,1.0,1.0
2008-05-12,1.1146905067689497,1.0,1.0,1.0,1.0
2008-05-13,1.1024931891138339,1.0,1.0,1.0,1.0
2008-05-14,1.114490390539183,1.0,1.0,1.0,1.0
2008-05-15,1.137506254343404,1.0,1.0,1.0,1.0
2008-05-16,1.1469461375682841,1.0,1.0,1.0,1.0
2008-05-20,1.1352158301704807,1.0,1.0,1.0,1.0
2008-05-21,1.1380399338167102,1.0,1.0,1.0,1.0
2008-05-22,1.1175369782628906,1.0,1.0,1.0,1.0
2008-05-23,1.0999914647872882,1.0,1.0,1.0,1.0
2008-05-26,1.0840916168452417,1.0,1.0,1.0,1.0
2008-05-27,1.080700390535924,1.0,1.0,1.0,1.0
2008-05-28,1.0937205409578177,1.0,1.0,1.0,1.0
2008-05-29,1.0752521908914465,1.0,1.0,1.0,1.0
2008-05-30,1.0829909232906325,1.0,1.0,1.0,1.0
2008-06-02,1.0539709211027015,1.0,1.0,1.0,1.0
2008-06-03,1.0487005784220644,1.0,1.0,1.0,1.0
2008-06-04,1.019725094765986,1.0,1.0,1.0,1.0
2008-06-05,1.0400391180138946,1.0,1.0,1.0,1.0
2008-06-06,1.0291092755351576,1.0,1.0,1.0,1.0
2008-06-09,1.000901030771934,1.0,1.0,1.0,1.0
2008-06-10,0.9895264373018111,1.0,1.0,1.0,1.0
2008-06-11,1.0059378140330226,1.0,1.0,1.0,1.0
2008-06-12,1.0094402280901866,1.0,1.0,1.0,1.0
2008-06-13,1.0044923733110183,1.0,1.0,1.0,1.0
2008-06-16,1.0168119540560512,1.0,1.0,1.0,1.0
2008-06-17,1.0347131814593342,1.0,1.0,1.0,1.0
2008-06-18,1.0190134497470544,1.0,1.0,1.0,1.0
2008-06-19,1.0016348264750068,1.0,1.0,1.0,1.0
2008-06-20,0.9667885428672063,1.0,1.0,1.0,1.0
2008-06-23,0.9487427931080797,1.0,1.0,1.0,1.0
2008-06-24,0.9319979617151141,1.0,1.0,1.0,1.0
2008-06-25,0.9456851300423017,1.0,1.0,1.0,1.0
2008-06-26,0.9597393048028106,1.0,1.0,1.0,1.0
2008-06-27,0.9198895725419184,1.0,1.0,1.0,1.0
2008-06-30,0.8985193199803606,1.0,1.0,1.0,1.0
2008-07-01,0.8665417128415347,1.0,1.0,1.0,1.0
2008-07-02,0.9102607570111272,1.0,1.0,1.0,1.0
2008-07-03,0.8729906022166304,1.0,1.0,1.0,1.0
2008-07-04,0.8930599907029199,1.0,1.0,1.0,1.0
2008-07-07,0.8961732476426214,1.0,1.0,1.0,1.0
2008-07-08,0.8869557942043268,1.0,1.0,1.0,1.0
2008-07-09,0.9244371948615535,1.0,1.0,1.0,1.0
2008-07-10,0.9255713316059446,1.0,1.0,1.0,1.0
2008-07-11,0.9003983820607878,1.0,1.0,1.0,1.0
2008-07-14,0.8983302790926647,1.0,1.0,1.0,1.0
2008-07-15,0.8586140481364379,1.0,1.0,1.0,1.0
2008-07-16,0.8487405435531351,1.0,1.0,1.0,1.0
2008-07-17,0.8777605457410662,1.0,1.0,1.0,1.0
2008-07-18,0.9100161222495083,1.0,1.0,1.0,1.0
2008-07-21,0.9249708743348597,1.0,1.0,1.0,1.0
2008-07-22,0.9428943610040692,1.0,1.0,1.0,1.0
2008-07-23,0.9955305756855213,1.0,1.0,1.0,1.0
2008-07-24,0.9859128354968009,1.0,1.0,1.0,1.0
2008-07-25,0.9588498028200388,1.0,1.0,1.0,1.0
2008-07-28,0.9633529066078211,1.0,1.0,1.0,1.0
2008-07-29,0.9317199923454977,1.0,1.0,1.0,1.0
2008-07-30,0.9592277760136457,1.0,1.0,1.0,1.0
2008-07-31,0.9635419474955171,1.0,1.0,1.0,1.0
2008-08-01,0.9814653255829416,1.0,1.0,1.0,1.0
2008-08-04,0.9774181567104008,1.0,1.0,1.0,1.0
2008-08-05,1.0013235224973938,1.0,1.0,1.0,1.0
2008-08-06,1.0045923771350092,1.0,1.0,1.0,1.0
2008-08-07,1.005993407906946,1.0,1.0,1.0,1.0
2008-08-08,1.0072498077412542,1.0,1.0,1.0,1.0
2008-08-11,1.027463718583387,1.0,1.0,1.0,1.0
2008-08-12,1.012308850268269,1.0,0.9847502156124668,1.0,0.9742185205862179
2008-08-13,1.0071496953354782,1.0,0.9842578405046606,1.0,0.9734006028074812
2008-08-14,0.9852791521995038,1.0,0.9842578405046606,1.0,0.9734006028074812
2008-08-18,0.976906627921236,1.0,0.9842578405046606,1.0,0.9734006028074812
2008-08-19,0.9713917590607646,1.0,0.9842578405046606,1.0,0.9734006028074812
2008-08-20,0.98195459510618,1.0,0.9842578405046606,1.0,0.9734006028074812
2008-08-21,0.9526232889406357,1.0,0.9842578405046606,1.0,0.9734006028074812
2008-08-22,0.9623188822692057,1.0,0.9842578405046606,1.0,0.9734006028074812
2008-08-25,0.9640756269688232,1.0,0.9842578405046606,1.0,0.9734006028074812
2008-08-26,0.964553712568206,1.0,0.9842578405046606,1.0,0.9734006028074812
2008-08-27,0.9544578867801027,1.0,0.9842578405046606,1.0,0.9734006028074812
2008-08-28,0.9370903388501256,1.0,0.9842578405046606,1.0,0.9734006028074812
2008-08-29,0.9695571612212974,1.0,0.9842578405046606,1.0,0.9734006028074812
2008-09-01,0.9670331776288253,1.0,0.9842578405046606,1.0,0.9734006028074812
2008-09-02,1.0015792326010833,1.0,0.9842578405046606,1.0,0.9734006028074812
2008-09-04,0.9890706109683545,1.0,0.9842578405046606,1.0,0.9734006028074812
2008-09-05,0.9678448264717476,1.0,0.9842578405046606,1.0,0.9734006028074812
2008-09-08,0.9967536409118323,1.0,0.9842578405046606,1.0,0.9734006028074812
2008-09-09,0.9937294210358361,1.0,0.9842578405046606,1.0,0.9734006028074812
2008-09-10,0.978507774922939,1.0,0.9842578405046606,1.0,0.9734006028074812
2008-09-11,0.9540575457387843,1.0,0.9842578405046606,1.0,0.9734006028074812
2008-09-12,0.9403037081956028,1.0,0.9842578405046606,1.0,0.9734006028074812
2008-09-15,0.9057131346914922,1.0,0.9842578405046606,1.0,0.9734006028074812
2008-09-16,0.9061578856828781,1.0,0.9842578405046606,1.0,0.9734006028074812
2008-09-17,0.8913365806112995,1.0,0.9842578405046606,1.0,0.9734006028074812
2008-09-18,0.8979855862161619,1.0,0.9842578405046606,1.0,0.9734006028074812
2008-09-19,0.9440395730905305,1.0,0.9842578405046606,1.0,0.9734006028074812
2008-09-22,0.9391027936534329,1.0,0.9842578405046606,1.0,0.9734006028074812
2008-09-23,0.917721411458912,1.0,0.9842578405046606,1.0,0.9734006028074812
2008-09-24,0.9253600314523222,1.0,0.9842578405046606,1.0,0.9734006028074812
2008-09-25,0.9140855503879751,1.0,0.9842578405046606,1.0,0.9734006028074812
2008-09-26,0.8862219442103615,1.0,0.9842578405046606,1.0,0.9734006028074812
2008-09-29,0.856156788050852,1.0,0.9842578405046606,1.0,0.9734006028074812
2008-09-30,0.871978782853049,1.0,0.9842578405046606,1.0,0.9734006028074812
2008-10-01,0.8785499896089544,1.0,0.9842578405046606,1.0,0.9734006028074812
2008-10-03,0.8490963660626006,1.0,0.9842578405046606,1.0,0.9734006028074812
2008-10-06,0.8010743886258849,1.0,0.9842578405046606,1.0,0.9734006028074812
2008-10-07,0.80201948448258,1.0,0.9842578405046606,1.0,0.9734006028074812
2008-10-08,0.7813496387252055,1.0,0.9842578405046606,1.0,0.9734006028074812
2008-10-10,0.7293804962399396,1.0,0.9842578405046606,1.0,0.9734006028074812
2008-10-13,0.7762461319572305,1.0,0.9842578405046606,1.0,0.9734006028074812
2008-10-14,0.7824615162036701,1.0,0.9842578405046606,1.0,0.9734006028074812
2008-10-15,0.7423783331050143,1.0,0.9842578405046606,1.0,0.9734006028074812
2008-10-16,0.7270122189271664,1.0,0.9842578405046606,1.0,0.9734006028074812
2008-10-17,0.6836601269000027,1.0,0.9842578405046606,1.0,0.9734006028074812
2008-10-20,0.6944342088081481,1.0,0.9842578405046606,1.0,0.9734006028074812
2008-10-21,0.7193624693007933,1.0,0.9842578405046606,1.0,0.9734006028074812
2008-10-22,0.6816142289069136,1.0,0.9842578405046606,1.0,0.9734006028074812
2008-10-23,0.6544844184323727,1.0,0.9842578405046606,1.0,0.9734006028074812
2008-10-24,0.5746182808706037,1.0,0.9842578405046606,1.0,0.9734006028074812
2008-10-27,0.5613202153699863,1.0,0.9842578405046606,1.0,0.9734006028074812
2008-10-29,0.5997578415168711,1.0,0.9842578405046606,1.0,0.9734006028074812
2008-10-31,0.6416867520879568,1.0,0.9842578405046606,1.0,0.9734006028074812
2008-11-03,0.6768776742813674,1.0,0.9842578405046606,1.0,0.9734006028074812
2008-11-04,0.6987260667332005,1.0,0.9842578405046606,1.0,0.9734006028074812
2008-11-05,0.6660034799674462,1.0,0.9842578405046606,1.0,0.9734006028074812
2008-11-06,0.6432544558998782,1.0,0.9842578405046606,1.0,0.9734006028074812
2008-11-07,0.6611223486951643,1.0,0.9842578405046606,1.0,0.9734006028074812
2008-11-10,0.7000936543153552,1.0,0.9842578405046606,1.0,0.9734006028074812
2008-11-11,0.6534837287017542,1.0,0.9842578405046606,1.0,0.9734006028074812
2008-11-12,0.633425469848428,1.0,0.9842578405046606,1.0,0.9734006028074812
2008-11-14,0.6249529960370618,1.0,0.9842578405046606,1.0,0.9734006028074812
2008-11-17,0.6225513298253994,1.0,0.9842578405046606,1.0,0.9734006028074812
2008-11-18,0.5966667895522035,1.0,0.9842578405046606,1.0,0.9734006028074812
2008-11-19,0.5859594311509446,1.0,0.9842578405046606,1.0,0.9734006028074812
2008-11-20,0.567757975112119,1.0,0.9842578405046606,1.0,0.9734006028074812
2008-11-21,0.5989572680160196,1.0,0.9842578405046606,1.0,0.9734006028074812
2008-11-24,0.6022484362104538,1.0,0.9842578405046606,1.0,0.9734006028074812
2008-11-25,0.5901845655691108,1.0,0.9842578405046606,1.0,0.9734006028074812
2008-11-26,0.6120329580209439,1.0,0.9842578405046606,1.0,0.9734006028074812
2008-11-28,0.6126667499000259,1.0,0.9842578405046606,1.0,0.9734006028074812
2008-12-01,0.5966111956782804,1.0,0.9842578405046606,1.0,0.9734006028074812
2008-12-02,0.5910296033109226,1.0,0.9842578405046606,1.0,0.9734006028074812
2008-12-03,0.5907293746753801,1.0,0.9842578405046606,1.0,0.9734006028074812
2008-12-04,0.6199828819919673,1.0,0.9842578405046606,1.0,0.9734006028074812
2008-12-05,0.6036160237926086,1.0,0.9842578405046606,1.0,0.9734006028074812
2008-12-08,0.6190933800091956,1.0,0.9842578405046606,1.0,0.9734006028074812
2008-12-10,0.6511710452629048,1.0,0.9842578405046606,1.0,0.9734006028074812
2008-12-11,0.6493697820314349,1.0,0.9842578405046606,1.0,0.9734006028074812
2008-12-12,0.6496366760589805,1.0,0.9842578405046606,1.0,0.9734006028074812
2008-12-15,0.6629458169016685,1.0,0.9842578405046606,1.0,0.9734006028074812
2008-12-16,0.6764106640240557,1.0,0.9842578405046606,1.0,0.9734006028074812
2008-12-17,0.6569750674168481,1.0,0.9842578405046606,1.0,0.9734006028074812
2008-12-18,0.6806357984422218,1.0,0.9842578405046606,1.0,0.9734006028074812
2008-12-19,0.6843605879950788,1.0,0.9842578405046606,1.0,0.9734006028074812
2008-12-22,0.6758658549177863,1.0,0.9842578405046606,1.0,0.9734006028074812
2008-12-23,0.6601549935725433,1.0,0.9842578405046606,1.0,0.9734006028074812
2008-12-24,0.6486359863283621,1.0,0.9842578405046606,1.0,0.9734006028074812
2008-12-26,0.6353823850687048,1.0,0.9842578405046606,1.0,0.9734006028074812
2008-12-29,0.649825662655784,1.0,0.9842578405046606,1.0,0.9734006028074812
2008-12-30,0.6625677894171691,1.0,0.9842578405046606,1.0,0.9734006028074812
2008-12-31,0.6580424263634604,1.0,0.9842578405046606,1.0,0.9734006028074812
2009-01-02,0.6775225415025206,1.0,0.9842578405046606,1.0,0.9734006028074812
2009-01-05,0.6941339801726061,1.0,0.9842578405046606,1.0,0.9734006028074812
2009-01-06,0.692210453851219,1.0,0.9842578405046606,1.0,0.9734006028074812
2009-01-07,0.6494253759053584,1.0,0.9842578405046606,1.0,0.9734006028074812
2009-01-09,0.6388847991258693,1.0,0.9842578405046606,1.0,0.9734006028074812
2009-01-12,0.6166695088224997,1.0,0.9842578405046606,1.0,0.9734006028074812
2009-01-13,0.6104096060442075,1.0,0.9842578405046606,1.0,0.9734006028074812
2009-01-14,0.6305012537964233,1.0,0.9842578405046606,1.0,0.9734006028074812
2009-01-15,0.6085750082047405,1.0,0.9842578405046606,1.0,0.9734006028074812
2009-01-16,0.6289779599345694,1.0,0.9842578405046606,1.0,0.9734006028074812
2009-01-19,0.6329251249831195,1.0,0.9842578405046606,1.0,0.9734006028074812
2009-01-20,0.6218953329712843,1.0,0.9842578405046606,1.0,0.9734006028074812
2009-01-21,0.6017814259531422,1.0,0.9842578405046606,1.0,0.9734006028074812
2009-01-22,0.6034826310697288,1.0,0.9842578405046606,1.0,0.9734006028074812
2009-01-23,0.595643894846552,1.0,0.9842578405046606,1.0,0.9734006028074812
2009-01-27,0.6162803517050371,1.0,0.9842578405046606,1.0,0.9734006028074812
2009-01-28,0.6336589749770848,1.0,0.9842578405046606,1.0,0.9734006028074812
2009-01-29,0.6279772702039512,1.0,0.9842578405046606,1.0,0.9734006028074812
2009-01-30,0.6392850858762952,1.0,0.9842578405046606,1.0,0.9734006028074812
2009-02-02,0.6152351434425662,1.0,0.9842578405046606,1.0,0.9734006028074812
2009-02-03,0.6190711207432698,1.0,0.9842578405046606,1.0,0.9734006028074812
2009-02-04,0.6233296440603254,1.0,0.9842578405046606,1.0,0.9734006028074812
2009-02-05,0.6182150076593874,1.0,0.9842578405046606,1.0,0.9734006028074812
2009-02-06,0.632235793521007,1.0,0.9842578405046606,1.0,0.9734006028074812
2009-02-09,0.6493141881575122,1.0,0.9842578405046606,1.0,0.9734006028074812
2009-02-10,0.6525608921109863,1.0,0.9842578405046606,1.0,0.9734006028074812
2009-02-11,0.6506039768907098,1.0,0.9842578405046606,1.0,0.9734006028074812
2009-02-12,0.6433434386726917,1.0,0.9842578405046606,1.0,0.9734006028074812
2009-02-13,0.6556408144426908,1.0,0.9842578405046606,1.0,0.9734006028074812
2009-02-16,0.633436599481392,1.0,0.9842578405046606,1.0,0.9734006028074812
2009-02-17,0.6160913108173413,1.0,0.9842578405046606,1.0,0.9734006028074812
2009-02-18,0.6173477106516495,1.0,0.9842578405046606,1.0,0.9734006028074812
2009-02-19,0.6202831106275106,1.0,0.9842578405046606,1.0,0.9734006028074812
2009-02-20,0.6085194143308176,1.0,0.9842578405046606,1.0,0.9734006028074812
2009-02-24,0.607952345958622,1.0,0.9842578405046606,1.0,0.9734006028074812
2009-02-25,0.6143123068517976,1.0,0.9842578405046606,1.0,0.9734006028074812
2009-02-26,0.6194602778607325,1.0,0.9842578405046606,1.0,0.9734006028074812
2009-02-27,0.6145680169554875,1.0,0.9842578405046606,1.0,0.9734006028074812
2009-03-02,0.5947655224967435,1.0,0.9842578405046606,1.0,0.9734006028074812
2009-03-03,0.5831574781888571,1.0,0.9842578405046606,1.0,0.9734006028074812
2009-03-04,0.5882276503488351,1.0,0.9842578405046606,1.0,0.9734006028074812
2009-03-05,0.5729949288938674,1.0,0.9842578405046606,1.0,0.9734006028074812
2009-03-06,0.582657133323548,1.0,0.9842578405046606,1.0,0.9734006028074812
2009-03-09,0.5722054850259789,1.0,0.9842578405046606,1.0,0.9734006028074812
2009-03-12,0.5820567303433554,1.0,0.9842578405046606,1.0,0.9734006028074812
2009-03-13,0.604694566663077,1.0,0.9842578405046606,1.0,0.9734006028074812
2009-03-16,0.6175923454132686,1.0,0.9842578405046606,1.0,0.9734006028074812
2009-03-17,0.6131892997403695,1.0,0.9842578405046606,1.0,0.9734006028074812
2009-03-18,0.6214727869549322,1.0,0.9842578405046606,1.0,0.9734006028074812
2009-03-19,0.624241351018131,1.0,0.9842578405046606,1.0,0.9734006028074812
2009-03-20,0.6242191460430973,1.0,0.9842578405046606,1.0,0.9734006028074812
2009-03-23,0.6537616980713713,1.0,0.9842578405046606,1.0,0.9734006028074812
2009-03-24,0.6534948583347182,1.0,0.9833639763592739,1.0,0.9717457368254176
2009-03-25,0.6636463322876374,1.0,0.998639680008555,1.0,0.9969222971816285
2009-03-26,0.685416871599621,1.0,1.031399484974538,1.0,1.0516609039858824
2009-03-27,0.6912875629695581,1.0,1.040233565818312,1.0,1.0666016158030411
2009-03-30,0.662267560781627,1.0,0.9965649364763776,1.0,0.9912309907818605
2009-03-31,0.671785242855464,1.0,1.0108869247376195,1.0,1.0149770619132534
2009-04-01,0.680546869960302,1.0,1.0240712189356584,1.0,1.0370269296097534
2009-04-02,0.7140588463030524,1.0,1.0744992672848708,1.0,1.1225915539494575
2009-04-06,0.7241880609900452,1.0,1.0897414757046593,1.0,1.1491340092590292
2009-04-08,0.7433901524685966,1.0,1.1186363396656107,1.0,1.2000951380716958
2009-04-09,0.74319003623883,1.0,1.1183352093829044,1.0,1.1993424598558051
2009-04-13,0.7522073734473579,1.0,1.1319042902416994,1.0,1.2235669508213032
2009-04-15,0.7747895616022638,1.0,1.1658854456489351,1.0,1.285031916865742
2009-04-16,0.7492942327374231,0.9665938663498301,1.1275206633536234,0.9847137698005798,1.2138042516882461
2009-04-17,0.7526076059068912,0.9661105694166553,1.132506550807112,0.98448847342951,1.2226042234092978
2009-04-20,0.7509843082210467,0.9661105694166553,1.1300638499246065,0.98448847342951,1.217962148814278
2009-04-21,0.7483602665136913,0.9661105694166553,1.1261152525415252,0.98448847342951,1.2106028968724087
2009-04-22,0.7405771241644378,0.9661105694166553,1.1144033596145697,0.98448847342951,1.1892496539141784
2009-04-23,0.7613469737458032,0.9661105694166553,1.1456573497756586,0.98448847342951,1.2450453711019622
2009-04-24,0.774033506633265,0.9817260788264737,1.1647477515857325,0.9910201819021692,1.2796633134993747
2009-04-27,0.7716429700545657,0.97869410142293,1.1611505273295961,0.9896520262247785,1.272803027268437
2009-04-28,0.7477042696595757,0.948332048269448,1.1251281236196753,0.976126755540539,1.2062777635444275
2009-04-29,0.7725213424043744,0.9478578822453133,1.1624722817636446,0.9759117581809764,1.2732946263801292
2009-05-04,0.81256006126207,0.9965101239108863,1.2227216215741623,0.996367471404435,1.3838823215611125
2009-05-05,0.8143168059616873,0.9986645663475185,1.2253651304422595,0.9971550612858677,1.3886637427401927
2009-05-06,0.8061223015199374,0.9886149626001313,1.2130342293351453,0.992902697571053,1.3649560776757335
2009-05-07,0.8192090668669325,1.004664353628865,1.2327268917106315,0.9995586778427745,1.401924718729768
2009-05-08,0.8051549463973161,0.9874286143914686,1.2115785756788082,0.9924847541856407,1.3612944401494849
2009-05-11,0.7904559587065471,0.9694020207359275,1.189459878339881,0.9845571556254775,1.3193264694800595
2009-05-12,0.8185864589117063,1.003900797603669,1.2317900056330207,0.9994576232921143,1.3979333098637952
2009-05-13,0.8083905207178272,0.9913966688415573,1.2164473932204363,0.9942858210595596,1.3684514625405688
2009-05-14,0.7990952141396831,0.97999705969071,1.202460030471393,0.9896021163086737,1.3417903891508818
2009-05-15,0.8164849670446939,1.00132356298357,1.2286277291861973,0.9983453776752143,1.3905854506044197
2009-05-18,0.9613626024886563,1.1789990817925307,1.4466362503836705,1.0716305085498004,1.8046601443826957
2009-05-19,0.9603175028079705,1.1777173889528876,1.4450636085111546,1.0712739204863204,1.8010498255337821
2009-05-20,0.9496100358249265,1.164585929804536,1.428951259385695,1.0687168272757617,1.7670148515478719
2009-05-21,0.9364009530971218,1.1483865307774794,1.409074536639363,1.065549064155584,1.7254337666796487
2009-05-22,0.9425385384946046,1.1559135632721107,1.418310233454321,1.0670277098806775,1.744121183030654
2009-05-25,0.9423272383409823,1.1556544282834411,1.4179922738611868,1.0669759690890916,1.7431591238121271
2009-05-26,0.9154532465519163,1.1226966124069049,1.3775529114250609,1.0604803598781207,1.6593798671552171
2009-05-27,0.9508886949251613,1.1661540560257972,1.430875356080838,1.069071610993328,1.766941846737337
2009-05-28,0.9644647840862874,1.1828035456292687,1.4513043416353886,1.0722406481396625,1.8089917989889817
2009-05-29,0.9893375049959018,1.2133070362354192,1.4887322378530892,1.0781242274563747,1.8870100840410817
2009-06-01,1.0073387362231758,1.2353834463570013,1.5158200750307584,1.08231298340735,1.9443316457979065
2009-06-02,1.0063047118845605,1.234115336132386,1.514264099077307,1.0820683130100557,1.9406397890837461
2009-06-03,1.0075167017688011,1.2356017003376947,1.5160878734753356,1.0823520781304155,1.9442244651964318
2009-06-04,1.0168452886640498,1.2470421239150717,1.5301253156772543,1.0845456331119674,1.9741107693638327
2009-06-05,1.0200141394776745,1.250928349767762,1.5348937292260862,1.0852857417249806,1.9840949943062074
2009-06-08,0.98510118665388,1.208111685987245,1.4823575238108855,1.07705877571158,1.8697156025667885
2009-06-09,1.0120198055565837,1.2411242318125701,1.5228640400973599,1.0834609185526283,1.9551769122451472
2009-06-10,1.0352135263246454,1.2695686246130689,1.5577654156631422,1.0888883565338026,2.030074758769224
2009-06-11,1.031310879807948,1.2647824839333337,1.5518928032805999,1.087983720338732,2.016868513269087
2009-06-12,1.0192358252427494,1.2499738381548207,1.533722539933391,1.085165403774761,1.9768636490219538
2009-06-15,0.9971317226872263,1.2228657349798615,1.5004607966991097,1.0799974617533525,1.9045296779308944
2009-06-16,1.0046479710089344,1.2320835367196823,1.5117710736548815,1.0838695133279166,1.928301750345117
2009-06-17,0.9687009938465246,1.18799876271455,1.4576788922862294,1.0647418257533494,1.8121111170315674
2009-06-18,0.9454071606726873,1.1594315937272306,1.4226268698834124,1.0530893992380959,1.7386260040147898
2009-06-19,0.9592389599375032,1.1763946819423758,1.4434406420987187,1.0599174131897087,1.7810333792276296
2009-06-22,0.9418158181336028,1.1550272310600935,1.4172227005396754,1.0514529112080955,1.7264019908124164
2009-06-23,0.944428730207995,1.1582316629035398,1.4211545503080103,1.052705604543945,1.7341419438149728
2009-06-24,0.9546469276678006,1.1707630900586,1.4365306579500874,1.0578538122603325,1.765342701867525
2009-06-25,0.9432835181215334,1.1568271938770762,1.4194312615984597,1.0516083595001906,1.7297494354845275
2009-06-26,0.9730039814045405,1.1932758749786767,1.4641539286255474,1.0680748849127497,1.8209587999435717
2009-06-29,0.9764397262457106,1.197489415220961,1.469323958145563,1.0698987565905216,1.8314364861423997
2009-06-30,0.9542355112844118,1.170258535859181,1.4359115680742471,1.0577896962006759,1.7611854166474008
2009-07-01,0.9653097675372072,1.1838398192581627,1.4525758532251987,1.0637045076802363,1.7951969119841737
2009-07-02,0.9670776961606803,1.1860079774727155,1.455236191403724,1.0646299656874068,1.8004031351509513
2009-07-03,0.9838447868195724,1.2065708581589332,1.4804669223452356,1.073494004734657,1.8525020051736738
2009-07-06,0.926349645840872,1.1360597749880859,1.393949561522799,1.0440419260234346,1.6703973305177968
2009-07-07,0.9344551675098094,1.1460002517451267,1.406146563407625,1.0478075209122821,1.6946466755344765
2009-07-08,0.9070473876656523,1.1123878070894022,1.3649039690291314,1.0344880114504624,1.6108899308889035
2009-07-09,0.9075032682900013,1.1129468914932714,1.365589967668275,1.034263993657356,1.6119672211624643
2009-07-10,0.8903692254886804,1.0919339868120852,1.3398070556142265,1.034263993657356,1.5605812949890572
2009-07-13,0.883731349516781,1.0837934062905807,1.3298185330925034,1.034263993657356,1.5407722404564528
2009-07-14,0.9142745912756735,1.121251129209573,1.37577929817559,1.034263993657356,1.629918616795212
2009-07-15,0.9414266610161407,1.1545499752536237,1.4166371058933278,1.034263993657356,1.7109115629328686
2009-07-16,0.9409596507588285,1.1539772416532803,1.4159343596394378,1.034263993657356,1.7091867424665093
2009-07-17,0.9728817183146237,1.1931259335618005,1.4639699499503838,1.034263993657356,1.8062500823535113
2009-07-20,1.0011900754836234,1.227842831247343,1.506567712296737,1.0461354960224927,1.8941838928902017
2009-07-21,0.9938183495177587,1.2188022693173473,1.4954749092456217,1.043085786541822,1.870433641429573
2009-07-22,0.978207546287399,1.1996574402726214,1.4719841329327255,1.0366363975439523,1.8207722816713936
2009-07-23,1.0059711486410219,1.2337062597268404,1.5137621608090097,1.0480863191061756,1.9072261526819758
2009-07-24,1.0159335274153525,1.2459239551073342,1.5287533183989677,1.05204151845852,1.9386069345415213
2009-07-27,1.0167674355242011,1.2469466461212002,1.530008164069713,1.0523753717852238,1.9409392813611779
2009-07-28,1.0149440216085899,1.2447104416686157,1.5272643329045015,1.0516306064823666,1.9347546298108558
2009-07-29,1.003691799810169,1.2309109042889406,1.510332249308973,1.0468838470556048,1.8983988973564503
2009-07-30,1.01657850321829,1.246714942688371,1.5297238630974348,1.0523175985734499,1.9389935672042122
2009-07-31,1.031032910438332,1.2644415869287122,1.5514745213903522,1.0583357035778298,1.9849473021256108
2009-08-03,1.0476998886914484,1.284881691428109,1.5765546054948292,1.0652442369682982,2.0384782311866987
2009-08-04,1.040828507590893,1.276454744106433,1.5662147098461612,1.0616414415494848,2.015672175112858
2009-08-05,1.0438639113907449,1.2801773127643261,1.5707823154094012,1.0631930519657042,2.0251896167277756
2009-08-06,1.019702835500062,1.2505465717551647,1.5344252861872818,1.0494537960238508,1.9461264149938757
2009-08-07,0.9965535246820679,1.2221566425776702,1.499590737689121,1.037082973326837,1.8716000570461255
2009-08-10,0.9868245967455009,1.2102252474159019,1.4849508715304267,1.031913063425751,1.8405918309117155
2009-08-11,0.9943186943830676,1.2194158839256666,1.4962278166480694,1.0358898178800284,1.8637397926160022
2009-08-12,0.9912387720513631,1.2156387184818769,1.4915932206258442,1.034122746668914,1.8537197722178682
2009-08-13,1.0240391576660746,1.255864565027267,1.540950483675157,1.053887697057424,1.9563928689571726
2009-08-14,1.0184908456158213,1.249060207549856,1.5326015117892535,1.050811442669068,1.9382516548723825
2009-08-17,0.9757614158347763,1.1966575466319482,1.46830325229854,1.025309775554742,1.8013710299277348
2009-08-18,0.9915500760289764,1.2160204964944752,1.49206166366465,1.0250134888314135,1.8499981981221476
2009-08-19,0.9771401873407867,1.1983484490400302,1.4703779958307175,1.017028366053316,1.8045300789721535
2009-08-20,0.9903381947265207,1.2145342654520588,1.4902380526579848,1.0167648431170777,1.8451399374009485
2009-08-21,1.007094101461557,1.235083430360356,1.5154519542890685,1.0259126576811235,1.8972367169369682
2009-08-24,1.0324449079705544,1.266173237181878,1.553599262679724,1.0398207404855022,1.9770955383053248
2009-08-25,1.0361252875733438,1.270686793420808,1.5591374129414308,1.0417061772887297,1.9885833462606686
2009-08-26,1.0409063607307423,1.2765502219003053,1.5663318614537034,1.0441693267271404,2.0036427872205107
2009-08-27,1.0425408423404425,1.278554722920061,1.568791391646637,1.0450163532453767,2.008574700854672
2009-08-28,1.0523586987589297,1.29059517849073,1.5835650753319384,1.050167740699224,2.0399839059250833
2009-08-31,1.0367368201864993,1.2714367668309763,1.5600576330999774,1.0419333768578165,1.9887779046006362
2009-09-01,1.028564520719783,1.2614143948950909,1.547760145526674,1.0375902044481529,1.962105926719532
2009-09-02,1.0247841372930029,1.2567781956322324,1.5420715118192956,1.035576349710364,1.9496531733272118
2009-09-03,1.0214929148076761,1.252741895199773,1.5371189562039365,1.0338198848956215,1.9387977104948928
2009-09-04,1.0408062483249665,1.2764274457134845,1.5661812146166687,1.0445964619347803,2.00000944709779
2009-09-07,1.0635997366334948,1.3043810000924845,1.6004803296170387,1.0575260889624787,2.0732046210791695
2009-09-08,1.0685698506785895,1.3104762651677035,1.6079592424929532,1.0602672391648493,2.0891086833719656
2009-09-09,1.0705712301398262,1.3129307236009817,1.6109708721027418,1.0613718395422251,2.0953128137879453
2009-09-10,1.0717164422262881,1.3143351926274458,1.6126941608122927,1.0620049641428826,2.0987093665428183
2009-09-11,1.0739735317912147,1.3171032496723976,1.6160905770828369,1.0633436370508913,2.1057634509952896
2009-09-14,1.0693148303055182,1.311389895772669,1.6090802706370915,1.0605034507199953,2.0900567433774766
2009-09-15,1.0878831841958803,1.3341618156814155,1.6370215009056857,1.0756779956008367,2.150631566018848
2009-09-16,1.1026266361276094,1.3522429395414066,1.6592071070079162,1.0877084021893475,2.1991950879981053
2009-09-17,1.104216599205457,1.3541928437752657,1.6615996467418643,1.0890656470419675,2.204134679931965
2009-09-18,1.106551541910233,1.3570563786140901,1.665113214619951,1.0911219409285247,2.2115746417858917
2009-09-22,1.116369506910505,1.3690969673476514,1.6798870616966157,1.1000476241547397,2.2441356650205044
2009-09-23,1.1051951382519338,1.355392907761849,1.6630721297086295,1.0885504218829871,2.206024665798055
2009-09-24,1.1088864846150088,1.3599199134529145,1.6686267824980376,1.0920876685758734,2.2180102205358656
2009-09-25,1.1027490077993112,1.3523930141211757,1.6593912490744434,1.0861526665233099,2.197008291072969
2009-09-29,1.1134007723266468,1.3654561607057103,1.6754197784304898,1.0962405819868923,2.2322570495557827
2009-09-30,1.130545944760931,1.3864827145833707,1.7012194380992847,1.1124742859792598,2.2895848900045492
2009-10-01,1.130423573089229,1.3863326400036016,1.7010352960327573,1.112313659608339,2.2887676867844706
2009-10-05,1.1125891234837246,1.3644607680847927,1.6741984279892372,1.093598999925185,2.227734538609722
2009-10-06,1.1179705453304232,1.3710604541965383,1.6822962673496287,1.0986181542621365,2.245437234357878
2009-10-07,1.1087086276511684,1.3597017926351134,1.668359147444824,1.0897364734191712,2.213807946719744
2009-10-08,1.1123778233301023,1.364201633096123,1.673880468396103,1.0933193554895582,2.225722177250639
2009-10-09,1.099691344733533,1.3486431470703342,1.654790148281711,1.0791881993585375,2.182709395486571
2009-10-12,1.123941349106136,1.378382948488396,1.691280995030437,1.104366626598828,2.2631472982687963
2009-10-14,1.138162305488415,1.395823292510012,1.7126803618920914,1.1174625852684337,2.3108327174007326
2009-10-15,1.1360830728873288,1.3932733562828614,1.7095515806747608,1.115573149403948,2.3033394859990084
2009-10-16,1.1434881334611902,1.4023547992208332,1.720694544874433,1.1222188981779695,2.328145246217525
2009-10-20,1.1373283973795663,1.3948006014961463,1.7114255162213463,1.116624265384245,2.306679099141005
2009-10-21,1.1260205817072224,1.3809328847155469,1.6944097762477681,1.105948564893557,2.2677659428456005
2009-10-22,1.1093424195302506,1.3604790644382299,1.6693128628328633,1.0902004651791324,2.2109681431124693
2009-10-23,1.1112214273197851,1.3627834482917387,1.6721403503761245,1.0918387677954113,2.216869079000674
2009-10-26,1.1054063298237713,1.3556519095876258,1.6633899259104004,1.0866711775946478,2.197001161954819
2009-10-27,1.0777873584077768,1.3217804631061243,1.621829535330136,1.061784151907249,2.1044442908695244
2009-10-28,1.0732174768222156,1.316176036452404,1.614952883019634,1.0580392575739752,2.089092867147729
2009-10-29,1.056405867631471,1.29555855898029,1.5896551616191372,1.0576051864268696,2.0337775680788757
2009-10-30,1.0477666664892276,1.2849635866069538,1.5766550911833073,1.0576051864268696,2.0054939733833343
2009-11-03,1.0148995030767374,1.244655844882719,1.5271973424455167,1.0576051864268696,1.8995090222397761
2009-11-04,1.0475664416776762,1.2847180342333122,1.526433743774294,1.0576051864268696,1.8979142648343985
2009-11-05,1.0597415000668655,1.2996493230357535,1.5434110913366,1.0576051864268696,1.9330265396273112
2009-11-06,1.066546211951427,1.3079945083414775,1.5533214966527262,1.0576051864268696,1.9535295202112972
2009-11-09,1.0892841063860321,1.335879883319553,1.5864370427191923,1.0576051864268696,2.023118973218236
2009-11-10,1.0855705007570307,1.3313255792355394,1.5810285349686803,1.0551484366398325,2.011183227684204
2009-11-11,1.1127559051054947,1.3646653062875662,1.620621449458905,1.0708688587305235,2.09540021211309
2009-11-12,1.1013479770273749,1.3506748133201458,1.6040069045686376,1.064643920434121,2.0589622468371385
2009-11-13,1.1116440276270299,1.3633017182690783,1.6190021073529652,1.0704786078729098,2.090922052169948
2009-11-16,1.1247863325570557,1.3794192221172903,1.6381426045340701,1.0779704665024485,2.132063313979598
2009-11-17,1.1257203530716802,1.380564689317977,1.6395029151586105,1.078487184781468,2.1346626652759237
2009-11-18,1.1240414615119123,1.3785057246752175,1.6370577718341925,1.0775436678551895,2.1289430327404415
2009-11-19,1.109431348012171,1.3605881248471308,1.6157795533065944,1.0693216796335796,2.082105892421337
2009-11-20,1.1235411166466032,1.377892110066898,1.6363290678865197,1.0772488720145024,2.126204860518737
2009-11-23,1.1349044176110854,1.3918278730855294,1.652878617698121,1.083638867354988,2.1619404497533803
2009-11-24,1.132013536167077,1.3882825442374611,1.6486683282226777,1.0820302894346032,2.1523148008645854
2009-11-25,1.13592736660763,1.3930824006951166,1.6543684440633606,1.0842119500236127,2.164432868461807
2009-11-26,1.1131116190331753,1.3651015479231683,1.6211395124217032,1.0704382126828136,2.0910556273284473
2009-11-27,1.0989241058406787,1.347702218072421,1.600476770405464,1.0622386090381413,2.0459369259896425
2009-11-30,1.1191492006066672,1.372505937393871,1.6299326665680576,1.0619200716060857,2.1088049238719715
2009-12-01,1.1390072889393346,1.3968595661389065,1.658854053324589,1.0728668977769868,2.1712658195239594
2009-12-02,1.1392852583089508,1.3972004631435284,1.659258888851074,1.0729996304647378,2.1717752232638867
2009-12-03,1.1411643746802702,1.3995049801599297,1.6619956402656628,1.0743085262812886,2.1774095647277787
2009-12-04,1.1360941482293998,1.39328693889789,1.6546113453792515,1.070627162641152,2.160783787367629
2009-12-07,1.126709967460228,1.3817783359195883,1.6409441928884472,1.0638739003917137,2.1304359786699907
2009-12-08,1.1447779764852806,1.403936641220015,1.6672585021099664,1.0774452811799675,2.187428172312558
2009-12-09,1.1367835339824046,1.3941323901019307,1.6556153691127093,1.0716097301085528,2.161395197644916
2009-12-10,1.141820317243493,1.4003094171931019,1.6629509572248404,1.0755826761525125,2.1770968381676292
2009-12-11,1.1379620806768633,1.3955777401363707,1.6573318084894544,1.072412500104298,2.16436305183525
2009-12-14,1.135382611792253,1.3924143224637928,1.6535750613147764,1.0702794590600095,2.155746029527078
2009-12-15,1.1192269451647316,1.3726012820248512,1.6300458940043712,1.056583369808417,2.1038617311571284
2009-12-16,1.1212283246259682,1.3750557404581294,1.6329607097950627,1.0581817054631908,2.109810207349247
2009-12-17,1.1211616554099744,1.374973978442177,1.6328636125242573,1.05812758504806,2.1092299807246864
2009-12-18,1.109142303300484,1.360233645227481,1.6153585876146006,1.0479947572279595,2.0708923030081787
2009-12-21,1.101336901685304,1.3506612307051182,1.6039907744031288,1.0475275339509367,2.046058708564955
2009-12-22,1.1087308869170949,1.3597290910280622,1.6147593994076275,1.0475275339509367,2.0687656313160976
2009-12-23,1.144032996858352,1.4030230106150499,1.6661735112712115,1.0475275339509367,2.1790067941929068
2009-12-24,1.15154924518006,1.4122408123548704,1.6771202006518127,1.0522483237186577,2.202663431407931
2009-12-29,1.1536729963129988,1.4148453453679175,1.680213238957484,1.0537688128647016,2.2090986579472407
2009-12-30,1.149559049642679,1.4098000696995125,1.6742216731655073,1.050615317718554,2.1954842926752938
2009-12-31,1.1565860284411487,1.4184178394460416,1.684455788763944,1.0562352411874523,2.217634363865318
2010-01-04,1.1635131119974123,1.4269130993315344,1.69454441659505,1.0621137682361952,2.239547994277046
2010-01-05,1.1736756070015095,1.4393762139227775,1.709345108560012,1.0707191841211885,2.272000949267457
2010-01-06,1.1745428497183552,1.4404397859446196,1.7106081637748696,1.0714363899269985,2.274421890163311
2010-01-07,1.1703844930979679,1.4353400466532107,1.7045519191819818,1.0679295487949547,2.2605025281775997
2010-01-08,1.1663038810356452,1.4303356519927821,1.6986089020254078,1.0644174914113687,2.246872739376559
2010-01-11,1.1673379053742603,1.4316037622173972,1.700114858556156,1.0653257547111472,2.2498240334311426
2010-01-12,1.158665261042235,1.4209677756731922,1.6874839901298266,1.0573175934821337,2.221363525325235
2010-01-13,1.1639022691148753,1.4273903551380052,1.6951111863321289,1.0620492355712177,2.237833264178469
2010-01-14,1.1696728480790366,1.4344672970562216,1.7035154769786294,1.0672819133260867,2.2560713030283406
2010-01-15,1.167960621911272,1.4323674514054858,1.7010217850188087,1.0657290053859547,2.2501307048683685
2010-01-18,1.1729974051723604,1.438544478496657,1.7083573731309398,1.070603622731197,2.2660301096513913
2010-01-19,1.1620564873515529,1.42512671912958,1.6924229835529425,1.0598686835732951,2.2301431951622495
2010-01-20,1.1611781692926366,1.42404956449271,1.6911437981725768,1.0590126058182388,2.2269221850590726
2010-01-21,1.1328141096679287,1.3892643542433507,1.6498342861667294,1.0309136143553344,2.1351927599480383
2010-01-22,1.11988299630974,1.373405852220916,1.6310013691024268,1.0303547421399881,2.0938928936409615
2010-01-25,1.113634223164411,1.365742460924436,1.6219006348392704,1.0303547421399881,2.0739078730488063
2010-01-27,1.079210539863855,1.3235258291372105,1.5717658664949294,1.0303547421399881,1.9659011627845242
2010-01-28,1.0823571314115532,1.3273847565969525,1.570979983561682,1.0303547421399881,1.9642506649975255
2010-01-29,1.0856482453150949,1.3314209238665193,1.570979983561682,1.0303547421399881,1.9642506649975255
2010-02-01,1.0895732596795036,1.3362344961020953,1.570979983561682,1.0303547421399881,1.9642506649975255
2010-02-02,1.0740959034629165,1.3172533242521665,1.570979983561682,1.0303547421399881,1.9642506649975255
2010-02-03,1.0967226101496752,1.3450023404283933,1.570979983561682,1.0303547421399881,1.9642506649975255
2010-02-04,1.0774871297722344,1.3214122677085542,1.570979983561682,1.0303547421399881,1.9642506649975255
2010-02-05,1.0493121110352224,1.2868588940549164,1.570979983561682,1.0303547421399881,1.9642506649975255
2010-02-08,1.0585962879804034,1.2982448540092895,1.570979983561682,1.0303547421399881,1.9642506649975255
2010-02-09,1.0657678977165013,1.3070399967285358,1.570979983561682,1.0303547421399881,1.9642506649975255
2010-02-10,1.057884751543257,1.2973722375751928,1.570979983561682,1.0303547421399881,1.9642506649975255
2010-02-11,1.0733731831019147,1.3163669920401495,1.570979983561682,1.0303547421399881,1.9642506649975255
2010-02-15,1.067836054975517,1.3095763503406588,1.570979983561682,1.0303547421399881,1.9642506649975255
2010-02-16,1.0797998132110842,1.3242485041544305,1.570979983561682,1.0303547421399881,1.9642506649975255
2010-02-17,1.092753185835199,1.3401343045698135,1.570979983561682,1.0303547421399881,1.9642506649975255
2010-02-18,1.086915829073259,1.3329754674727525,1.570979983561682,1.0303547421399881,1.9642506649975255
2010-02-19,1.0773870173664588,1.3212894915217335,1.570979983561682,1.0303547421399881,1.9642506649975255
2010-02-22,1.0799443355669278,1.3244257439642553,1.570979983561682,1.0303547421399881,1.9642506649975255
2010-02-23,1.0829797393667797,1.3281483126221485,1.570979983561682,1.0303547421399881,1.9642506649975255
2010-02-24,1.0804336050901664,1.3250257759575468,1.570979983561682,1.0303547421399881,1.9642506649975255
2010-02-25,1.0806893151938561,1.3253393745692204,1.570979983561682,1.0303547421399881,1.9642506649975255
2010-02-26,1.0945988590167366,1.3423978074153458,1.570979983561682,1.0303547421399881,1.9642506649975255
2010-03-02,1.1156578618915738,1.3682242177506616,1.570979983561682,1.0303547421399881,1.9642506649975255
2010-03-03,1.1314687813517001,1.3876144660061365,1.5924581631428032,1.0303547421399881,2.008999362275405
2010-03-04,1.1297231119941535,1.385473606184532,1.59000126334637,1.0288001951985948,2.00344290163392
2010-03-05,1.1316022283654732,1.3877781232009336,1.5926459798903194,1.0301030358873098,2.008687494387123
2010-03-08,1.1394520399307206,1.3974050013463006,1.603694005882939,1.035968944971745,2.0317326783862852
2010-03-09,1.1344485912776292,1.3912688552631056,1.5966520240069892,1.0318684961065485,2.016396383363632
2010-03-10,1.1377286298391005,1.3952914399176448,1.6012684343478898,1.0350984774508227,2.025832505956355
2010-03-11,1.1415423478738778,1.3999685201884795,1.6066359588580674,1.0390359528422375,2.036880049125156
2010-03-12,1.1423429213747294,1.400950330194369,1.6077627065223767,1.0398324609095986,2.038921846459154
2010-03-15,1.1405416581432595,1.3987412909718404,1.6052275624828776,1.0377684721594382,2.033166292325175
2010-03-16,1.1559300858779262,1.4176134024128686,1.626885630091891,1.0553469030891776,2.0788717653490063
2010-03-17,1.1634463341996342,1.426831204152689,1.6374641906261136,1.0638407119410724,2.1012052367292746
2010-03-18,1.1665595911393356,1.430649250604455,1.6418458682378159,1.0673837174475829,2.110278216796013
2010-03-19,1.1703177153001896,1.4352581514743654,1.6471351485049275,1.0718172611185581,2.1213238523939526
2010-03-22,1.1575089736137032,1.4195497240316999,1.6291077971591261,1.055504662761279,2.0819676712503834
2010-03-23,1.1619786342117036,1.4250312413357067,1.6353985120450112,1.0608342108051834,2.0951021512341446
2010-03-25,1.1697840358268834,1.4346036558580697,1.6463840343356502,1.0702673263155995,2.11836633849252
2010-03-26,1.1745873682502082,1.4404943827305154,1.6531443675007191,1.0760242793366825,2.1326009246043407
2010-03-29,1.1792239190517633,1.4461805714001879,1.6596699679365898,1.081688586096117,2.146362573337681
2010-03-30,1.1702399707421247,1.4351628068433848,1.6470257288212642,1.0702611962608564,2.118529324622303
2010-03-31,1.1672712361582667,1.431522000201444,1.6428474556773764,1.0665222671422918,2.109133905194464
2010-04-01,1.1764775599635982,1.4428124823619446,1.6558046717649664,1.0792586481568114,2.1366964353201783
2010-04-05,1.1938005893617227,1.4640571570574061,1.680185547340208,1.10574797880489,2.189150404352311
2010-04-06,1.1932669098884165,1.4634026614411104,1.679434433170931,1.1047582248897045,2.1871236630095034
2010-04-07,1.1951904362098036,1.4657616420805157,1.682141653416861,1.1072959425285462,2.1926604792925852
2010-04-08,1.179579741561229,1.4466169461986824,1.6601707616563703,1.085029807348649,2.144188049586235
2010-04-09,1.1923218140317215,1.4622436116253956,1.6781042810388074,1.1007925177574618,2.1827043258482433
2010-04-12,1.187418477784406,1.4562302417290214,1.6712031999286916,1.0947487085839627,2.167249788624454
2010-04-13,1.183693688231549,1.4516622218670874,1.6659608356432625,1.0902428636044343,2.155454773872082
2010-04-15,1.1727194358027446,1.4382035814920344,1.6505153914978554,1.0773215111190202,2.1215221575846135
2010-04-16,1.1702733053501222,1.4352036878513612,1.6470726448029467,1.0745131509143173,2.1137200569542065
2010-04-19,1.1571642264463082,1.419126931848233,1.6286225911596437,1.0588219952698639,2.0735926102743307
2010-04-20,1.163046101740101,1.4263403657311904,1.6369008932043527,1.0653974486213365,2.090927511586226
2010-04-21,1.1663372156436427,1.4303765330007572,1.6415328912655514,1.0690322045014007,2.1004962489942884
2010-04-22,1.1717743399460496,1.4370445316763196,1.6491852393657316,1.0750964820106685,2.116570137793803
2010-04-23,1.1795018884213802,1.44652146840481,1.6600611891519208,1.0841432892146812,2.1396370046495607
2010-04-26,1.183582500483703,1.4515258630652388,1.6658043471571307,1.0888461517762609,2.151691597698998
2010-04-27,1.1804469842780754,1.4476805182205248,1.6613913412840449,1.0850191338827784,2.1417433196510665
2010-04-28,1.1597883224445567,1.4223450794696,1.6323158111248368,1.0603038869339803,2.078431097498341
2010-04-29,1.1683941889788032,1.43289917083496,1.644427928258998,1.0692147075299576,2.1039631400655345
2010-04-30,1.1736978662674373,1.4394035123157254,1.6518924596116622,1.0747226790203714,2.1196310676316252
2010-05-03,1.1614116201304014,1.4243358647114353,1.6346004818940525,1.0618778228848984,2.0820028930530072
2010-05-04,1.1449002395751993,1.4040865826368913,1.6113619417034186,1.0449223326735435,2.031937565201931
2010-05-05,1.1396521561604884,1.3976504205570504,1.6039756545938206,1.0443369960910467,2.0159419896258144
2010-05-06,1.1320803139648572,1.3883644394163053,1.5933188498165316,1.0443369960910467,1.9930987986160282
2010-05-07,1.1158913127293388,1.3685105179693875,1.5925221903916233,1.0443369960910467,1.9914254667015558
2010-05-10,1.1549293961473088,1.4163861731962297,1.5925221903916233,1.0443369960910467,1.9914254667015558
2010-05-11,1.1421538804870344,1.4007184935986479,1.5741098808604348,1.0443369960910467,1.9524158921012638
2010-05-12,1.14671257814874,1.4063092044744478,1.580392651646177,1.0443369960910467,1.96515882569498
2010-05-13,1.1516604329279083,1.4123771711567188,1.5872117565233854,1.0443369960910467,1.9790523992151419
2010-05-14,1.1326695873120867,1.3890871144335255,1.5610386827892115,1.0443369960910467,1.9239082678853294
2010-05-17,1.1251977489404463,1.379923776316709,1.560258163447817,1.0443369960910467,1.9222930257772086
2010-05-18,1.126598779712383,1.381641977117739,1.560258163447817,1.0443369960910467,1.9222930257772086
2010-05-19,1.094009585669509,1.3416751323981262,1.560258163447817,1.0443369960910467,1.9222930257772086
2010-05-20,1.100225024206841,1.3410042948319272,1.560258163447817,1.0443369960910467,1.9222930257772086
2010-05-21,1.096566903869978,1.3410042948319272,1.560258163447817,1.0443369960910467,1.9222930257772086
2010-05-24,1.0994133753639188,1.3410042948319272,1.560258163447817,1.0443369960910467,1.9222930257772086
2010-05-25,1.0689034139221307,1.3410042948319272,1.560258163447817,1.0443369960910467,1.9222930257772086
2010-05-26,1.0935092408041998,1.3410042948319272,1.560258163447817,1.0443369960910467,1.9222930257772086
2010-05-27,1.1125668642178004,1.3410042948319272,1.560258163447817,1.0443369960910467,1.9222930257772086
2010-05-28,1.1266765242704475,1.3573405141120103,1.560258163447817,1.0443369960910467,1.9222930257772086
2010-05-31,1.1310684403103834,1.3626315851933428,1.560258163447817,1.0443369960910467,1.9222930257772086
2010-06-01,1.105250732125859,1.3315282289544543,1.560258163447817,1.0443369960910467,1.9222930257772086
2010-06-02,1.1162916537706573,1.3308624648399772,1.560258163447817,1.0443369960910467,1.9222930257772086
2010-06-03,1.1364499707388669,1.354230132230768,1.560258163447817,1.0443369960910467,1.9222930257772086
2010-06-04,1.142009358131191,1.360854876053441,1.5671106444993865,1.0443369960910467,1.936132312318354
2010-06-07,1.1194382453183556,1.3339584161333895,1.5361376661298631,1.0443369960910467,1.8715389450361484
2010-06-08,1.1090088562867129,1.321530422599961,1.5353695972967982,1.0443369960910467,1.8699676702714043
2010-06-09,1.111944147680789,1.320869657388661,1.5353695972967982,1.0443369960910467,1.8699676702714043
2010-06-10,1.1293562141426188,1.320869657388661,1.5353695972967982,1.0443369960910467,1.8699676702714043
2010-06-11,1.1384180155921069,1.3308077019644444,1.5353695972967982,1.0443369960910467,1.8699676702714043
2010-06-14,1.1558411573960072,1.3511753094578918,1.5581002776405761,1.0443369960910467,1.9161255361181269
2010-06-15,1.1613226916484816,1.3575832087548654,1.5654895110019476,1.0470204140192239,1.9310483631864719
2010-06-16,1.163768822101104,1.3604427288975316,1.5687869507175938,1.048354317704787,1.9375398222131106
2010-06-17,1.1729974051723617,1.3712309185266818,1.5812272914629868,1.0539796872147542,1.962999381219039
2010-06-18,1.170273305350123,1.3680464529132579,1.5775551426887442,1.052314466610385,1.9550007984878826
2010-06-21,1.1904426976604032,1.39162442011233,1.604743944158047,1.0646673850591557,2.011234791334193
2010-06-22,1.1822703981936868,1.3820710232720583,1.5937274978353193,1.0597994595663218,1.9876988305331453
2010-06-23,1.1837380981816175,1.383786760744023,1.5957059909388525,1.0607504096563756,1.9914940183620067
2010-06-24,1.1831710841003145,1.3831239227564076,1.5949416430076067,1.0603146486931005,1.9895433944107592
2010-06-25,1.1717075621482715,1.3697230953832722,1.5794885536086647,1.0516960588896238,1.9568275293359967
2010-06-28,1.1860397062783967,1.3864773346282606,1.598808611218174,1.0623583110176993,1.9966756505395817
2010-06-29,1.1688389399701893,1.3663696835114194,1.5756215853980973,1.0498192906228685,1.9477031588200129
2010-06-30,1.1813698208688446,1.381018250719534,1.5925134990337582,1.0596473548442575,1.9824236763612813
2010-07-01,1.1677826563656477,1.3651348907225407,1.5741976909754316,1.048994633249447,1.9437919371683858
2010-07-02,1.1646027302099524,1.3614175653098044,1.5699110778933818,1.046452836524592,1.93456376778085
2010-07-05,1.1643358361824068,1.3611055668851473,1.569551298648839,1.0462399023158475,1.9334804516104955
2010-07-06,1.1761550720621305,1.374922222915393,1.5854838985462034,1.0567716265792626,1.9660977376304754
2010-07-07,1.1654922321927241,1.3624573908162285,1.5711101468808897,1.0469651980389487,1.93582402617313
2010-07-08,1.1778896660776066,1.3769499588120149,1.5878221708942795,1.0578661850824023,1.9700606709644757
2010-07-09,1.190253765354492,1.391403558737675,1.6044892590947826,1.0690902428484659,2.0044388521981937
2010-07-12,1.1970472933151979,1.3993451752702595,1.6136470899385829,1.07519889963148,2.0232979315269466
2010-07-13,1.2009721990978217,1.4039333799309912,1.6189379525718157,1.0788721959404761,2.034082887861704
2010-07-14,1.197747754410274,1.4001640124702037,1.6145913274921,1.075795150877252,2.024556478707797
2010-07-15,1.196102197458503,1.398240360669684,1.6123730791393558,1.074225648649082,2.019531363045281
2010-07-16,1.1994711645018945,1.4021786743889006,1.6169145236553963,1.0774184282247532,2.0287288957397505
2010-07-19,1.1978145322080531,1.4002420755422804,1.6146813454885989,1.0758109280838601,2.0236686942886144
2010-07-20,1.1937116608798042,1.3954458296211694,1.609150581235429,1.0713681623853066,2.011675062719714
2010-07-21,1.2006831543861354,1.4035954874141332,1.6185483136991663,1.0787823472294913,2.03104996742793
2010-07-22,1.2101563722190123,1.4146696544439148,1.6313184276902692,1.0887843533139925,2.0576016625730693
2010-07-23,1.21174633529686,1.4165283171502832,1.6334617342312943,1.0903870274668723,2.0617805424945894
2010-07-26,1.2049638826782247,1.4085996476637994,1.6243188332015477,1.0828355905527125,2.0420417434037605
2010-07-27,1.2076323886265403,1.4117191241830718,1.627916040164071,1.0857683398444722,2.0492775366263793
2010-07-28,1.2002828133448171,1.4031274897771477,1.6180086448323525,1.076025195632448,2.0279768812360977
2010-07-29,1.2028067969372893,1.4060780200379912,1.621411032358551,1.0792116929016846,2.034782234260539
2010-07-30,1.193622732397884,1.395341872456892,1.6090307036108238,1.0653158797938755,2.0083378306830593
2010-08-02,1.2078658394643043,1.4119920276057785,1.6282307372250018,1.085113511930767,2.0482260011930484
2010-08-03,1.2096225841639217,1.4140456575946012,1.6305988692011844,1.0872373596102383,2.0528692959146952
2010-08-04,1.2159158758411035,1.4214024992116467,1.6390823701102375,1.095744166133856,2.0704435008101054
2010-08-05,1.2113015843054746,1.4160084043970718,1.632862199737541,1.088561900126425,2.0568876791094124
2010-08-06,1.209555914947928,1.4139677214543496,1.630508997575412,1.085598313966721,2.051549959836056
2010-08-09,1.2199853039795707,1.4261596501308074,1.6445680521797952,1.1028236829776121,2.0808934476925507
2010-08-10,1.214325912763256,1.4195438365052786,1.6369390635692127,1.0933110497110932,2.0643202333188535
2010-08-11,1.2054086336696113,1.409119560417012,1.624918367695302,1.0788724667756255,2.0385045421271437
2010-08-12,1.2044857970788425,1.4080407668404618,1.623674362894908,1.0772414362299416,2.035526946718543
2010-08-13,1.2124134617839395,1.4173081862801018,1.6343610359719256,1.0890554293304757,2.057666298094481
2010-08-16,1.2048971048804464,1.4085215845917234,1.6242288152050492,1.0777111195314668,2.035886081527539
2010-08-17,1.2039742682896777,1.4074427910151732,1.6229848104046551,1.0761978337362401,2.0329111997572493
2010-08-18,1.2184286755097202,1.4243399554945653,1.6424696814516566,1.0968772838792684,2.073536299523467
2010-08-19,1.2320047646708465,1.4402103684454581,1.6607705596959297,1.1150109300870565,2.1119675142600807
2010-08-20,1.2298810135379077,1.4377277088897757,1.6579076946658193,1.112071065765754,2.1054844547601608
2010-08-23,1.2327385603739192,1.4410681737155282,1.6617597330623333,1.1156659545187726,2.1133298396427205
2010-08-24,1.2241993630556667,1.4310858742402215,1.650248700056404,1.1040744895001804,2.0883788106689014
2010-08-25,1.2146928106147927,1.4199727391403136,1.6374336502524145,1.0917050863396998,2.0607819959436946
2010-08-26,1.2181507061401042,1.4240150100238076,1.6420949723930607,1.0959426210272252,2.0702715614096343
2010-08-27,1.2027623869872226,1.406026104921765,1.6213511667316118,1.0764230601067082,2.0259951371274108
2010-08-30,1.20426342158315,1.4077808104638556,1.623374595648031,1.0780673526896476,2.0298857767639715
2010-08-31,1.2013613562152858,1.4043883035900522,1.6194625452538514,1.0741824608657617,2.0213164663380443
2010-09-01,1.2168053778238759,1.4224423247180709,1.6402814390977456,1.0937560388174807,2.0645943090362584
2010-09-02,1.2199853039795714,1.4261596501308074,1.6445680521797956,1.0973791839653102,2.0732923530264977
2010-09-03,1.218484269383644,1.4244049445887166,1.6425446232633762,1.0954917080588393,2.0686458575899302
2010-09-06,1.2401770641375631,1.4497637652857296,1.6717870060186577,1.1212813928470944,2.1301228507077803
2010-09-07,1.2461922778633439,1.456795534500193,1.6798956514983887,1.1276314460218952,2.147097948573799
2010-09-08,1.2470484452381188,1.4577963919364914,1.6810497846730101,1.1284981867036874,2.149198740007034
2010-09-09,1.2542088710503612,1.466166911104111,1.6907022022000122,1.136458610577775,2.1695434839465175
2010-09-13,1.2808828551914455,1.497348729250734,1.7266593420111918,1.1663250743451232,2.246639879383875
2010-09-14,1.2887882606306162,1.5065901276663485,1.7373160090893767,1.1740130474816164,2.26952893159332
2010-09-15,1.3033317049143638,1.5235913762418425,1.7569209041317095,1.1887214129545094,2.3121349624643885
2010-09-16,1.296160095178266,1.515207783096298,1.747253410419928,1.1814922575141038,2.2903671447521896
2010-09-17,1.308668716810995,1.5298303292803872,1.764115318056756,1.1939444612773642,2.3270800588010636
2010-09-20,1.3299055766496726,1.5546561632462632,1.7927430901335042,1.2152858787058938,2.3900820434032095
2010-09-21,1.3362654289610632,1.562090814071736,1.8013163162976038,1.221362746335015,2.4088554605036476
2010-09-22,1.3322515946965192,1.557398652246727,1.7959055760397653,1.2174764533673765,2.3962839336042077
2010-09-23,1.3252578419242615,1.5492229734297374,1.786477837577195,1.2105318064568051,2.374741661268499
2010-09-24,1.3383224022962228,1.5644954105553415,1.8040891633312153,1.2236272376314765,2.413634860574488
2010-09-27,1.3421806388628525,1.569005679075821,1.8092901543386752,1.2274424346935568,2.4248958291990728
2010-09-28,1.3408130512806977,1.5674069727460587,1.8074466150445272,1.2257368218453466,2.4203222757200895
2010-09-29,1.3323182639125126,1.5574765883869786,1.7959954476655375,1.2161763677518955,2.394150467967701
2010-09-30,1.3409131636864733,1.5675240038882612,1.807581568853912,1.2253706277111593,2.419664963890579
2010-10-01,1.3661415985237684,1.5970159786551203,1.8415900751896654,1.2532263194496218,2.495682423345944
2010-10-04,1.3697107903787114,1.601188354658742,1.846401427324476,1.2568300752592139,2.506193553044108
2010-10-05,1.3666752779970743,1.59763984857261,1.8423094873080248,1.2535790947078855,2.4964284196282147
2010-10-06,1.375714928762421,1.6082071768271047,1.8544951429901533,1.2633675359659977,2.5237172110536936
2010-10-07,1.361004702856904,1.591010960969156,1.8346654225126626,1.2472289693410938,2.477962959831135
2010-10-08,1.3572577626199056,1.586630797568804,1.829614461499367,1.2433840396987574,2.4660738885216094
2010-10-11,1.3644627069640003,1.5950533587844744,1.8393268910240346,1.250451897229158,2.4876234191088376
2010-10-12,1.3544668849998878,1.5833682688833035,1.8258522947286255,1.239198846848043,2.456587425158424
2010-10-13,1.3862665808839807,1.6205420307379657,1.8687190110320282,1.2730359346085194,2.5530005088905012
2010-10-14,1.3736912900352578,1.6058415484136244,1.8517672317694274,1.261059663101239,2.513666206003945
2010-10-15,1.3481847772465614,1.576024501244183,1.8173838700043516,1.2374915465113328,2.4348553487629783
2010-10-18,1.3511424364883486,1.5794819972121377,1.8213708622102505,1.239897882545991,2.443398061509495
2010-10-19,1.3403237817574583,1.5668350179447947,1.8067870685531064,1.2303054749297682,2.410118971009355
2010-10-20,1.3302724745012076,1.555085065881297,1.7932376768167042,1.2215430456809162,2.379348473149646
2010-10-21,1.3568240869705899,1.586123831861692,1.829029856819666,1.24437966288173,2.458674503247621
2010-10-22,1.3489408322155605,1.5769083275382783,1.818403049369588,1.2380880227159714,2.4342573451193434
2010-10-25,1.3577802581693557,1.587241593508368,1.8303187974329465,1.2451505526998723,2.460615270691836
2010-10-26,1.3524877648045772,1.5810546825178742,1.8231843955055655,1.2409478803856637,2.4440793496151647
2010-10-27,1.3370660024619136,1.5630266824138812,1.8023955076605045,1.2287506972142155,2.396856241288449
2010-10-28,1.3315177989934452,1.5565408469766555,1.7949164026733604,1.22443315066365,2.3797360611071494
2010-10-29,1.3381890638642342,1.5643395382748364,1.8039094200796688,1.2296400160587173,2.3993396230755333
2010-11-01,1.3603931702437482,1.590296080933489,1.8338410625837507,1.2483597066703864,2.465767695857794
2010-11-02,1.3607156581452169,1.5906730684522974,1.8342757836400125,1.2485772616521855,2.4663172506316724
2010-11-03,1.3699442412164746,1.6014612580814476,1.8467161243854056,1.2558677952498585,2.4939718662788772
2010-11-04,1.3969183454113165,1.6329939157910294,1.8830778328832884,1.2771475601185933,2.575990365218398
2010-11-08,1.395006003013785,1.6307583924976772,1.8804999516567276,1.27568875086096,2.569617756417057
2010-11-09,1.4013102614512523,1.6381280542289984,1.888998236009108,1.2804200924491436,2.588666515322004
2010-11-10,1.3955619417530172,1.631408283439192,1.8812493697739199,1.2761032434690158,2.570382454142245
2010-11-11,1.3774494141961116,1.610234785791901,1.8568332689675024,1.2623607589529473,2.513916343915054
2010-11-12,1.3501861567077977,1.5783641086336369,1.8200817752262441,1.240023391743495,2.429927956113787
2010-11-15,1.361293856150375,1.5913489804178378,1.8350552077560378,1.248515372509275,2.46306888498483
2010-11-16,1.3317401744891377,1.5568008033532612,1.7952161699202374,1.2244516507119545,2.3728491717344706
2010-11-18,1.3339860801302086,1.5594262612115224,1.7982437020171136,1.2239088396392201,2.379152837686896
2010-11-19,1.3098583388475227,1.531220994349768,1.7657189557309654,1.2239088396392201,2.3064805676677023
2010-11-22,1.3364767291146837,1.5623378234022396,1.8016011537304257,1.2239088396392201,2.3847793995586506
2010-11-23,1.3197429730637886,1.5427761060626357,1.7790436684029358,1.2239088396392201,2.334224058534702
2010-11-24,1.3043990638609744,1.5248391160768198,1.7583597283684267,1.2239088396392201,2.288245858018081
2010-11-25,1.2897222811452391,1.5076819952208218,1.7385750900745485,1.2239088396392201,2.2446129226942633
2010-11-26,1.2790927758838295,1.4952561311917834,1.724246274222121,1.2239088396392201,2.213156861446289
2010-11-29,1.2964491398899511,1.5155456756131542,1.72338415108501,1.2239088396392201,2.2112987769345915
2010-11-30,1.303720862031825,1.5240462999009012,1.7321888395135754,1.2239088396392201,2.2298812134404686
2010-12-01,1.3255580705598027,1.5495739399245185,1.7612028485701936,1.2239088396392201,2.2922064787559435
2010-12-02,1.336854810890076,1.5627798000151996,1.7762122636166675,1.2239088396392201,2.3246062747235245
2010-12-03,1.332651827156051,1.557866522951886,1.770627968903926,1.2239088396392201,2.311927330584659
2010-12-06,1.3325295640661339,1.5577235977174826,1.7704655240386127,1.2239088396392201,2.311166194525962
2010-12-07,1.3290382253510404,1.553642231832038,1.7658267565436894,1.2239088396392201,2.300593484104888
2010-12-08,1.3128382573552364,1.5347045113417483,1.7443026676224798,1.2239088396392201,2.253103614951496
2010-12-09,1.2823282959134483,1.4990384456986712,1.7037656046340957,1.2239088396392201,2.164787481709838
2010-12-10,1.3025311314135106,1.522655507899694,1.7029137218317787,1.2239088396392201,2.1629700063374626
2010-12-13,1.3137165754141524,1.5357312628702473,1.7166859815286415,1.2239088396392201,2.191963981525119
2010-12-14,1.3218222056648747,1.5452067235702667,1.727277932702343,1.2239088396392201,2.2142892096004974
2010-12-15,1.3103030898389085,1.5317409071029797,1.7122254434302129,1.2239088396392201,2.1814999345872317
2010-12-16,1.32285623000349,1.54641549533512,1.7286291336538122,1.2239088396392201,2.2162106837900404
2010-12-20,1.322478148228098,1.54597351872216,1.7281350790793069,1.2239088396392201,2.2147588938955294
2010-12-21,1.3343974965135978,1.5599072058946082,1.7437105681106637,1.2239088396392201,2.2478885939492974
2010-12-22,1.3307838947085873,1.5556829147747602,1.7389885301326222,1.2239088396392201,2.2372733637951714
2010-12-23,1.3298054642438952,1.5545391321040585,1.737709975919277,1.2239088396392201,2.2341194507577096
2010-12-24,1.3368325516241497,1.5627537789911738,1.7468925519957466,1.2239088396392201,2.2535514398819325
2010-12-27,1.3338304824322946,1.5592443679069923,1.742969628137066,1.2239088396392201,2.2446591185965423
2010-12-28,1.3333634721749825,1.5586984341297547,1.7423593671591946,1.2239088396392201,2.24294626653308
2010-12-29,1.3476733570391812,1.5754266523507174,1.7610586659298708,1.2239088396392201,2.282972753142008
2010-12-30,1.356901940110439,1.5862148419798676,1.7731180244584077,1.231523860963904,2.308823147911128
2010-12-31,1.3641624783284572,1.5947023922896895,1.7826056600797329,1.2383416706889592,2.329162793184136
2011-01-03,1.3692993739953216,1.6007074099756537,1.7893182470599964,1.2432359994879858,2.343481908046376
2011-01-04,1.366797649668776,1.597782900738836,1.7860491438444293,1.2408078834999194,2.3358821086593675
2011-01-05,1.3519984952813384,1.58048272771661,1.7667104970229999,1.2265925525504346,2.293004435024106
2011-01-06,1.3449825918249396,1.5722811548074196,1.757542535427051,1.2201042153367296,2.2726227631206184
2011-01-07,1.313038373585003,1.5349384466943283,1.7157997480787963,1.1893566809183507,2.181591693863518
2011-01-10,1.2815166470705261,1.4980896303104236,1.714941848204757,1.1887266406069388,2.1797601102971513
2011-01-11,1.2795708614832126,1.4958150120151208,1.714941848204757,1.1887266406069388,2.1797601102971513
2011-01-12,1.3038431251217422,1.5241892251353042,1.714941848204757,1.1887266406069388,2.1797601102971513
2011-01-13,1.2790815919599743,1.495243057213858,1.714941848204757,1.1887266406069388,2.1797601102971513
2011-01-14,1.2574333157379076,1.4699362785648962,1.714941848204757,1.1887266406069388,2.1797601102971513
2011-01-17,1.2574778342697601,1.4699883206129472,1.714941848204757,1.1887266406069388,2.1797601102971513
2011-01-18,1.2728884126885682,1.4880032467390152,1.714941848204757,1.1887266406069388,2.1797601102971513
2011-01-19,1.2655500213307005,1.479424686311016,1.714941848204757,1.1887266406069388,2.1797601102971513
2011-01-20,1.2701199029162618,1.4847668660093647,1.714941848204757,1.1887266406069388,2.1797601102971513
2011-01-21,1.266762011214941,1.4808414993362486,1.714941848204757,1.1887266406069388,2.1797601102971513
2011-01-24,1.2771580656385868,1.4929944599425806,1.714941848204757,1.1887266406069388,2.1797601102971513
2011-01-25,1.2647383724877779,1.4784758709227688,1.714941848204757,1.1887266406069388,2.1797601102971513
2011-01-27,1.246258947079336,1.4568734706404427,1.714941848204757,1.1887266406069388,2.1797601102971513
2011-01-28,1.2257670668675869,1.4561450339051225,1.714941848204757,1.1887266406069388,2.1797601102971513
2011-01-31,1.2243772200195058,1.4561450339051225,1.714941848204757,1.1887266406069388,2.1797601102971513
2011-02-01,1.2046525787006113,1.4561450339051225,1.714941848204757,1.1887266406069388,2.1797601102971513
2011-02-02,1.207943692604153,1.4561450339051225,1.714941848204757,1.1887266406069388,2.1797601102971513
2011-02-03,1.229013770821061,1.4561450339051225,1.714941848204757,1.1887266406069388,2.1797601102971513
2011-02-04,1.1998825808852833,1.4561450339051225,1.714941848204757,1.1887266406069388,2.1797601102971513
2011-02-07,1.1999381747592066,1.4561450339051225,1.714941848204757,1.1887266406069388,2.1797601102971513
2011-02-08,1.1813808962109154,1.4561450339051225,1.714941848204757,1.1887266406069388,2.1797601102971513
2011-02-09,1.1682607419650308,1.4561450339051225,1.714941848204757,1.1887266406069388,2.1797601102971513
2011-02-10,1.1620898219595512,1.4561450339051225,1.714941848204757,1.1887266406069388,2.1797601102971513
2011-02-11,1.1808138821296124,1.4561450339051225,1.714941848204757,1.1887266406069388,2.1797601102971513
2011-02-14,1.2132807045007845,1.4561450339051225,1.714941848204757,1.1887266406069388,2.1797601102971513
2011-02-15,1.2188400918931086,1.4561450339051225,1.714941848204757,1.1887266406069388,2.1797601102971513
2011-02-16,1.2189957981728077,1.4561450339051225,1.714941848204757,1.1887266406069388,2.1797601102971513
2011-02-17,1.233394611518927,1.4561450339051225,1.714941848204757,1.1887266406069388,2.1797601102971513
2011-02-18,1.213936755645793,1.4561450339051225,1.714941848204757,1.1887266406069388,2.1797601102971513
2011-02-21,1.227201432247521,1.4561450339051225,1.714941848204757,1.1887266406069388,2.1797601102971513
2011-02-22,1.216216104476646,1.4561450339051225,1.714941848204757,1.1887266406069388,2.1797601102971513
2011-02-23,1.2091334232224682,1.4561450339051225,1.714941848204757,1.1887266406069388,2.1797601102971513
2011-02-24,1.1702955646160498,1.4561450339051225,1.714941848204757,1.1887266406069388,2.1797601102971513
2011-02-25,1.179379516749679,1.4561450339051225,1.714941848204757,1.1887266406069388,2.1797601102971513
2011-02-28,1.1859841124044739,1.4561450339051225,1.714941848204757,1.1887266406069388,2.1797601102971513
2011-03-01,1.2280241564325138,1.4561450339051225,1.714941848204757,1.1887266406069388,2.1797601102971513
2011-03-03,1.231115262688074,1.4561450339051225,1.714941848204757,1.1887266406069388,2.1797601102971513
2011-03-04,1.231682276769377,1.4561450339051225,1.714941848204757,1.1887266406069388,2.1797601102971513
2011-03-07,1.2148706675786323,1.4561450339051225,1.714941848204757,1.1887266406069388,2.1797601102971513
2011-03-08,1.2276905931889743,1.4561450339051225,1.714941848204757,1.1887266406069388,2.1797601102971513
2011-03-09,1.2299588666777566,1.4561450339051225,1.714941848204757,1.1887266406069388,2.1797601102971513
2011-03-10,1.2218199018190372,1.4561450339051225,1.714941848204757,1.1887266406069388,2.1797601102971513
2011-03-11,1.2109346864539379,1.4561450339051225,1.714941848204757,1.1887266406069388,2.1797601102971513
2011-03-14,1.2300700544256031,1.4561450339051225,1.714941848204757,1.1887266406069388,2.1797601102971513
2011-03-15,1.2118685983867774,1.4561450339051225,1.714941848204757,1.1887266406069388,2.1797601102971513
2011-03-16,1.2255446913718946,1.4561450339051225,1.714941848204757,1.1887266406069388,2.1797601102971513
2011-03-17,1.2112014718996988,1.4561450339051225,1.714941848204757,1.1887266406069388,2.1797601102971513
2011-03-18,1.1949792446379686,1.4561450339051225,1.714941848204757,1.1887266406069388,2.1797601102971513
2011-03-21,1.1929889405188026,1.4561450339051225,1.714941848204757,1.1887266406069388,2.1797601102971513
2011-03-22,1.2039075990736838,1.4561450339051225,1.714941848204757,1.1887266406069388,2.1797601102971513
2011-03-23,1.2186733102713392,1.4561450339051225,1.714941848204757,1.1887266406069388,2.1797601102971513
2011-03-24,1.2280464156984403,1.4561450339051225,1.714941848204757,1.1887266406069388,2.1797601102971513
2011-03-25,1.257366646521914,1.4561450339051225,1.714941848204757,1.1887266406069388,2.1797601102971513
2011-03-28,1.2647050378797817,1.4561450339051225,1.714941848204757,1.1887266406069388,2.1797601102971513
2011-03-29,1.275623696434663,1.4679883910538967,1.714941848204757,1.1956851776501058,2.1797601102971513
2011-03-30,1.287031515930998,1.4811165154644608,1.714941848204757,1.2033552100310207,2.1797601102971513
2011-03-31,1.2972830479988002,1.4929139837210577,1.7277443235474483,1.2115322130481145,2.206701790294715
2011-04-01,1.2955707132492504,1.4909434280305645,1.725463806085888,1.2101589104597428,2.2014244288181444
2011-04-04,1.3138945409597784,1.5120304981703785,1.7498678013137323,1.224786098559077,2.2533195898946574
2011-04-05,1.314250254887459,1.5124398539371544,1.7503415473634514,1.2250602685136067,2.2539492182146925
2011-04-06,1.3101808267489918,1.5077567539898935,1.7449218115724325,1.2216616608086712,2.241835602699192
2011-04-07,1.3088354984327633,1.5062085494873436,1.7431300797177252,1.2205444629571556,2.2375775896311327
2011-04-08,1.299117645838267,1.4950252398368833,1.7301876731372088,1.2123455214814793,2.2092893299153005
2011-04-11,1.2865979488634673,1.4806175662652128,1.713513721053959,1.201694484677875,2.1731519019978727
2011-04-13,1.3145727427889276,1.5128109731762642,1.750771042408526,1.2255465421678577,2.2521121765205865
2011-04-15,1.2952371500057107,1.4905595632822324,1.725019560705931,1.2091639822948128,2.1960957287956258
2011-04-18,1.2740114740908888,1.466133044770292,1.6967508331280423,1.1922025625024442,2.135281846635852
2011-04-19,1.2766021268993546,1.4691143693244755,1.7002011099901455,1.1941907465055481,2.1421985922998337
2011-04-20,1.301263547655347,1.497494744726624,1.733045622826037,1.2143550113242518,2.2113106539270717
2011-04-21,1.30861312293707,1.505952639655122,1.7428339161310873,1.2200727333821013,2.2318948199935513
2011-04-25,1.3063448494482879,1.5033423093840754,1.7398129897029326,1.2182923566281054,2.225007928981077
2011-04-26,1.3049883372082038,1.5017812344163308,1.7380063629022175,1.2172158847303747,2.2207386270980027
2011-04-27,1.2973163826067966,1.4929523452046956,1.7277887191632182,1.2111502039710498,2.1984276208346007
2011-04-28,1.2865423549895438,1.4805535888071568,1.7134396801572993,1.2017573892147264,2.1673856630968555
2011-04-29,1.278547912486668,1.4713535803564117,1.702792541373225,1.1949319866525752,2.144391678131275
2011-05-02,1.2678293701615535,1.4590186764609556,1.6885173986528392,1.1857410508131956,2.113830005437681
2011-05-03,1.2375752274052405,1.4582891671227252,1.6482244005352362,1.1851972621547897,2.0287609020852253
2011-05-04,1.2313264542599114,1.4582891671227252,1.6474002883349688,1.1851972621547897,2.0270576295898275
2011-05-05,1.2141368718755596,1.4582891671227252,1.6474002883349688,1.1851972621547897,2.0270576295898275
2011-05-06,1.2345064889973916,1.4582891671227252,1.6474002883349688,1.1851972621547897,2.0270576295898275
2011-05-09,1.234428635857542,1.4582891671227252,1.6474002883349688,1.1851972621547897,2.0270576295898275
2011-05-10,1.2322382155086093,1.4582891671227252,1.6474002883349688,1.1851972621547897,2.0270576295898275
2011-05-11,1.2375307088733878,1.4582891671227252,1.6474002883349688,1.1851972621547897,2.0270576295898275
2011-05-12,1.2199853039795703,1.4582891671227252,1.6474002883349688,1.1851972621547897,2.0270576295898275
2011-05-13,1.2330165297435347,1.4582891671227252,1.6474002883349688,1.1851972621547897,2.0270576295898275
2011-05-16,1.2228428508155818,1.4582891671227252,1.6474002883349688,1.1851972621547897,2.0270576295898275
2011-05-17,1.2094892457319335,1.4582891671227252,1.6474002883349688,1.1851972621547897,2.0270576295898275
2011-05-18,1.2054086336696108,1.4582891671227252,1.6474002883349688,1.1851972621547897,2.0270576295898275
2011-05-19,1.2070764498873081,1.4582891671227252,1.6474002883349688,1.1851972621547897,2.0270576295898275
2011-05-20,1.220029822511423,1.4582891671227252,1.6474002883349688,1.1851972621547897,2.0270576295898275
2011-05-23,1.1978366828921947,1.4582891671227252,1.6474002883349688,1.1851972621547897,2.0270576295898275
2011-05-24,1.199682464655517,1.4582891671227252,1.6474002883349688,1.1851972621547897,2.0270576295898275
2011-05-25,1.1894754511195673,1.4582891671227252,1.6474002883349688,1.1851972621547897,2.0270576295898275
2011-05-26,1.2035740358301439,1.4582891671227252,1.6474002883349688,1.1851972621547897,2.0270576295898275
2011-05-27,1.21775047368057,1.4582891671227252,1.6474002883349688,1.1851972621547897,2.0270576295898275
2011-05-30,1.2170833471934912,1.4582891671227252,1.6474002883349688,1.1851972621547897,2.0270576295898275
2011-06-01,1.243523771915027,1.4582891671227252,1.6474002883349688,1.1851972621547897,2.0270576295898275
2011-06-02,1.2342618542357722,1.4582891671227252,1.634306548646771,1.1851972621547897,1.9996496411452118
2011-06-03,1.2267900158641318,1.4582891671227252,1.6334893953724476,1.1851972621547897,1.9979708093860362
2011-06-06,1.23019231751552,1.4582891671227252,1.6334893953724476,1.1851972621547897,1.9979708093860362
2011-06-07,1.2355515886780772,1.4582891671227252,1.6334893953724476,1.1851972621547897,1.9979708093860362
2011-06-08,1.2290360300869876,1.4582891671227252,1.6334893953724476,1.1851972621547897,1.9979708093860362
2011-06-09,1.2277461870628974,1.4582891671227252,1.6334893953724476,1.1851972621547897,1.9979708093860362
2011-06-10,1.2199074508397205,1.4582891671227252,1.6334893953724476,1.1851972621547897,1.9979708093860362
2011-06-13,1.2192403243526417,1.4582891671227252,1.6334893953724476,1.1851972621547897,1.9979708093860362
2011-06-14,1.223176414059121,1.4582891671227252,1.6334893953724476,1.1851972621547897,1.9979708093860362
2011-06-15,1.2113905127873943,1.4582891671227252,1.6334893953724476,1.1851972621547897,1.9979708093860362
2011-06-16,1.2001049563809767,1.4582891671227252,1.6334893953724476,1.1851972621547897,1.9979708093860362
2011-06-17,1.1933558383703384,1.4582891671227252,1.6334893953724476,1.1851972621547897,1.9979708093860362
2011-06-20,1.1692280970876523,1.4582891671227252,1.6334893953724476,1.1851972621547897,1.9979708093860362
2011-06-21,1.1732197806680549,1.4582891671227252,1.6334893953724476,1.1851972621547897,1.9979708093860362
2011-06-22,1.1737645354834318,1.4582891671227252,1.6334893953724476,1.1851972621547897,1.9979708093860362
2011-06-23,1.183037637086542,1.4582891671227252,1.6334893953724476,1.1851972621547897,1.9979708093860362
2011-06-24,1.2166719308101022,1.4582891671227252,1.6334893953724476,1.1851972621547897,1.9979708093860362
2011-06-27,1.2289804362130643,1.4582891671227252,1.6334893953724476,1.1851972621547897,1.9979708093860362
2011-06-28,1.2331387928334516,1.4582891671227252,1.6334893953724476,1.1851972621547897,1.9979708093860362
2011-06-29,1.2454028882863464,1.4582891671227252,1.6489184049909544,1.1851972621547897,2.0293087712063675
2011-06-30,1.2558433526600599,1.4582891671227252,1.6627416215776423,1.1851972621547897,2.05751876231856
2011-07-01,1.251351432796133,1.4582891671227252,1.656794301712691,1.1851972621547897,2.0448010438032695
2011-07-04,1.256532738413065,1.4582891671227252,1.6636543710717702,1.1851972621547897,2.0586594038131243
2011-07-05,1.2524410510086714,1.4582891671227252,1.658236960583942,1.1851972621547897,2.047042466393336
2011-07-06,1.2509622756786702,1.4582891671227252,1.656279056132764,1.1851972621547897,2.0426254815979523
2011-07-07,1.2739781394828915,1.4582891671227252,1.6867521518598552,1.1851972621547897,2.105371408338414
2011-07-08,1.2587898279779914,1.4582891671227252,1.6666427666828012,1.1851972621547897,2.0628563028078855
2011-07-11,1.2488830430775841,1.4582891671227252,1.6535261438531839,1.1851972621547897,2.0352345793637574
2011-07-12,1.2288803238072885,1.4582891671227252,1.6270424635398666,1.1851972621547897,1.9801430791868966
2011-07-13,1.242067255850952,1.4582891671227252,1.6262289423080967,1.1851972621547897,1.9784806244144961
2011-07-15,1.2410999007283308,1.4582891671227252,1.6241492773418014,1.1851972621547897,1.973885638021324
2011-07-18,1.2379754598647736,1.4582891671227252,1.6200605183565937,1.1851972621547897,1.9651959365922784
2011-07-19,1.2483159204144962,1.4582891671227252,1.6192504880974155,1.1851972621547897,1.9635460308870647
2011-07-20,1.2379754598647736,1.4582891671227252,1.6050277552269492,1.1851972621547897,1.934242420041235
2011-07-21,1.2323160686484587,1.4582891671227252,1.6042252413493359,1.1851972621547897,1.9326185017618056
2011-07-22,1.2528524673920602,1.4582891671227252,1.6042252413493359,1.1851972621547897,1.9326185017618056
2011-07-25,1.263159484752001,1.4582891671227252,1.6166208338393526,1.1851972621547897,1.9573544079827325
2011-07-26,1.2397100538802495,1.4582891671227252,1.5866097078124664,1.1851972621547897,1.8959979075270827
2011-07-27,1.233472356076991,1.4582891671227252,1.5858164029585602,1.1851972621547897,1.8944060979235444
2011-07-28,1.2203411264890358,1.4582891671227252,1.5858164029585602,1.1851972621547897,1.8944060979235444
2011-07-29,1.2190624673888013,1.4582891671227252,1.5858164029585602,1.1851972621547897,1.8944060979235444
2011-08-01,1.2268010912062022,1.4582891671227252,1.5858164029585602,1.1851972621547897,1.8944060979235444
2011-08-02,1.2134029675907014,1.4582891671227252,1.5858164029585602,1.1851972621547897,1.8944060979235444
2011-08-03,1.201895035688591,1.4582891671227252,1.5858164029585602,1.1851972621547897,1.8944060979235444
2011-08-04,1.185661624503005,1.4582891671227252,1.5858164029585602,1.1851972621547897,1.8944060979235444
2011-08-05,1.1588543019299327,1.4582891671227252,1.5858164029585602,1.1851972621547897,1.8944060979235444
2011-08-08,1.1382289747044108,1.4582891671227252,1.5858164029585602,1.1851972621547897,1.8944060979235444
2011-08-09,1.1280775550423843,1.4582891671227252,1.5858164029585602,1.1851972621547897,1.8944060979235444
2011-08-10,1.1476799332713616,1.4582891671227252,1.5858164029585602,1.1851972621547897,1.8944060979235444
2011-08-11,1.1426319660864175,1.4582891671227252,1.5858164029585602,1.1851972621547897,1.8944060979235444
2011-08-12,1.1280998143083105,1.4582891671227252,1.5858164029585602,1.1851972621547897,1.8944060979235444
2011-08-16,1.1198384777778891,1.4582891671227252,1.5858164029585602,1.1851972621547897,1.8944060979235444
2011-08-17,1.1244639532373737,1.4582891671227252,1.5858164029585602,1.1851972621547897,1.8944060979235444
2011-08-18,1.0994577853139864,1.4582891671227252,1.5858164029585602,1.1851972621547897,1.8944060979235444
2011-08-19,1.07755379898823,1.4582891671227252,1.5858164029585602,1.1851972621547897,1.8944060979235444
2011-08-22,1.0893730348679538,1.4582891671227252,1.5858164029585602,1.1851972621547897,1.8944060979235444
2011-08-23,1.100514068918528,1.4582891671227252,1.5858164029585602,1.1851972621547897,1.8944060979235444
2011-08-24,1.0871715391769505,1.4582891671227252,1.5858164029585602,1.1851972621547897,1.8944060979235444
2011-08-25,1.0762084706720016,1.4582891671227252,1.5858164029585602,1.1851972621547897,1.8944060979235444
2011-08-26,1.055794335018317,1.4582891671227252,1.5858164029585602,1.1851972621547897,1.8944060979235444
2011-08-29,1.0939985103274383,1.4582891671227252,1.5858164029585602,1.1851972621547897,1.8944060979235444
2011-08-30,1.112099853960488,1.4582891671227252,1.5858164029585602,1.1851972621547897,1.8944060979235444
2011-09-02,1.1207724982925134,1.4582891671227252,1.5858164029585602,1.1851972621547897,1.8944060979235444
2011-09-05,1.1157023804234278,1.4582891671227252,1.5858164029585602,1.1851972621547897,1.8944060979235444
2011-09-06,1.1261761794051381,1.4582891671227252,1.5858164029585602,1.1851972621547897,1.8944060979235444
2011-09-07,1.1395965622865651,1.4582891671227252,1.5858164029585602,1.1851972621547897,1.8944060979235444
2011-09-08,1.1459565231797406,1.4582891671227252,1.5858164029585602,1.1851972621547897,1.8944060979235444
2011-09-09,1.1250977451164552,1.4582891671227252,1.5858164029585602,1.1851972621547897,1.8944060979235444
2011-09-12,1.1000470586612154,1.4582891671227252,1.5858164029585602,1.1851972621547897,1.8944060979235444
2011-09-13,1.0987462488768396,1.4582891671227252,1.5858164029585602,1.1851972621547897,1.8944060979235444
2011-09-14,1.1146682475030274,1.4582891671227252,1.5858164029585602,1.1851972621547897,1.8944060979235444
2011-09-15,1.1287113469214658,1.4582891671227252,1.5858164029585602,1.1851972621547897,1.8944060979235444
2011-09-16,1.1306126139769266,1.4582891671227252,1.5858164029585602,1.1851972621547897,1.8944060979235444
2011-09-19,1.1189824189848987,1.4582891671227252,1.5858164029585602,1.1851972621547897,1.8944060979235444
2011-09-20,1.1430545663936615,1.4582891671227252,1.5858164029585602,1.1851972621547897,1.8944060979235444
2011-09-21,1.1415090132658816,1.4582891671227252,1.5858164029585602,1.1851972621547897,1.8944060979235444
2011-09-22,1.0948990876522804,1.4582891671227252,1.5858164029585602,1.1851972621547897,1.8944060979235444
2011-09-23,1.0824683191594011,1.4582891671227252,1.5858164029585602,1.1851972621547897,1.8944060979235444
2011-09-26,1.075274450157377,1.4582891671227252,1.5858164029585602,1.1851972621547897,1.8944060979235444
2011-09-27,1.1054841829636226,1.4582891671227252,1.5858164029585602,1.1851972621547897,1.8944060979235444
2011-09-28,1.0998469424314492,1.4582891671227252,1.5858164029585602,1.1851972621547897,1.8944060979235444
2011-09-29,1.1153132233059655,1.4582891671227252,1.5858164029585602,1.1851972621547897,1.8944060979235444
2011-09-30,1.0992576690842197,1.4582891671227252,1.5858164029585602,1.1851972621547897,1.8944060979235444
2011-10-03,1.078409966363005,1.4582891671227252,1.5858164029585602,1.1851972621547897,1.8944060979235444
2011-10-04,1.0612092000547975,1.4582891671227252,1.5858164029585602,1.1851972621547897,1.8944060979235444
2011-10-05,1.0565726492532423,1.4582891671227252,1.5858164029585602,1.1851972621547897,1.8944060979235444
2011-10-07,1.0869824982892544,1.4582891671227252,1.5858164029585602,1.1851972621547897,1.8944060979235444
2011-10-10,1.1073410400690158,1.4582891671227252,1.5858164029585602,1.1851972621547897,1.8944060979235444
2011-10-11,1.1061735687166279,1.4582891671227252,1.5858164029585602,1.1851972621547897,1.8944060979235444
2011-10-12,1.1339815810203184,1.4582891671227252,1.5858164029585602,1.1851972621547897,1.8944060979235444
2011-10-13,1.1291894325208491,1.4582891671227252,1.5858164029585602,1.1851972621547897,1.8944060979235444
2011-10-14,1.1412977131122597,1.4582891671227252,1.5858164029585602,1.1851972621547897,1.8944060979235444
2011-10-17,1.1381733808304877,1.4582891671227252,1.5858164029585602,1.1851972621547897,1.8944060979235444
2011-10-18,1.1202165595532814,1.4582891671227252,1.5858164029585602,1.1851972621547897,1.8944060979235444
2011-10-19,1.1428210069741136,1.4582891671227252,1.5858164029585602,1.1851972621547897,1.8944060979235444
2011-10-20,1.1323137648026214,1.4582891671227252,1.5858164029585602,1.1851972621547897,1.8944060979235444
2011-10-21,1.1229851779073727,1.4582891671227252,1.5858164029585602,1.1851972621547897,1.8944060979235444
2011-10-24,1.133748130182555,1.4582891671227252,1.5858164029585602,1.1851972621547897,1.8944060979235444
2011-10-25,1.1544846451559232,1.4582891671227252,1.5858164029585602,1.1851972621547897,1.8944060979235444
2011-10-28,1.1920883631939596,1.4582891671227252,1.5858164029585602,1.1851972621547897,1.8944060979235444
2011-10-31,1.1845053370744727,1.4582891671227252,1.5749359143598305,1.1851972621547897,1.8722493735530104
2011-11-01,1.169239281011508,1.4582891671227252,1.5546379391530865,1.1851972621547897,1.8314044551550117
2011-11-02,1.1693504687593543,1.4582891671227252,1.5547857760364159,1.1851972621547897,1.8313760749581816
2011-11-03,1.170973766445199,1.4582891671227252,1.5569441367842436,1.1851972621547897,1.835324153529598
2011-11-04,1.1750766377734478,1.4582891671227252,1.562399375527883,1.1851972621547897,1.845800494462772
2011-11-08,1.1762218498599095,1.4582891671227252,1.5639220665517852,1.1851972621547897,1.848497725049141
2011-11-09,1.1610335383550094,1.4582891671227252,1.5437274616658068,1.1851972621547897,1.8080944081748256
2011-11-11,1.149425602628908,1.4582891671227252,1.542955597934974,1.1851972621547897,1.8065763990928478
2011-11-14,1.1448669049672024,1.4582891671227252,1.542955597934974,1.1851972621547897,1.8065763990928478
2011-11-15,1.1271101999197626,1.4582891671227252,1.542955597934974,1.1851972621547897,1.8065763990928478
2011-11-16,1.1186488557413594,1.4582891671227252,1.542955597934974,1.1851972621547897,1.8065763990928478
2011-11-17,1.0973674773708293,1.4582891671227252,1.542955597934974,1.1851972621547897,1.8065763990928478
2011-11-18,1.090929663337804,1.4582891671227252,1.542955597934974,1.1851972621547897,1.8065763990928478
2011-11-21,1.0625879715608075,1.4582891671227252,1.542955597934974,1.1851972621547897,1.8065763990928478
2011-11-22,1.0701487384143682,1.4582891671227252,1.542955597934974,1.1851972621547897,1.8065763990928478
2011-11-23,1.0465991951368407,1.4582891671227252,1.542955597934974,1.1851972621547897,1.8065763990928478
2011-11-25,1.0473996600559075,1.4582891671227252,1.542955597934974,1.1851972621547897,1.8065763990928478
2011-11-28,1.078810198822538,1.4582891671227252,1.542955597934974,1.1851972621547897,1.8065763990928478
2011-11-29,1.0685365160705944,1.4582891671227252,1.542955597934974,1.1851972621547897,1.8065763990928478
2011-11-30,1.0745294705304484,1.4582891671227252,1.542955597934974,1.1851972621547897,1.8065763990928478
2011-12-01,1.0978344876281416,1.4582891671227252,1.542955597934974,1.1851972621547897,1.8065763990928478
2011-12-02,1.12302958785744,1.4582891671227252,1.542955597934974,1.1851972621547897,1.8065763990928478
2011-12-05,1.1205834574048172,1.4582891671227252,1.542955597934974,1.1851972621547897,1.8065763990928478
2011-12-07,1.125798206211531,1.4582891671227252,1.542955597934974,1.1851972621547897,1.8065763990928478
2011-12-08,1.0993465975661396,1.4582891671227252,1.542955597934974,1.1851972621547897,1.8065763990928478
2011-12-09,1.0822348683216374,1.4582891671227252,1.542955597934974,1.1851972621547897,1.8065763990928478
2011-12-12,1.0595303084950294,1.4582891671227252,1.542955597934974,1.1851972621547897,1.8065763990928478
2011-12-13,1.067535826339976,1.4582891671227252,1.542955597934974,1.1851972621547897,1.8065763990928478
2011-12-14,1.059230079859487,1.4582891671227252,1.542955597934974,1.1851972621547897,1.8065763990928478
2011-12-15,1.055471955698633,1.4582891671227252,1.542955597934974,1.1851972621547897,1.8065763990928478
2011-12-16,1.034401877481725,1.4582891671227252,1.542955597934974,1.1851972621547897,1.8065763990928478
2011-12-19,1.025840420897546,1.4582891671227252,1.542955597934974,1.1851972621547897,1.8065763990928478
2011-12-20,1.0105187709606582,1.4582891671227252,1.542955597934974,1.1851972621547897,1.8065763990928478
2011-12-21,1.0436415358950535,1.4582891671227252,1.542955597934974,1.1851972621547897,1.8065763990928478
2011-12-22,1.052692262002471,1.4582891671227252,1.542955597934974,1.1851972621547897,1.8065763990928478
2011-12-23,1.0482780866966088,1.4582891671227252,1.542955597934974,1.1851972621547897,1.8065763990928478
2011-12-27,1.0563947922894017,1.4582891671227252,1.542955597934974,1.1851972621547897,1.8065763990928478
2011-12-28,1.0464545641992125,1.4582891671227252,1.542955597934974,1.1851972621547897,1.8065763990928478
2011-12-29,1.0332121468634108,1.4582891671227252,1.542955597934974,1.1851972621547897,1.8065763990928478
2011-12-30,1.0283309613002363,1.4582891671227252,1.542955597934974,1.1851972621547897,1.8065763990928478
2012-01-03,1.0596859061929436,1.4582891671227252,1.542955597934974,1.1851972621547897,1.8065763990928478
2012-01-04,1.0562057514017058,1.4582891671227252,1.542955597934974,1.1851972621547897,1.8065763990928478
2012-01-05,1.0562725291994848,1.4582891671227252,1.542955597934974,1.1851972621547897,1.8065763990928478
2012-01-06,1.0571953657902535,1.4582891671227252,1.542955597934974,1.1851972621547897,1.8065763990928478
2012-01-09,1.0546824575398521,1.4582891671227252,1.542955597934974,1.1851972621547897,1.8065763990928478
2012-01-10,1.0784210417050755,1.4582891671227252,1.542955597934974,1.1851972621547897,1.8065763990928478
2012-01-11,1.0809562092214033,1.4582891671227252,1.542955597934974,1.1851972621547897,1.8065763990928478
2012-01-12,1.0743516135666085,1.4582891671227252,1.542955597934974,1.1851972621547897,1.8065763990928478
2012-01-13,1.0820791620419388,1.4582891671227252,1.542955597934974,1.1851972621547897,1.8065763990928478
2012-01-16,1.083835906741556,1.4582891671227252,1.542955597934974,1.1851972621547897,1.8065763990928478
2012-01-17,1.1046057563229212,1.4582891671227252,1.542955597934974,1.1851972621547897,1.8065763990928478
2012-01-18,1.1020484381224522,1.4582891671227252,1.5386119601952057,1.1851972621547897,1.7977202946779363
2012-01-19,1.1159691658691884,1.4582891671227252,1.5580472204476863,1.1851972621547897,1.835535371067948
2012-01-20,1.1226849492718298,1.4582891671227252,1.5674233824274526,1.1851972621547897,1.8537615567562769
2012-01-23,1.1221623451405944,1.4582891671227252,1.5666937548185824,1.1851972621547897,1.8519878852418594
2012-01-24,1.1401970195576503,1.4582891671227252,1.59187265331018,1.1851972621547897,1.9016409113996982
2012-01-25,1.1470794760002763,1.4582891671227252,1.6014815138936476,1.1851972621547897,1.92058195325407
2012-01-27,1.1573977858658575,1.4582891671227252,1.6158873008073618,1.1851972621547897,1.9492544157363596
2012-01-30,1.1312908158060762,1.4582891671227252,1.5794383617327123,1.1851972621547897,1.8750841955743769
2012-01-31,1.1561857959816169,1.4582891671227252,1.6141951953907385,1.1851972621547897,1.9440411074884685
2012-02-01,1.1642914262323394,1.4582891671227252,1.6255117756945308,1.1851972621547897,1.966585406382496
2012-02-02,1.1718966030359677,1.467085598951483,1.6361296538064922,1.1915446322884893,1.9878105963330999
2012-02-03,1.1843385554527026,1.4826615543439157,1.6535003392812455,1.202946046521841,2.022899434201073
2012-02-06,1.1922995547657966,1.4926278495061727,1.6646149948031939,1.2102454215511287,2.0453773597477882
2012-02-07,1.1864066041299333,1.4852505237328837,1.6563876211093238,1.2048092980967138,2.028044289224378
2012-02-08,1.193744995487801,1.4944373822430175,1.6666330298601812,1.2114909899465771,2.048752411426246
2012-02-09,1.2035740358301437,1.5067422592265387,1.6803557288857656,1.2210831749914506,2.076718683593551
2012-02-10,1.196735989337585,1.498181777433005,1.6708088707315578,1.214383373007321,2.0565432736340963
2012-02-13,1.1986484403169013,1.5005759556251657,1.6734789166644537,1.2162609769214063,2.0617014248458365
2012-02-14,1.2043967600151362,1.5077722193788126,1.6815043655764799,1.2218913487320615,2.0779421863757346
2012-02-15,1.230170166831378,1.5400376887709668,1.7174876042533629,1.247227540827198,2.152243517676173
2012-02-16,1.2279464118744483,1.5372537922527445,1.7143829349349213,1.2450711019095886,2.145333750662959
2012-02-17,1.237363927251617,1.549043485261458,1.727531088222376,1.254175697246026,2.172585033818059
2012-02-21,1.2468927389584175,1.5609725090285302,1.7408346265709347,1.2634980771957351,2.2002976674922556
2012-02-22,1.2242549569295882,1.532632496846006,1.709229153547272,1.2413698600639456,2.132835879591396
2012-02-23,1.2193515121004874,1.5264939234638575,1.7023832667429992,1.2370540336764344,2.1181182729035086
2012-02-24,1.2073432353330675,1.511460882265457,1.6856180524234148,1.2264417846300988,2.082721667175983
2012-02-27,1.1744095112863684,1.4702314835765422,1.6396380210934403,1.1982758018578357,1.9869620592661785
2012-02-28,1.1953794770975004,1.4964835733703996,1.6689149921282715,1.21382662673815,2.0461872100667393
2012-02-29,1.197536562838436,1.499184007366054,1.6719265820052325,1.215491950283646,2.052028755979005
2012-03-01,1.1874295531264771,1.4865311433177548,1.657815799314843,1.2069372601761141,2.0225888839026833
2012-03-02,1.1917881345584163,1.49198760767996,1.663900981498025,1.210560976409727,2.0347006148670768
2012-03-05,1.1742204703986725,1.4699948251860038,1.6393740938823365,1.1958671380878994,1.983982683721058
2012-03-06,1.1613337669905515,1.4538620904899267,1.621382474543895,1.185297192943246,1.947074545810642
2012-03-07,1.160900199923021,1.4533193122283417,1.6207771549839078,1.1849401200316878,1.9455128974054727
2012-03-09,1.1860507816204668,1.4848050731034783,1.655890843699337,1.2054638727226608,2.015945575023087
2012-03-12,1.1918325445084836,1.4920432040508562,1.663962983927285,1.2097714646604454,2.0320937732326594
2012-03-13,1.2073877538649203,1.5115166145688002,1.6856802064478567,1.2215277851130637,2.076271390543029
2012-03-14,1.215037449200401,1.5210931914049957,1.6963602385842595,1.2271580582638133,2.0979961124798328
2012-03-15,1.1964913545759652,1.497875521629511,1.670467326787493,1.2135722636923905,2.04385727728412
2012-03-16,1.182570626829229,1.48044830223895,1.6510320665350124,1.2036514506150713,2.003570457086911
2012-03-19,1.1690390561999555,1.4635082647390778,1.632140123413259,1.1933583777923635,1.964724074179797
2012-03-20,1.1729974051723613,1.468463682100982,1.6376665257571943,1.196322486317832,1.975550340693062
2012-03-21,1.193033459050654,1.4935466169166545,1.6656396266353892,1.211505731183666,2.031865576702329
2012-03-22,1.1626792038885652,1.4555464294429201,1.6232608904386616,1.1895434455192917,1.944704561989633
2012-03-23,1.1737423847992898,1.469396314621076,1.6387066202979084,1.1891200371746082,1.9754350323676528
2012-03-26,1.1528501635462223,1.4432415524593984,1.609538191413077,1.1745117228495436,1.9160474301750003
2012-03-27,1.1659480585261806,1.4596386757652384,1.6278246633796618,1.1741174847175928,1.9522643836345523
2012-03-28,1.1551851062509984,1.4461646438035318,1.612798094197441,1.1741174847175928,1.921662041824231
2012-03-29,1.1516493575858373,1.4417382755260477,1.6078617003001552,1.1741174847175928,1.9114492170397954
2012-03-30,1.1776005127841345,1.4742262663342336,1.6440931002892594,1.1741174847175928,1.9834383882855862
2012-04-02,1.1825706268292293,1.48044830223895,1.6510320665350127,1.1741174847175928,1.997147224909125
2012-04-03,1.1915990936707206,1.4917509492894223,1.6636370542869219,1.1798313582964333,2.0223997574336354
2012-04-04,1.1836825043076944,1.4818402504980615,1.6525844011942337,1.1743452464694808,1.9994844973636907
2012-04-09,1.1640022729388675,1.457202766311794,1.6251080777260256,1.173935015157805,1.9433134168106097
2012-04-10,1.1660481709319566,1.459764005481537,1.6279644341370643,1.173935015157805,1.9487083055285186
2012-04-11,1.1623233813790994,1.4551009788135147,1.6227641130286745,1.173935015157805,1.9379145638597095
2012-04-12,1.1734421561637474,1.4690204614046263,1.6382874596208825,1.173935015157805,1.9687028552161339
2012-04-13,1.158009318479013,1.449700246754653,1.6167410848699342,1.173935015157805,1.924882199491597
2012-04-16,1.162178859023256,1.4549200527263197,1.622562339842012,1.173935015157805,1.9361826190025042
2012-04-17,1.176299702999759,1.4725977956170315,1.642276990014116,1.173935015157805,1.9753452895670989
2012-04-18,1.1785901271726826,1.4754651546578217,1.6454747387740383,1.173935015157805,1.98145765485892
2012-04-19,1.1857950715167775,1.4844849521903727,1.6555338370467527,1.173935015157805,2.0014498549509656
2012-04-20,1.176555413103449,1.4729179165301378,1.6426339966667005,1.173935015157805,1.9749129514996462
2012-04-23,1.1564860246171595,1.4477932504531814,1.6146143560677653,1.173935015157805,1.9180013283117767
2012-04-24,1.1613893608644754,1.453931687902883,1.6214600912768564,1.173935015157805,1.9313200899688248
2012-04-25,1.1567973285947728,1.4481829687792434,1.615048979453311,1.173935015157805,1.9181595171145527
2012-04-26,1.1539064471507643,1.4445639033055544,1.611012909339337,1.173935015157805,1.909774527906416
2012-04-27,1.15426226966023,1.4450093539349593,1.611509686749324,1.173935015157805,1.9104288349941
2012-04-30,1.1670599360046459,1.46103062402435,1.6293769980388828,1.173935015157805,1.9456606236758642
2012-05-02,1.1650585565434093,1.4585251171579499,1.6265827956522854,1.173935015157805,1.9397172381762613
2012-05-03,1.1537730001369917,1.4443968423279716,1.6108265988611943,1.173935015157805,1.9078276335190827
2012-05-04,1.1311908119820857,1.416126427558403,1.5792987425704925,1.173935015157805,1.8447933636159666
2012-05-07,1.1372616195817893,1.4154183643446239,1.5785090931992074,1.173935015157805,1.8432445434505593
2012-05-08,1.1118664031227243,1.4154183643446239,1.5785090931992074,1.173935015157805,1.8432445434505593
2012-05-09,1.1062735725406185,1.4154183643446239,1.5785090931992074,1.173935015157805,1.8432445434505593
2012-05-10,1.1042500423952406,1.4154183643446239,1.5785090931992074,1.173935015157805,1.8432445434505593
2012-05-11,1.0960665590046688,1.4154183643446239,1.5785090931992074,1.173935015157805,1.8432445434505593
2012-05-14,1.0913744143291904,1.4154183643446239,1.5785090931992074,1.173935015157805,1.8432445434505593
2012-05-15,1.0991575566784437,1.4154183643446239,1.5785090931992074,1.173935015157805,1.8432445434505593
2012-05-16,1.080355751950318,1.4154183643446239,1.5785090931992074,1.173935015157805,1.8432445434505593
2012-05-17,1.0830131825565628,1.4154183643446239,1.5785090931992074,1.173935015157805,1.8432445434505593
2012-05-18,1.0877386618400382,1.4154183643446239,1.5785090931992074,1.173935015157805,1.8432445434505593
2012-05-22,1.080856096815627,1.4154183643446239,1.5785090931992074,1.173935015157805,1.8432445434505593
2012-05-23,1.0753300440313,1.4154183643446239,1.5785090931992074,1.173935015157805,1.8432445434505593
2012-05-24,1.0943987427869712,1.4154183643446239,1.5785090931992074,1.173935015157805,1.8432445434505593
2012-05-25,1.0941763672912783,1.4154183643446239,1.5785090931992074,1.173935015157805,1.8432445434505593
2012-05-28,1.108686368385244,1.4154183643446239,1.5785090931992074,1.173935015157805,1.8432445434505593
2012-05-29,1.1096759827737914,1.4154183643446239,1.5785090931992074,1.173935015157805,1.8432445434505593
2012-05-30,1.1009254853019166,1.4154183643446239,1.5785090931992074,1.173935015157805,1.8432445434505593
2012-05-31,1.0950325346660532,1.4154183643446239,1.5785090931992074,1.173935015157805,1.8432445434505593
2012-06-01,1.076653221663387,1.4154183643446239,1.5785090931992074,1.173935015157805,1.8432445434505593
2012-06-04,1.078109737727462,1.4154183643446239,1.5785090931992074,1.173935015157805,1.8432445434505593
2012-06-05,1.0814787047708532,1.4154183643446239,1.5785090931992074,1.173935015157805,1.8432445434505593
2012-06-06,1.1112326112436421,1.4154183643446239,1.5785090931992074,1.173935015157805,1.8432445434505593
2012-06-07,1.122918400109593,1.4154183643446239,1.5785090931992074,1.173935015157805,1.8432445434505593
2012-06-08,1.1270768653117653,1.4154183643446239,1.5785090931992074,1.173935015157805,1.8432445434505593
2012-06-11,1.1239080144981406,1.4154183643446239,1.5785090931992074,1.173935015157805,1.8432445434505593
2012-06-12,1.1376507766992514,1.4154183643446239,1.5785090931992074,1.173935015157805,1.8432445434505593
2012-06-13,1.1388850258494183,1.41624625725503,1.5785090931992074,1.1745302459344722,1.8432445434505593
2012-06-14,1.124052536853984,1.3978015007179134,1.5785090931992074,1.1611910064351803,1.8432445434505593
2012-06-15,1.1427987477081862,1.3971025999675546,1.5785090931992074,1.1606848191424457,1.8432445434505593
2012-06-18,1.126165104063067,1.3760689661955834,1.5785090931992074,1.1456680412254518,1.8432445434505593
2012-06-19,1.1349711954088653,1.3753809317124857,1.5785090931992074,1.1451757690946767,1.8432445434505593
2012-06-20,1.1386848010378665,1.379193463270492,1.5785090931992074,1.1477720134558689,1.8432445434505593
2012-06-21,1.1485694352541325,1.3911658922389547,1.5785090931992074,1.1560149376996898,1.8432445434505593
2012-06-22,1.144355376178037,1.386061755671672,1.5785090931992074,1.1523408211320674,1.8432445434505593
2012-06-25,1.137372807329635,1.3776043552534223,1.5785090931992074,1.1463184098596468,1.8432445434505593
2012-06-26,1.1387403949117896,1.3792607994705037,1.5785090931992074,1.147508736962332,1.8432445434505593
2012-06-27,1.143432539587268,1.3849440010546832,1.5785090931992074,1.1516175476138388,1.8432445434505593
2012-06-28,1.1450447619310418,1.3868967508550185,1.5785090931992074,1.1530462779648665,1.8432445434505593
2012-06-29,1.1738979824972031,1.4218442386610213,1.5785090931992074,1.1791144187861746,1.8432445434505593
2012-07-02,1.1738313132812093,1.4217634878274137,1.5776301903481966,1.179046399023219,1.8411983632931448
2012-07-03,1.1759105458822956,1.4242818880110495,1.5804246805676307,1.1808833611515681,1.8463520623623353
2012-07-04,1.1791571412539847,1.4282142168789123,1.5847881072510646,1.18374915624974,1.8545881986419697
2012-07-05,1.1846609347723855,1.4348805006800573,1.592185209984506,1.1893032426942571,1.868798534233647
2012-07-06,1.1823594352573914,1.432092887212391,1.5890919928613598,1.1868786739025403,1.8623749270658878
2012-07-09,1.1730640743883547,1.4208341956608477,1.576599020684479,1.1772237664871068,1.8374638678275188
2012-07-10,1.1886748776187144,1.4397422532305015,1.5975799522656597,1.1930139895754843,1.878200733713595
2012-07-11,1.1799910493628334,1.4292242598790854,1.5859088803924948,1.1842748048426877,1.8548322076278734
2012-07-12,1.1641913138265627,1.4100873644422047,1.5646740236464587,1.168759452115167,1.8128050913847027
2012-07-13,1.162412309861019,1.4079326060418347,1.5622830409447404,1.1670172208626357,1.8078361050582274
2012-07-16,1.1557410449902303,1.3998522620404468,1.553316855813296,1.1599787707386466,1.7900977331436485
2012-07-17,1.1547626145255383,1.3986671712234464,1.5520018445141515,1.1588049441653832,1.7872395012052953
2012-07-18,1.1599772547504672,1.404983227874922,1.5590103249981622,1.16468754539286,1.8004782488874507
2012-07-19,1.1658480547021892,1.4120940358089558,1.5669006846610352,1.1713106812781269,1.8154638261773657
2012-07-20,1.157486714347777,1.4019666450240131,1.555663036776158,1.1615978098961708,1.7932830577261507
2012-07-23,1.1381067116144925,1.3784932720031844,1.5296162981561128,1.1395546163290422,1.7425527469734827
2012-07-24,1.1403860604453453,1.3812540562036586,1.528851490007035,1.1418574966468398,1.7410897642421765
2012-07-25,1.1362498545090993,1.376244216619595,1.528851490007035,1.1375539874444907,1.7410897642421765
2012-07-26,1.1214396247795912,1.3583058266333106,1.528851490007035,1.1221499346844674,1.7410897642421765
2012-07-27,1.1340816934260929,1.357626673719994,1.528851490007035,1.1215674911229767,1.7410897642421765
2012-07-30,1.1563080590715331,1.357626673719994,1.528851490007035,1.1215674911229767,1.7410897642421765
2012-07-31,1.1628014669784814,1.3645718008276,1.5366725413551625,1.1274497630076066,1.7557403896382582
2012-08-01,1.1653587851789504,1.3675728671327287,1.5400521042210231,1.1299588448426312,1.7619165319434695
2012-08-02,1.1625234976088652,1.364245597968347,1.5363051975653952,1.1271567593825222,1.754409990579969
2012-08-03,1.159843916318479,1.3611010533743437,1.5327640608295041,1.1244806189849696,1.7473125153282933
2012-08-06,1.1747096313401253,1.3785462803488064,1.5524094919113327,1.1392480547097739,1.7846109609505818
2012-08-07,1.186751351297327,1.3926774901500445,1.5683229396789926,1.1507806759048653,1.8150157735997738
2012-08-08,1.1870403960090137,1.393016690154471,1.5687049198228835,1.151048620258247,1.815440116860467
2012-08-09,1.1836936882315485,1.3890892586982602,1.5642821579915507,1.1476950891423565,1.8065276656982723
2012-08-10,1.1831265655684604,1.3884237284115888,1.5635326905642244,1.1470301645767118,1.8047578793914696
2012-08-13,1.189241891700017,1.3956001913151572,1.5716142539391083,1.1534863206669592,1.8201053029383898
2012-08-14,1.1964580199679673,1.4040684685105647,1.581150556118938,1.1611914365180418,1.8383309168573012
2012-08-16,1.1925887080592668,1.3995277501943597,1.5760371592641087,1.1570231720158342,1.8280263040558569
2012-08-17,1.1933335791044104,1.4004018719187648,1.5770215258257514,1.157782797688946,1.8296232362319258
2012-08-21,1.2054975621515291,1.4146765600088775,1.5930965474634418,1.1707372663922337,1.8606182043246602
2012-08-22,1.2036852235779885,1.4125497428511455,1.5907014946528915,1.168765474599602,1.8555953533717822
2012-08-23,1.204241162317221,1.4132021485696518,1.5914361822324266,1.1692698713941192,1.856709371654045
2012-08-24,1.1978701260819746,1.405725604520169,1.5830166912696904,1.1613175956393682,1.8398902125471512
2012-08-27,1.1897644958312523,1.3962134781751516,1.5723048889626046,1.151348301823788,1.8186628175691169
2012-08-29,1.175877102692513,1.3799163323576695,1.553952335828356,1.1328589646589982,1.7826995225489959
2012-08-30,1.181936834950146,1.3870275546893873,1.561960430445286,1.1402133571832904,1.7978132299267124
2012-08-31,1.1693615441014233,1.3722701883059736,1.5453418547936741,1.1212581877767303,1.7653800744120636
2012-09-03,1.1683052604968818,1.3710306174408118,1.543945948392558,1.1196206006944813,1.7623931840415212
2012-09-04,1.1728083642846643,1.3763151037607122,1.5498969177867905,1.1188165697437025,1.773490681847275
2012-09-05,1.1620676712754083,1.3637106762483688,1.5357028111476436,1.1031950394768908,1.7459079897884908
2012-09-06,1.1648917749216379,1.3670248208445852,1.5394349379554801,1.1024039989954124,1.7527266474562744
2012-09-07,1.1879521572577116,1.3940866610174196,1.5699098361520543,1.1024039989954124,1.8106806792348547
2012-09-10,1.1926998958071133,1.399658231338061,1.5761840967800158,1.1072570365624617,1.8225145265091218
2012-09-11,1.1986039217850475,1.4065867290994003,1.5839864214772092,1.11413955721888,1.8373438337357906
2012-09-12,1.2077213171084589,1.4172861828829022,1.5960352977815813,1.124781246699093,1.8604895898160094
2012-09-13,1.2086886722310803,1.4184213943177015,1.5973136828687058,1.1258143003379386,1.8626659296265013
2012-09-14,1.2403326618354744,1.4555562768458787,1.6391320424983644,1.1625727184671333,1.9442228831103818
2012-09-17,1.2475265308374985,1.4639984323279476,1.6486389284762795,1.1692031196978896,1.9628168029381283
2012-09-18,1.2453138512226396,1.461401806599096,1.6457148145122633,1.167105630992181,1.9566273375714356
2012-09-20,1.235129096952616,1.4494497848052588,1.6322553954526515,1.1575100752320007,1.9294148740215145
2012-09-21,1.2655722805966252,1.4851754964660608,1.6724868586092483,1.1859551473820118,2.0089290431027935
2012-09-24,1.260780132097156,1.479551810141734,1.6661539090711246,1.181949969619129,1.995804187399791
2012-09-25,1.2617363032959217,1.480673897008368,1.6674175143104575,1.1827248943820892,1.99799612284134
2012-09-26,1.2594125445150013,1.4779469175588071,1.6643466063242023,1.1808004454289092,1.991467385045054
2012-09-27,1.2563103629173706,1.4743064426803458,1.6602469922329306,1.1781894733328542,1.9828817911850518
2012-09-28,1.2682741211529378,1.4883461627734027,1.676057411547054,1.188680583591819,2.0142411273422502
2012-10-01,1.2717209413361785,1.492391078228141,1.68061247454017,1.1916775187517221,2.0230800826100594
2012-10-03,1.2744895596902697,1.4956401096754988,1.6842712760837208,1.194196347114473,2.0301211980398106
2012-10-04,1.287020440588925,1.5103453600552275,1.7008311628251709,1.2058135721246186,2.0632814528961885
2012-10-05,1.2779808984053633,1.4997372685569148,1.6888851714806674,1.1974920905732145,2.038586628833437
2012-10-08,1.2622033135532338,1.4812219432965117,1.6680346805760002,1.182733074172344,1.9959696141170655
2012-10-09,1.2685632744464095,1.4886854902008213,1.676439535184613,1.188203716698003,2.012507358997878
2012-10-10,1.2568996362645997,1.474997967257364,1.661025732368504,1.177329213897983,1.9810847258199404
2012-10-11,1.269330404757479,1.4895857336385645,1.6774533179481703,1.1883888140288366,2.013636771692072
2012-10-12,1.2622143888953041,1.481234940441685,1.6680493169301238,1.1821166038563353,1.9943289166025149
2012-10-15,1.2647050378797793,1.4841577690297896,1.6713407746839073,1.1842806813901818,2.000587406200179
2012-10-16,1.2559767996738307,1.473914999249242,1.6598061796852095,1.176672610613026,1.9770535068567223
2012-10-17,1.2587008994960693,1.4771117872699222,1.6634061488249303,1.179339249728761,1.9839073592630525
2012-10-18,1.2716987906520367,1.4923650839377942,1.6805832018319231,1.192737152750354,2.0179595631564204
2012-10-19,1.2640379113927003,1.4833748821675816,1.670459149588465,1.1849995113797758,1.997193861910448
2012-10-22,1.2713540434846415,1.491960515938525,1.6801276094364104,1.1924027061529623,2.0162539833883217
2012-10-23,1.2656278744705478,1.4852407370379108,1.672560327367201,1.1847241307669254,2.00065232745876
2012-10-25,1.268718872144323,1.488868087348207,1.6766451616106812,1.188574936887778,2.00850628381895
2012-10-29,1.2598906301143835,1.4785079609921234,1.664978408943868,1.1771490733589722,1.9846870341532215
2012-10-30,1.2448357656232563,1.4608407631657785,1.645083011892596,1.1582680604597868,1.9445177193490741
2012-10-31,1.2496836165784337,1.4665298174849477,1.651489573682341,1.1637803738227346,1.956892564104791
2012-11-01,1.2553207485288223,1.4731451095322072,1.6589391909438904,1.1704825214916745,1.9713718258359856
2012-11-02,1.2670289052424846,1.4868848759023416,1.6744118261638292,1.1844669643346133,2.0018999809696387
2012-11-05,1.2684743459644887,1.4885811307704577,1.6763220138706199,1.186034830990356,2.0053840761222843
2012-11-06,1.2729662658284155,1.4938524925221928,1.682258203417061,1.1913630364232488,2.016957041994402
2012-11-07,1.2809051144573682,1.5031688971516584,1.6927495994502864,1.2010429354074983,2.037725023637453
2012-11-08,1.2761573759079665,1.497597326831017,1.6864753388223248,1.1945823312859296,2.0246857534579727
2012-11-09,1.2644826623840861,1.4838968067423863,1.6710468996520922,1.1790227959196242,1.9932294753532005
2012-11-12,1.2639156483027831,1.4832314038787067,1.6702975757184337,1.1781499160979292,1.9913795230914824
2012-11-15,1.2521964162470502,1.4694786403633988,1.6548103041443711,1.161556833095214,1.9600266451292134
2012-11-16,1.2395320883346224,1.4546167871266305,1.6380740636850994,1.144350784406833,1.9263978166058213
2012-11-19,1.2389428149873931,1.4539252625496122,1.637295323549526,1.143520733777171,1.924522607917618
2012-11-20,1.23897614959539,1.4539643814081242,1.6373393761055646,1.143520733777171,1.9242724328182788
2012-11-21,1.2485938897841105,1.465251000338282,1.6500494712315181,1.143520733777171,1.9490172255528169
2012-11-22,1.2514736958860482,1.4686305129293407,1.6538552102909758,1.143520733777171,1.9562239715426282
2012-11-23,1.2512179857823584,1.4683304317834263,1.6535172827031235,1.143520733777171,1.9552101341272423
2012-11-26,1.2532860344595889,1.4707573300870724,1.656250263101526,1.143520733777171,1.960293945791829
2012-11-27,1.2736445762393502,1.4946485039525652,1.6831546083602942,1.143520733777171,2.013419418883653
2012-11-29,1.2953372624114845,1.520105324119481,1.7118220603162784,1.168252610504025,2.070648175629237
2012-11-30,1.3075345800666003,1.5344191310681057,1.7279411345100073,1.1812803098778717,2.1030248826878766
2012-12-03,1.30555545987129,1.532096592194822,1.7253256754255968,1.1788784836122848,2.0973115058561094
2012-12-04,1.309624888009757,1.5368721510850905,1.7307035311103247,1.1834394795725955,2.107921132002368
2012-12-05,1.3121266123363027,1.5398079768183683,1.7340096252182315,1.1862207117552426,2.114313183738354
2012-12-06,1.3188868056890117,1.5477412048708055,1.7429433974866422,1.1940588778646146,2.1322337536204636
2012-12-07,1.3136609815402271,1.5416085911168471,1.7360373342390143,1.187840672832859,2.1176740712970776
2012-12-10,1.3139945447837666,1.542000034547951,1.7364781467867354,1.1881298349162877,2.118206010483385
2012-12-11,1.3117485305609107,1.5393642899605875,1.733509980266681,1.1854158060979954,2.1117554259501747
2012-12-12,1.3093469186401407,1.5365459482258372,1.7303361873205572,1.1824983952149524,2.104893497687144
2012-12-13,1.3012302130473479,1.5270208247356465,1.7196097486593478,1.172286097117947,2.0826149786560335
2012-12-14,1.307478986192677,1.5343538904962548,1.7278676657520535,1.1796519319557375,2.099043341320011
2012-12-17,1.3026533945034258,1.5286909578904242,1.7214905201642237,1.1733002269688149,2.0856673496719664
2012-12-18,1.3113037795695248,1.5388423653857826,1.7329222302030527,1.184991908936735,2.1085579924911784
2012-12-19,1.318597760977325,1.5474020048663792,1.742561417342751,1.1948709537938746,2.1278824620060233
2012-12-20,1.3156623610014637,1.5439572517034696,1.7386822095253396,1.1906484448709718,2.1195557131079417
2012-12-21,1.3003852295964284,1.526029219012714,1.7184930809359218,1.169423436481141,2.077858228618409
2012-12-24,1.3021753089040426,1.5281299144571072,1.7208587175445569,1.1713988535593927,2.082297101738021
2012-12-26,1.3132607490806936,1.5411389099687194,1.7355084165792158,1.1848319193719359,2.111697586669067
2012-12-27,1.3053664189835936,1.5318747487659312,1.7250758529498205,1.1752435634404632,2.090012973810196
2012-12-28,1.313872281693849,1.5418565562590762,1.736316572916704,1.1861086765415167,2.112514336492381
2012-12-31,1.313149561332847,1.541008428825018,1.7353614790633087,1.1846304452818375,2.110193092201379
2013-01-02,1.3327519395618241,1.5640122289749487,1.761266534418975,1.2166674971348543,2.1627166698069056
2013-01-03,1.3363655413668347,1.568252866145239,1.7660420036859517,1.2214381388078812,2.1721841418587085
2013-01-04,1.337844316696836,1.5699882398718674,1.767996243948781,1.2233607048334587,2.175839690106791
2013-01-07,1.3316733966913563,1.5627465363964486,1.7598412118159439,1.2144240679327558,2.1586064271354326
2013-01-08,1.3346310559331438,1.566217411272697,1.7637498358352703,1.2184086706124053,2.166278509829855
2013-01-09,1.3279152725305023,1.5583362992239451,1.7548747524770218,1.2086337707638795,2.1475955877110318
2013-01-10,1.3272814806514204,1.5575925312202497,1.7540371799376184,1.2075662943710834,2.1454982668200344
2013-01-11,1.3234232440847906,1.5530648100492181,1.7489384194369129,1.2020184936908742,2.134650253341927
2013-01-14,1.3396010613964535,1.572049816457749,1.770317828001378,1.2242708698921927,2.1780921655963255
2013-01-15,1.3468394489303301,1.5805442153664948,1.7798835463831228,1.2337025080383885,2.1974723972639065
2013-01-16,1.3346643905411406,1.5662565301312086,1.763793888391309,1.2173844039217059,2.163732388500371
2013-01-17,1.3429701370216296,1.5760034970502899,1.7747701495282937,1.2276852564444245,2.185962991970601
2013-01-18,1.3485739343640213,1.5825796702390376,1.7821757142338046,1.2346534772984032,2.2008959601255795
2013-01-21,1.3525544340205684,1.5872508696989438,1.787436048604541,1.2395981134282472,2.2114184381309894
2013-01-22,1.3450381856988605,1.5784303953539367,1.7775031299266968,1.2298209167455163,2.190396247057047
2013-01-23,1.3463279201411655,1.5799439256516743,1.7792075477137506,1.2313725776998439,2.1935392776519578
2013-01-24,1.3385559617157676,1.5708233701607526,1.7689367014480537,1.2204694656370279,2.171892827716756
2013-01-25,1.3508532831948743,1.5852545336849135,1.7851879333098983,1.2372623608182847,2.2050162961778907
2013-01-28,1.3508866178028711,1.5852936525434254,1.7852319858659367,1.2371427004747648,2.2047214059634612
2013-01-29,1.3453494896764735,1.5787957170717017,1.7779145262725027,1.229214086660609,2.189161111935984
2013-01-30,1.3466504080426343,1.5803223719376047,1.7796337239073479,1.2308231891307664,2.1923321122782022
2013-01-31,1.341980522633082,1.5748421639021524,1.7734623482392549,1.2229758808113442,2.179182486330038
2013-02-01,1.3340083393961326,1.565486640414175,1.7629268996499912,1.210145798949584,2.157063339696999
2013-02-04,1.3314176865876666,1.5624464552505344,1.7595032842280922,1.2059492827181546,2.1496515735999315
2013-02-05,1.3246685685770283,1.5545262243432705,1.7505841483138052,1.1952820965884696,2.1309778414614207
2013-02-06,1.3251800973661931,1.5551265140580914,1.7512601469831781,1.1958324129116622,2.131986291077773
2013-02-07,1.3206435503886287,1.5498027814566873,1.7452649815392391,1.1885789327180767,2.119357690916559
2013-02-08,1.3127937388233812,1.5405908636805763,1.7348912503136737,1.187560727315795,2.097833967615011
2013-02-11,1.311537338989073,1.5391164522413505,1.7332308850826583,1.187560727315795,2.094095277619381
2013-02-12,1.3170188732415473,1.5455491471412233,1.7404748759181385,1.187560727315795,2.108424520767741
2013-02-13,1.3193427406042526,1.5482762540137758,1.7435459273980614,1.187560727315795,2.1143020291413075
2013-02-14,1.311337222759306,1.5388816116672863,1.732966426252759,1.187560727315795,2.0923898591204853
2013-02-15,1.3092134716263673,1.5363893453687973,1.730159833602735,1.187560727315795,2.086333295160644
2013-02-18,1.3116151921289223,1.5392078145265393,1.7333337700425264,1.187560727315795,2.092394395003316
2013-02-19,1.32084377520018,1.5500377494537423,1.7455295838628053,1.187560727315795,2.1167482619686844
2013-02-20,1.3215886462453232,1.5509118711781469,1.7465139504244476,1.187560727315795,2.1183818577588065
2013-02-21,1.3013969946691166,1.527216546451198,1.7198301549332078,1.187560727315795,2.063665344661767
2013-02-22,1.3009633190198013,1.5267076190215663,1.7192570412237034,1.187560727315795,2.062149126705461
2013-02-25,1.301952933408349,1.5278689521697042,1.7205648425127427,1.187560727315795,2.064421827541159
2013-02-26,1.2811830838269838,1.5034951000109102,1.693116943240053,1.187560727315795,2.0087608824076018
2013-02-27,1.2890884892661545,1.512772258358872,1.692270384768433,1.187560727315795,2.0070744011877997
2013-02-28,1.2659947723220837,1.4856712993275256,1.692270384768433,1.187560727315795,2.0070744011877997
2013-03-01,1.271921166147729,1.4926260462251955,1.692270384768433,1.187560727315795,2.0070744011877997
2013-03-04,1.2672067622063243,1.487093594763066,1.692270384768433,1.187560727315795,2.0070744011877997
2013-03-05,1.2862754609619955,1.509471110907829,1.692270384768433,1.187560727315795,2.0070744011877997
2013-03-06,1.2939140809554057,1.5184351909647027,1.692270384768433,1.187560727315795,2.0070744011877997
2013-03-07,1.30385420046381,1.5301001287577987,1.692270384768433,1.187560727315795,2.0070744011877997
2013-03-08,1.3221780281743378,1.551603523178157,1.7152067177071444,1.187560727315795,2.052400175967081
2013-03-11,1.3214330485474095,1.5507292740307603,1.7142402865356727,1.1862051506798272,2.0500988753782172
2013-03-12,1.3151509407940836,1.5433570894116402,1.7060907687020241,1.1855770239428862,2.0333746709430014
2013-03-13,1.3011635438313534,1.5269425870186222,1.687945498759187,1.1855770239428862,1.9967054950874232
2013-03-14,1.3140057287076217,1.5420131591161157,1.6871015260098077,1.1855770239428862,1.9950291351242082
2013-03-15,1.3059223577228256,1.532527154484437,1.6758794302939082,1.1855770239428862,1.9723970943924598
2013-03-18,1.2976166112423366,1.5227801875653557,1.665220734087681,1.1855770239428862,1.950987679823892
2013-03-19,1.2777585229096693,1.4994763062695105,1.6643881237206373,1.1855770239428862,1.9493497028446984
2013-03-20,1.2662950009576264,1.4860236239001172,1.6643881237206373,1.1855770239428862,1.9493497028446984
2013-03-21,1.2583673362525294,1.476720343838817,1.6643881237206373,1.1855770239428862,1.9493497028446984
2013-03-22,1.2567217793007586,1.474789248396637,1.6643881237206373,1.1855770239428862,1.9493497028446984
2013-03-25,1.2528302081261318,1.4702224083670934,1.6643881237206373,1.1855770239428862,1.9493497028446984
2013-03-26,1.2545536182177521,1.4722448660944625,1.6643881237206373,1.1855770239428862,1.9493497028446984
2013-03-28,1.2636598296173076,1.482931195309799,1.6643881237206373,1.1855770239428862,1.9493497028446984
2013-04-01,1.2685187559145557,1.4886332467741414,1.6643881237206373,1.1855770239428862,1.9493497028446984
2013-04-02,1.278236608509052,1.5000373497028268,1.6643881237206373,1.1855770239428862,1.9493497028446984
2013-04-03,1.2615139278002274,1.480412934720963,1.6643881237206373,1.1855770239428862,1.9493497028446984
2013-04-04,1.2396877946143205,1.4547995116970074,1.6643881237206373,1.1855770239428862,1.9493497028446984
2013-04-05,1.234906721456922,1.454072111941159,1.6643881237206373,1.1855770239428862,1.9493497028446984
2013-04-08,1.2326162972839985,1.454072111941159,1.6643881237206373,1.1855770239428862,1.9493497028446984
2013-04-09,1.2219756080987334,1.454072111941159,1.6643881237206373,1.1855770239428862,1.9493497028446984
2013-04-10,1.2361187113411625,1.454072111941159,1.6643881237206373,1.1855770239428862,1.9493497028446984
2013-04-11,1.24396852290641,1.454072111941159,1.6643881237206373,1.1855770239428862,1.9493497028446984
2013-04-12,1.2294140032805918,1.454072111941159,1.6643881237206373,1.1855770239428862,1.9493497028446984
2013-04-15,1.2382756885003132,1.454072111941159,1.6643881237206373,1.1855770239428862,1.9493497028446984
2013-04-16,1.2650831196551704,1.454072111941159,1.6643881237206373,1.1855770239428862,1.9493497028446984
2013-04-17,1.265027525781247,1.4532811769204403,1.6643881237206373,1.1855770239428862,1.9493497028446984
2013-04-18,1.2860197508583053,1.4773973364066342,1.6643881237206373,1.1855770239428862,1.9493497028446984
2013-04-22,1.29742757035464,1.4905027977549876,1.6643881237206373,1.194888898739625,1.9493497028446984
2013-04-23,1.2979835090938725,1.4911414678936066,1.6643881237206373,1.195368666098657,1.9493497028446984
2013-04-25,1.3156401017355366,1.511425606548088,1.6643881237206373,1.2109828424645757,1.9493497028446984
2013-04-26,1.3056666476191354,1.4999679640534758,1.6509387263963398,1.202428587335056,1.9225585031361438
2013-04-29,1.3129271858371534,1.508308971115785,1.6601192501850603,1.2085312986813297,1.9401731675969278
2013-04-30,1.3187312079910964,1.5149767123110176,1.667458095027486,1.2134010357560296,1.954234952320689
2013-05-02,1.3341084518019075,1.5326423033971617,1.686901715923217,1.2263636787753902,1.992155911562086
2013-05-03,1.3217999463989452,1.518502121580089,1.67133833435805,1.2161933554594941,1.960945177029951
2013-05-06,1.3278151601247257,1.5254124825838398,1.67894421852883,1.22103720538828,1.9755858923664888
2013-05-07,1.3439373835624653,1.5439339166037855,1.6993298223715216,1.2347429112794752,2.0155176958943133
2013-05-08,1.349663552576559,1.5505122190315594,1.7065702264949605,1.240049482345221,2.029584294430592
2013-05-09,1.345405083550396,1.5456200307177916,1.7011856427321204,1.2359435631009406,2.018476049582234
2013-05-10,1.3553230523746589,1.5570139309388036,1.7137263313137157,1.2453720764254395,2.043107308362377
2013-05-13,1.3299055766496677,1.527813982097256,1.6815874273460414,1.2196310970326492,1.9784119365731279
2013-05-14,1.3332300251612064,1.5316331546820396,1.685790997071605,1.2224242040511395,1.986369594379279
2013-05-15,1.3668865781506927,1.570298269822075,1.7283477299319223,1.2516840396642466,2.0702208209089434
2013-05-16,1.3720345491596277,1.576212330357633,1.7348570366653937,1.2559375960167964,2.082950103687129
2013-05-17,1.3759038610683283,1.5806574495743677,1.7397495541285828,1.2591534476458242,2.092448725314159
2013-05-20,1.3691436677156195,1.5728912456368154,1.7312016870108422,1.25306100814629,2.07481947262843
2013-05-21,1.359626039932675,1.561957262759766,1.7191672061432015,1.2446841695666562,2.0502377450099956
2013-05-22,1.355267458500736,1.5569500639249423,1.7136560361280515,1.240770224918809,2.0388425643049937
2013-05-23,1.3269256581419544,1.5243906103620506,1.677819495558199,1.2153359513821618,1.966892612517339
2013-05-24,1.330594853820888,1.5286058332769346,1.682458977812053,1.2181669416170502,1.9756805379679032
2013-05-27,1.3527434749082636,1.5540504765475602,1.710464607239828,1.2362990559421418,2.030555019328211
2013-05-28,1.358992248053593,1.561229153853688,1.7183658135675697,1.2412081809970006,2.045949207331077
2013-05-29,1.357446694925813,1.559453600972223,1.7164115524879842,1.23998746835765,2.0416838007008797
2013-05-30,1.3618386109657488,1.5644990950673114,1.721964872155476,1.2434547478233662,2.0524179806827187
2013-05-31,1.3311286418759791,1.5292190564022174,1.6831339214306593,1.2186351498722914,1.9743438212265905
2013-06-03,1.3207547381364746,1.5173013718233812,1.6700167299494446,1.2109318190286393,1.9481617968064613
2013-06-04,1.3163406714123973,1.512230430714957,1.6644354020439145,1.207692035218676,1.9368878958026694
2013-06-05,1.3173191018770893,1.513354465210874,1.665672569852552,1.2084169279256245,1.9389660134953381
2013-06-06,1.3167742384799275,1.5127285185789228,1.6649836221149266,1.2080005314311824,1.9372797265338964
2013-06-07,1.307790290170289,1.502407634086895,1.6536239475706078,1.2011701083879553,1.9147465782053072
2013-06-10,1.30712316368321,1.5016412299205524,1.6527971355968225,1.200652703447683,1.9131390279124354
2013-06-11,1.2872872260346842,1.4788534294785287,1.6527971355968225,1.2001504472931133,1.9131390279124354
2013-06-12,1.2809273737232936,1.4715471428849387,1.6527971355968225,1.2001504472931133,1.9131390279124354
2013-06-13,1.2673402092200967,1.4708113693134963,1.6527971355968225,1.2001504472931133,1.9131390279124354
2013-06-14,1.291645807466623,1.4708113693134963,1.6527971355968225,1.2001504472931133,1.9131390279124354
2013-06-17,1.3009077251458778,1.4806226117467258,1.6527971355968225,1.2001504472931133,1.9131390279124354
2013-06-18,1.2928022034769404,1.4713973466252617,1.6527971355968225,1.2001504472931133,1.9131390279124354
2013-06-19,1.2947257297983277,1.4735865999525233,1.6527971355968225,1.2001504472931133,1.9131390279124354
2013-06-20,1.257733544373447,1.4314841009517858,1.6527971355968225,1.2001504472931133,1.9131390279124354
2013-06-21,1.2603464564478393,1.43076835890131,1.6527971355968225,1.2001504472931133,1.9131390279124354
2013-06-24,1.2431346147975613,1.43076835890131,1.6527971355968225,1.2001504472931133,1.9131390279124354
2013-06-25,1.2473264146077305,1.43076835890131,1.6527971355968225,1.2001504472931133,1.9131390279124354
2013-06-26,1.2427899762119512,1.43076835890131,1.6527971355968225,1.2001504472931133,1.9131390279124354
2013-06-27,1.2636154196672398,1.43076835890131,1.6527971355968225,1.2001504472931133,1.9131390279124354
2013-06-28,1.2991621643701161,1.43076835890131,1.6527971355968225,1.2001504472931133,1.9131390279124354
2013-07-01,1.311759714484765,1.443926667012192,1.6527971355968225,1.2001504472931133,1.9131390279124354
2013-07-02,1.302575541363575,1.4338171383098626,1.640398819657335,1.2001504472931133,1.8887063478899762
2013-07-03,1.283306726378137,1.4126068850203521,1.616132632895361,1.2001504472931133,1.8414617894113363
2013-07-04,1.2979946930177277,1.411900581577842,1.6153245665789133,1.2001504472931133,1.839915766312209
2013-07-05,1.3048771494603537,1.4186810596263215,1.6153245665789133,1.2001504472931133,1.839915766312209
2013-07-08,1.2923462685616984,1.40505730707712,1.599004762202521,1.2001504472931133,1.8083804052721422
2013-07-09,1.3028980292650432,1.4043547784235815,1.5982052598214198,1.2001504472931133,1.8068621560775968
2013-07-10,1.293491589229945,1.3935136809389141,1.5858677085926047,1.2001504472931133,1.783124685278927
2013-07-11,1.3198208262036342,1.3928169240984447,1.5850747747383085,1.2001504472931133,1.781627639851258
2013-07-12,1.3362543536189868,1.409462941708408,1.6040185297694884,1.209968756266015,1.8170688814505054
2013-07-15,1.3411020959923794,1.414576274516448,1.6098376828172678,1.213042930762425,1.8278194980012843
2013-07-16,1.3243016707254904,1.3968554141469456,1.5896707188233892,1.202319464440395,1.7890512058227797
2013-07-17,1.3283155049900344,1.401089152008837,1.5944888618051616,1.2048324147962164,1.7978427857718502
2013-07-18,1.3427143183361536,1.4162768247456685,1.6117729689448812,1.2138643754513427,1.8302514068750186
2013-07-19,1.340746382064699,1.4142010722972316,1.6094106894609868,1.2123795427770234,1.8254265602848354
2013-07-22,1.3413244714880725,1.4148108331687543,1.6101046188348695,1.2127932933334389,1.8264283856129204
2013-07-23,1.3515537442899486,1.4256005311748428,1.6223836756445542,1.22054470147838,1.8494966489773574
2013-07-24,1.3321404069486673,1.4051236066407418,1.5990802134438542,1.205837432551243,1.8045656006610005
2013-07-25,1.3136832408061516,1.3856552384993208,1.576924523982901,1.1925329504185385,1.7622667352922274
2013-07-26,1.3089466861806056,1.380659185017434,1.5712388389439227,1.1891593363986879,1.7512889609171491
2013-07-29,1.2968160377414837,1.3678639418157714,1.5566774009798305,1.1886937939962998,1.7237298871166542
2013-07-30,1.279782053055046,1.3671800098448637,1.5558990622793407,1.1886937939962998,1.7222827073611675
2013-07-31,1.276880096268967,1.3671800098448637,1.5558990622793407,1.1886937939962998,1.7222827073611675
2013-08-01,1.2737335047212688,1.3671800098448637,1.5558990622793407,1.1886937939962998,1.7222827073611675
2013-08-02,1.2626258052786916,1.3671800098448637,1.5558990622793407,1.1886937939962998,1.7222827073611675
2013-08-05,1.2642936214963887,1.3671800098448637,1.5558990622793407,1.1886937939962998,1.7222827073611675
2013-08-06,1.2324605910042987,1.3671800098448637,1.5558990622793407,1.1886937939962998,1.7222827073611675
2013-08-07,1.2273126199953637,1.3671800098448637,1.5558990622793407,1.1886937939962998,1.7222827073611675
2013-08-08,1.2376641558871568,1.3671800098448637,1.5558990622793407,1.1886937939962998,1.7222827073611675
2013-08-12,1.2480602103108027,1.3671800098448637,1.5558990622793407,1.1886937939962998,1.7222827073611675
2013-08-13,1.2673846191701639,1.3671800098448637,1.5558990622793407,1.1886937939962998,1.7222827073611675
2013-08-14,1.276946765484961,1.3671800098448637,1.5558990622793407,1.1886937939962998,1.7222827073611675
2013-08-16,1.224810895668818,1.3671800098448637,1.5558990622793407,1.1886937939962998,1.7222827073611675
2013-08-19,1.2041077153034465,1.3671800098448637,1.5558990622793407,1.1886937939962998,1.7222827073611675
2013-08-20,1.2011501646434442,1.3671800098448637,1.5558990622793407,1.1886937939962998,1.7222827073611675
2013-08-21,1.1791571412539825,1.3671800098448637,1.5558990622793407,1.1886937939962998,1.7222827073611675
2013-08-22,1.2027067931132949,1.3671800098448637,1.5558990622793407,1.1886937939962998,1.7222827073611675
2013-08-23,1.2167831185579452,1.3671800098448637,1.5558990622793407,1.1886937939962998,1.7222827073611675
2013-08-26,1.2178394021624868,1.3671800098448637,1.5558990622793407,1.1886937939962998,1.7222827073611675
2013-08-27,1.175799358134447,1.3671800098448637,1.5558990622793407,1.1886937939962998,1.7222827073611675
2013-08-28,1.1752544947372852,1.3671800098448637,1.5558990622793407,1.1886937939962998,1.7222827073611675
2013-08-29,1.2028401315452828,1.3671800098448637,1.5558990622793407,1.1886937939962998,1.7222827073611675
2013-08-30,1.216794193900016,1.3671800098448637,1.5558990622793407,1.1886937939962998,1.7222827073611675
2013-09-02,1.234350782717689,1.3671800098448637,1.5558990622793407,1.1886937939962998,1.7222827073611675
2013-09-03,1.187807634901867,1.3671800098448637,1.5558990622793407,1.1886937939962998,1.7222827073611675
2013-09-04,1.211523959801164,1.3671800098448637,1.5558990622793407,1.1886937939962998,1.7222827073611675
2013-09-05,1.243735072068646,1.3671800098448637,1.5558990622793407,1.1886937939962998,1.7222827073611675
2013-09-06,1.263181744017924,1.3671800098448637,1.5558990622793407,1.1886937939962998,1.7222827073611675
2013-09-10,1.3112927042274527,1.3671800098448637,1.5558990622793407,1.1886937939962998,1.7222827073611675
2013-09-11,1.31493964064046,1.3702987887122493,1.5594483426083976,1.1898512906993424,1.7285780143056784
2013-09-12,1.301052356083506,1.3558268474772674,1.5429787631567313,1.1844783670728134,1.6976214561514977
2013-09-13,1.3010300968175796,1.355803651093043,1.5429523648535062,1.1844695080167724,1.6972753128956237
2013-09-16,1.2987951579367945,1.3534746209638011,1.5403018464374867,1.1835967309588475,1.692082309375221
2013-09-17,1.3009411683356593,1.355710978709238,1.5428469004128162,1.184503502632941,1.6964804759751198
2013-09-18,1.3118931614985374,1.3671240523601071,1.555835380688451,1.1894102039020702,1.720164320287463
2013-09-19,1.3599484192523577,1.417202443379821,1.6128263555907774,1.2109293310720974,1.8256654263013885
2013-09-20,1.336943739371992,1.3932292631664507,1.585544031138075,1.2010504723416815,1.7734897178021234
2013-09-23,1.3097360757576015,1.3648761529991045,1.5532771919476143,1.1895450082361456,1.7125766208986828
2013-09-24,1.3103365330286867,1.3655018896076994,1.5539893022736402,1.1897824137761297,1.7135949791494842
2013-09-25,1.3062003270924407,1.361191548806397,1.5490839824455571,1.1880789131271323,1.7042121946813957
2013-09-26,1.3080682595399045,1.3631381214786675,1.551299250788888,1.1889013877866839,1.708005879244041
2013-09-27,1.2971607849088789,1.3517714405962478,1.5383635671197038,1.1839321885513132,1.6837919034451718
2013-09-30,1.2753901370151104,1.3510955548759498,1.5125447388433637,1.1836354956633104,1.6360455303393093
2013-10-01,1.2853414404473704,1.3510955548759498,1.511788466473942,1.1836354956633104,1.6346719671213958
2013-10-03,1.3141725103293904,1.3510955548759498,1.511788466473942,1.1836354956633104,1.6346719671213958
2013-10-04,1.3136387222742993,1.3498712217124147,1.510418516917766,1.1830356938344813,1.6318983236634144
2013-10-07,1.3133830121706094,1.3496084586678887,1.51012450208018,1.1828978742576561,1.6310790675862936
2013-10-08,1.3183308669497775,1.3546927841086371,1.5158135331286382,1.1855573385436442,1.641111071345764
2013-10-09,1.3359097150333767,1.3727564881823286,1.5360256486831982,1.1952257561828141,1.6775676631761292
2013-10-10,1.3389117842252318,1.3758413597980639,1.5394774203305777,1.1970804664925028,1.6836038478257094
2013-10-11,1.355645540276127,1.3930366626931794,1.5587178511798587,1.2077502139706715,1.718640637378784
2013-10-14,1.3593147359550606,1.3968070613346333,1.5629366831933222,1.210089359603529,1.7261503366006796
2013-10-15,1.354055468616494,1.3914027340205513,1.5568895907630391,1.206733859380288,1.7146337953497084
2013-10-17,1.3444489123516292,1.3815312117961978,1.5458439963996642,1.2006170713835846,1.6939073188147102
2013-10-18,1.3763597959835687,1.4143222545264185,1.5825350505773632,1.2207217161176163,1.7611204898389146
2013-10-21,1.379828875432736,1.4178870173754896,1.5865237894504145,1.222743533285314,1.768265394899359
2013-10-22,1.3793506812515681,1.4173956337457263,1.585973962977069,1.222315825822274,1.7669266587198944
2013-10-23,1.3739136655309463,1.4118086554321159,1.5797224959017209,1.2181305102114777,1.7549224815918776
2013-10-24,1.3708004085912449,1.4086095293120944,1.5761428808599942,1.2154022143770742,1.747937833494853
2013-10-25,1.3664751617673028,1.4041649844646844,1.571169722881055,1.2117147595414606,1.7383709000525225
2013-10-28,1.356735158488665,1.3941563345198542,1.5599706914750502,1.203416384210741,1.717260652043047
2013-10-29,1.3833756994399677,1.4215316691162299,1.5906019188218574,1.2256025303947728,1.7735795211433731
2013-10-30,1.3902249298563818,1.4285698135262757,1.598477146821895,1.2310399460473813,1.788013527943607
2013-10-31,1.4007765819779419,1.4394124990370645,1.610609410037223,1.24038560992217,1.8104874399993875
2013-11-01,1.4025667698673412,1.4412520635020754,1.6126677635944546,1.2419806829144344,1.8140554509736206
2013-11-05,1.3905473091760658,1.428901084642708,1.5988478177572636,1.2298423605218478,1.7876343898857439
2013-11-06,1.3820970403397335,1.420217742316935,1.5891317197868624,1.2217124971296616,1.7690803283073258
2013-11-07,1.375892785726257,1.4138423632930823,1.5819980833516913,1.215890922237037,1.7554357777999858
2013-11-08,1.3655523251765345,1.4032166943944395,1.5701086476773847,1.2063638759857263,1.732975737394604
2013-11-11,1.3517761197856417,1.3890605166826786,1.554268801178918,1.1934596401836421,1.703316160958125
2013-11-12,1.3382668084222944,1.3751785944118708,1.5387358287657111,1.1812733689045172,1.6744348439207386
2013-11-13,1.3319402907189006,1.3686775800639686,1.531461614535584,1.1754542600056224,1.6608500449441355
2013-11-14,1.346739336524553,1.3838848099538337,1.5484775203843946,1.1889849595877617,1.6915449065603785
2013-11-18,1.3762819428437194,1.414242254058085,1.5824455352319071,1.2149831641761275,1.7535549098253576
2013-11-19,1.3794730529232704,1.41752138064644,1.58611466561909,1.2174504557456705,1.7600748488792948
2013-11-20,1.361582900862058,1.3991377862760792,1.5655446135297704,1.2009822190093649,1.7214386177999146
2013-11-21,1.334041674004128,1.3708369232489845,1.5338777797805108,1.1769142667402532,1.6626696419467282
2013-11-22,1.3332412090850614,1.3700143800794533,1.5329574072188614,1.1763319423400893,1.660703207301233
2013-11-25,1.35990400930229,1.397412587892019,1.563614228213951,1.1763319423400893,1.7161786620477637
2013-11-26,1.3473953876695612,1.3845589561597895,1.5492318463498702,1.1669837300610342,1.689371867718825
2013-11-27,1.3469506366781754,1.3841019381426436,1.5487204727724808,1.1666659203052723,1.6881396050157673
2013-11-28,1.354678185153506,1.3920426261905543,1.557605588679624,1.172120120356759,1.7041061804770736
2013-11-29,1.3734133206656376,1.4112945101628267,1.579147200627158,1.186379921799831,1.7433808193467295
2013-12-02,1.3826974976108186,1.4208347612707481,1.5898221240551647,1.1931579281441678,1.7628641478667169
2013-12-03,1.3791394896797313,1.4171786171335807,1.5857311354360484,1.1905467633281788,1.7549383816023036
2013-12-04,1.3700443536222464,1.4078326209982792,1.5752735707478454,1.1838724853599047,1.7351976851798157
2013-12-05,1.3878677278856801,1.4261475957200695,1.5957668418923179,1.19703791008713,1.7727979445299564
2013-12-06,1.3920483437719937,1.4304435204505754,1.6005737035809535,1.2000169655243835,1.7814541434515183
2013-12-09,1.4151753953240613,1.4542084573421639,1.6271651296052092,1.216629054961261,1.8308383613699424
2013-12-10,1.408270679615509,1.447113297256639,1.6192261047550627,1.211820439203784,1.8155184266477051
2013-12-11,1.4027223675652556,1.4414119528620777,1.6128466694383023,1.2078808053748689,1.803189966798532
2013-12-12,1.3869670419790525,1.4252220672893503,1.5947312354898653,1.1964435546781163,1.7688661533561094
2013-12-13,1.371700985916088,1.409534946166149,1.5771783624153826,1.1856356896885882,1.7358644901661793
2013-12-16,1.3686545067741656,1.4064044396946982,1.5736755283185033,1.1834985995396112,1.7290869359785974
2013-12-17,1.365174243401143,1.4028281844491999,1.5696739301977785,1.1807655856369779,1.721401295909739
2013-12-18,1.38254179133112,1.4206747603340815,1.5896430933642527,1.180239027811578,1.7578716334984612
2013-12-19,1.3713118287986257,1.4091350554011468,1.576730910535167,1.1711247141876935,1.7335880508746717
2013-12-20,1.3952394538515451,1.4337226470389308,1.604242833968137,1.1912214316786112,1.7840760514299983
2013-12-23,1.3975188026823981,1.436064864376804,1.6068636235522584,1.1929860290214198,1.7886574727471611
2013-12-24,1.3939385354853844,1.4323858470234463,1.6027470412848597,1.1898328778500793,1.7806498669779849
2013-12-26,1.3962734781901607,1.4347851916134626,1.6054317525661548,1.191882865588265,1.7853462949592875
2013-12-27,1.4040343612734878,1.4427601336973261,1.6143551965221892,1.198800418241413,1.8016962920075699
2013-12-30,1.3989865026703285,1.4375730461487184,1.6085511813270568,1.1942733238738186,1.7905040579872218
2013-12-31,1.4018551248484108,1.440520790043977,1.6118495159318065,1.1968950056376981,1.7963552045397295
2014-01-02,1.3834312933138921,1.4215887963683738,1.5906658405190321,1.1794410747156245,1.7563988319282005
2014-01-03,1.3812075383569626,1.4193037062826441,1.5881089726320845,1.177413277633141,1.7513505346893539
2014-01-06,1.3768268062408824,1.4148021457597553,1.5830720178030366,1.1734366199261552,1.7417167026594937
2014-01-07,1.370333398333934,1.408129638078759,1.5756059136343237,1.1671808542955597,1.7276187493685162
2014-01-08,1.373079757422099,1.410951746649968,1.578763670444117,1.1665286250509452,1.7331299489737082
2014-01-09,1.3716899105740181,1.409523565346387,1.5771656280147748,1.1665286250509452,1.7298806741984754
2014-01-10,1.3723792963270232,1.410231965588296,1.5779582820291413,1.1665286250509452,1.7310374903531502
2014-01-13,1.3949058906080056,1.4333798835260716,1.603859303785095,1.1665286250509452,1.7784444488248026
2014-01-14,1.3880345095074502,1.4263189774764997,1.5959586069838396,1.1589630296620155,1.7634225768336231
2014-01-15,1.4056132490092645,1.4443825699735269,1.616170597691335,1.1770654246671526,1.8006133180557256
2014-01-16,1.4051684980178787,1.443925551956381,1.6156592241139454,1.1765362118923406,1.7993412483577824
2014-01-17,1.3924375008894567,1.4308434112155786,1.60102115546117,1.1638867698206061,1.7716525248274682
2014-01-20,1.40184404950634,1.4405094092242137,1.6118367815311976,1.1732557989191081,1.7914384958254386
2014-01-21,1.4040343612734876,1.442760133697326,1.6143551965221892,1.1754173775475238,1.7958246171971717
2014-01-22,1.4096271918555936,1.4485072245242676,1.6207858191355144,1.1817795993182918,1.807521647038865
2014-01-23,1.4111170425276656,1.450038167935708,1.6224988457115306,1.1834001795291353,1.8104128059296287
2014-01-24,1.3935716376338483,1.4320088294746338,1.6023251830529266,1.162569918284002,1.7722983338003493
2014-01-27,1.364462706963997,1.4020970225677656,1.5688558073821948,1.1310482704986682,1.7098270135618554
2014-01-28,1.3623278804889876,1.3999033137701322,1.566401189241312,1.1303177863181506,1.7050355360071994
2014-01-29,1.3609936275148298,1.3985322597186944,1.5648670685091435,1.1303177863181506,1.7019328934475875
2014-01-30,1.3506420916230366,1.3878952100002886,1.5529648984342281,1.1303177863181506,1.6798990253122992
2014-01-31,1.3541555810222712,1.3915056077050756,1.552188415985011,1.1303177863181506,1.678488644324614
2014-02-03,1.3346532066172847,1.3714653230225606,1.552188415985011,1.1303177863181506,1.678488644324614
2014-02-04,1.334453090387518,1.3712596872301779,1.552188415985011,1.1303177863181506,1.678488644324614
2014-02-05,1.3392341635449165,1.3761726309144966,1.552188415985011,1.1303177863181506,1.678488644324614
2014-02-06,1.3423251612186915,1.3793488838183279,1.552188415985011,1.1303177863181506,1.678488644324614
2014-02-07,1.34830714891826,1.385495865410272,1.552188415985011,1.1303177863181506,1.678488644324614
2014-02-10,1.3461389878352537,1.3832679025766856,1.552188415985011,1.1303177863181506,1.678488644324614
2014-02-11,1.3481959611704135,1.3853816109059855,1.552188415985011,1.1303177863181506,1.678488644324614
2014-02-12,1.3529325157959595,1.3902488081579238,1.552188415985011,1.1303177863181506,1.678488644324614
2014-02-13,1.3344976089193703,1.3713054336625579,1.552188415985011,1.1303177863181506,1.678488644324614
2014-02-14,1.3450048510908628,1.3821024843176306,1.552188415985011,1.1303177863181506,1.678488644324614
2014-02-18,1.3625169213766832,1.4000975687427517,1.552188415985011,1.1303177863181506,1.678488644324614
2014-02-19,1.3682208311248507,1.4059588024973155,1.552188415985011,1.1303177863181506,1.678488644324614
2014-02-20,1.3545892566715863,1.3919512449024585,1.5359478795783137,1.1303177863181506,1.6487057871365232
2014-02-21,1.3688212883959354,1.4065758214511281,1.5351799056385247,1.1303177863181506,1.6473215948360178
2014-02-24,1.3756370756225675,1.4135796002485566,1.5420564542450166,1.1303177863181506,1.6594230765594136
2014-02-25,1.3787391486384133,1.4167672339721509,1.545533804340033,1.1324532348010148,1.6654157037956678
2014-02-26,1.3873561990965155,1.4256219580543534,1.5551933130221887,1.1414669304142828,1.6826015968491357
2014-02-28,1.39583991112263,1.4343396659927437,1.5647033524923777,1.1503571961636838,1.6995836211123938
2014-03-03,1.383498071111671,1.4216574160169442,1.5508684432830968,1.1373070879877125,1.674052832293169
2014-03-04,1.4005097965321824,1.439138355172776,1.5699381830039978,1.1548466532491237,1.7083234454926892
2014-03-05,1.4073366591008853,1.4461535147899676,1.5775909336261396,1.1614896757591826,1.722006810274584
2014-03-06,1.4234588825386247,1.4627204179115074,1.5956635627733984,1.1793966279151542,1.7548293383750457
2014-03-07,1.4513670072480909,1.4913982984874146,1.6269479070214121,1.2097275183286091,1.81229214334861
2014-03-10,1.4537242092187932,1.4938205162936207,1.6295902743850827,1.2118917092137866,1.8169170034590274
2014-03-11,1.4480869686866196,1.4880277906109631,1.6232710617811075,1.2063297104340558,1.8047682372170708
2014-03-12,1.4491988461650844,1.489170335653828,1.6245174499981598,1.2073288996966987,1.8067789360124746
2014-03-13,1.443906352800306,1.4837318658804572,1.6185846907720305,1.202188980890452,1.795382928292046
2014-03-14,1.4463747425188547,1.4862683381909498,1.6213516969574064,1.2044624964243715,1.8002220802090938
2014-03-18,1.449143252291161,1.4891132084016845,1.624455130587307,1.2070289014994349,1.8056926815421612
2014-03-19,1.4507888092429317,1.4908041527497915,1.6262997608050245,1.2086087915755261,1.8088193099019207
2014-03-20,1.441682597843376,1.4814467757947272,1.6160919143379253,1.1987311015428137,1.7894385465422284
2014-03-21,1.4439286120662318,1.4837547390966468,1.6186096428798908,1.2010510890751416,1.793806134017244
2014-03-24,1.4640090758945918,1.5043890579401198,1.6411193653928162,1.2225237387661503,1.8353796366579564
2014-03-25,1.4653989227426727,1.5058172392437008,1.6426773506641315,1.2239403023905195,1.8379838479284323
2014-03-26,1.4679895755511387,1.5084793468782431,1.6455814108663436,1.2267559293012045,1.843117935254825
2014-03-27,1.4769624485187067,1.5176997076894954,1.655639788121476,1.2368552884958237,1.8617117545619872
2014-03-28,1.4890040598941234,1.5300734481883886,1.669138148168633,1.250427733618391,1.8868721745676698
2014-03-31,1.4908498416574458,1.5319701399055428,1.6712072256394992,1.2523977062887475,1.890469094493022
2014-04-01,1.4945967818944441,1.5358204274386658,1.6754074565568862,1.2565299799203191,1.8981159692126106
2014-04-02,1.5016016100087726,1.5430184612087143,1.683259702324316,1.2649888750266527,1.9127210261794654
2014-04-03,1.4979435982536944,1.5392595549636876,1.6791591581207734,1.2599839122113694,1.9045620366457168
2014-04-04,1.4886594213085134,1.5297193038557664,1.6687518165083863,1.247942010622183,1.8844073766795952
2014-04-07,1.4888150190064273,1.5298791932157687,1.668926237828214,1.2479721750512993,1.8844080065913817
2014-04-09,1.511308387261198,1.5529929686942556,1.6941407688332621,1.2850570632376535,1.9318827617919105
2014-04-10,1.5113527972112657,1.5530386035499717,1.6941905513313846,1.284687305727093,1.9316396728291994
2014-04-11,1.5068830280314802,1.5484455501623222,1.6891800463553144,1.2778914612270915,1.9217088752501321
2014-04-15,1.4972764717666154,1.5385740279379687,1.6784113251905417,1.2639225366259,1.9008010743051058
2014-04-16,1.4844231029664914,1.5253661402964527,1.664003004370857,1.2459585272073925,1.8730690965498653
2014-04-17,1.5075724137844855,1.5491539504042315,1.6899528313934067,1.2751618414722232,1.9217885501837197
2014-04-21,1.516078276494741,1.5578944199821474,1.699487701253857,1.2846424039576014,1.9396585162414302
2014-04-22,1.5155668562873612,1.5573688938930952,1.6989144113610526,1.2839435984986651,1.9382200798518752
2014-04-23,1.521226247503676,1.5631843812152784,1.7052584543552893,1.2904500404568529,1.9500334884063248
2014-04-25,1.5083173934114138,1.5499194778982834,1.6907879358423514,1.2750919069988345,1.92190633454918
2014-04-28,1.503536320254015,1.5450065342139645,1.6854284665090262,1.2692266593918207,1.9113403194218723
2014-04-29,1.493307047452139,1.5344951198196082,1.6739616949121447,1.2570240999990594,1.889170561390814
2014-04-30,1.4891152476419698,1.530187702692675,1.6692627869903376,1.2521188811019117,1.8799352084083214
2014-05-02,1.488759425132504,1.5298220659636252,1.668863918417361,1.2515858486260527,1.8788516199200263
2014-05-05,1.489771298786978,1.5308618488986308,1.6699982047254383,1.2526231385981428,1.8806667592456245
2014-05-06,1.4933181227942096,1.5345065006393708,1.6739741101072756,1.2567027145170517,1.8878555423117989
2014-05-07,1.4793640604394764,1.5201675603514173,1.6583319379832688,1.2399704190441598,1.8579038011638203
2014-05-08,1.4809874667071061,1.5218357430599987,1.660151737810725,1.2416890531976192,1.8610017574542004
2014-05-09,1.5252290064261493,1.5672975433695917,1.709745451936678,1.2923886931045252,1.9540245968112633
2014-05-12,1.5597973206643339,1.6028193133829252,1.748495710291875,1.3211302662153919,2.0280452274998626
2014-05-13,1.5808118050073183,1.6244134146930704,1.7720524475941641,1.3368219161337045,2.0735687103673013
2014-05-14,1.5808118050073183,1.6244134146930704,1.7720524475941641,1.3368164975606327,2.073205480505828
2014-05-15,1.58401399042894,1.6277039221011884,1.775642021315755,1.3392361417390846,2.079893983233234
2014-05-16,1.60177069547638,1.6459503887510727,1.795546865485601,1.3527385586469194,2.1186792904046956
2014-05-19,1.6152354883078746,1.6597865645895,1.8106405781070651,1.3630156442617563,2.148213434519707
2014-05-20,1.6178929189141196,1.6625172918726128,1.81361949463286,1.3650907878066068,2.1537716651313037
2014-05-21,1.6128672109951017,1.6573529659635309,1.8079857955482637,1.3609639281971189,2.142160490181857
2014-05-22,1.618093035143886,1.6627229276649955,1.8138438201684095,1.365182793405748,2.1534396859592277
2014-05-23,1.6382625360359513,1.6834487393732294,1.8364533511127787,1.381543239324284,2.1981345488652466
2014-05-26,1.636472348146552,1.6816091749082183,1.8344465930527647,1.3801081612833963,2.193716271786134
2014-05-27,1.62734387748107,1.672228924736964,1.8242137944778047,1.3725805745585862,2.172784775461227
2014-05-28,1.629934530289536,1.6748910323715063,1.827117854680017,1.3746792629237892,2.1782122091702862
2014-05-29,1.609031233694398,1.6534111855656475,1.803685756199433,1.3571045276598803,2.130924684017113
2014-05-30,1.6077637585180191,1.6521087511627803,1.802264946662553,1.3560648823024262,2.1277328530913877
2014-06-02,1.6372395870394065,1.682397575618461,1.8353066496095707,1.3792142406764032,2.1928605648097745
2014-06-03,1.6491033414509828,1.6945885535411616,1.848605636229039,1.38808691093776,2.2191575667133003
2014-06-04,1.6460790129932015,1.6914808087092363,1.8452154359351367,1.3858191709123548,2.2119351877139066
2014-06-05,1.6620567140750975,1.7078992032905367,1.8631260589576986,1.3982590498855076,2.2475988825556388
2014-06-06,1.686362312321624,1.7328751932968962,1.8903720566954232,1.4172241577169842,2.3023954410569707
2014-06-09,1.7021954910476764,1.749145079337957,1.908120673593288,1.4314338418061898,2.3382899358381155
2014-06-10,1.7025957235072096,1.7495563509227225,1.908569324664387,1.4316696158728517,2.338803510375616
2014-06-11,1.6960245710421966,1.742803954350057,1.9012032189886474,1.424643905820532,2.3232370369390325
2014-06-12,1.7011502827852052,1.748071042366998,1.9069490199822188,1.4298205761701996,2.334619665649254
2014-06-13,1.6771782477822184,1.7234378158734982,1.8800769387096101,1.4050200295984727,2.2789696954800376
2014-06-16,1.6752768721449727,1.7214839969042008,1.877945541827891,1.4031166394913601,2.274232275794075
2014-06-17,1.6971031139126647,1.7439122453569689,1.902412239902708,1.4237743089200345,2.32358588465431
2014-06-18,1.6807585149792321,1.7271168332268558,1.8840903331120384,1.4088227373757987,2.2856030767366313
2014-06-19,1.6768669438046053,1.723117925576829,1.8797279743523552,1.4053676482876478,2.276316757247148
2014-06-20,1.6703624605555865,1.7164340370760698,1.872436603282599,1.3996803848864854,2.2610918015015837
2014-06-23,1.666337442367187,1.7122980017055662,1.8679246535933498,1.3960138909240452,2.2515470398765878
2014-06-24,1.6856507758844774,1.732144031415461,1.8895744412670687,1.4132988638812847,2.2949712410565923
2014-06-25,1.6832157207739256,1.7296418131409212,1.8868448023846844,1.4111224375105804,2.2890024780397136
2014-06-26,1.66630410775919,1.712263747669613,1.867887286290358,1.3962612017408167,2.249984844091916
2014-06-27,1.669773078626572,1.7158283989420196,1.8717759201534816,1.3993345970748243,2.2574559016192293
2014-06-30,1.6925777508589561,1.739262064717176,1.8973394155157848,1.419849963794819,2.308829357670879
2014-07-01,1.6977702403997437,1.7445977723826873,1.903160072832939,1.4246758628250855,2.3203182094149297
2014-07-02,1.7178840388361007,1.7652663452621136,1.9257071626488562,1.4438548324641494,2.3660696503464176
2014-07-03,1.7155824307393215,1.7629012547080505,1.9231271146960378,1.4416549567801815,2.3603322825469606
2014-07-04,1.723765914129893,1.771310453169534,1.9323006050041025,1.4493256985609637,2.378824096008648
2014-07-07,1.7316713195690638,1.7794339037936373,1.941162376540305,1.4571726021122338,2.3967259591921244
2014-07-08,1.6952129221992744,1.7419699187840982,1.9002933799337185,1.419314885784594,2.311576795323993
2014-07-09,1.6867181348310893,1.7332408300259452,1.8907709252683988,1.4117914895772978,2.2917218624537954
2014-07-10,1.6828821575303858,1.7292990496280616,1.8864708859195682,1.4084591129191835,2.2825689952332335
2014-07-11,1.6588322693875495,1.7045858226662283,1.8595115331282461,1.3875922142853214,2.227396154175089
2014-07-14,1.6576202795033088,1.70334040393884,1.8581529212846195,1.3865302756865778,2.2242733707014115
2014-07-15,1.6737425029410484,1.71990730706038,1.8762255504318786,1.4004659896484393,2.260209217319657
2014-07-16,1.695479707645035,1.7422440626483873,1.9005924400752516,1.4197234504376504,2.309101946964606
2014-07-17,1.699048899499978,1.745911699181982,1.9045934192825493,1.4227819677790392,2.316859591418241
2014-07-18,1.7042635397249069,1.7512701684870196,1.9104389069899652,1.4272910861726096,2.328393664860593
2014-07-21,1.7087778274365448,1.7559089683070492,1.9154993161817573,1.4312102225065535,2.338341799621793
2014-07-22,1.727379515934904,1.7750237245588452,1.9363513667095233,1.447477943597323,2.380674502350531
2014-07-23,1.7335837705483803,1.781399103582698,1.9433061886171554,1.4529153307521177,2.3946151847947297
2014-07-24,1.7413335782896369,1.7893626648467986,1.95199353883353,1.4597230846232716,2.4121705591580724
2014-07-25,1.7324052238539216,1.7801880504679268,1.9419850657941198,1.4514091833172067,2.390980683137556
2014-07-28,1.7231210469087406,1.7706477993600056,1.9315777241817327,1.442955087351106,2.3690462620605284
2014-07-30,1.7326164154257588,1.7804050670800726,1.9422218065248,1.4518035305765815,2.390551893390572
2014-07-31,1.7170278714613256,1.764386563263775,1.9247474193782064,1.4371834010373006,2.3540183910858126
2014-08-01,1.6906319652716424,1.7372626108921625,1.8951582361359434,1.4121310053210503,2.292841196339154
2014-08-04,1.7086554557648426,1.7557832214063356,1.915362140447322,1.4278002252282305,2.3334833091324247
2014-08-05,1.7226428527275726,1.7701564157302423,1.9310416798743206,1.4396312500591402,2.365149822866033
2014-08-06,1.7060758782984473,1.7531324945915563,1.9124704954402407,1.4257746235178712,2.326541979737908
2014-08-07,1.7010057604293618,1.7479225338267583,1.9067870138575218,1.4208806206291233,2.3145249267653085
2014-08-08,1.683060014494226,1.7294818122042541,1.8866702593472573,1.4038714697865344,2.273117883458185
2014-08-11,1.69582445481243,1.742598318557674,1.9009788934530978,1.4030775066198744,2.3016669539007495
2014-08-12,1.7183065305615601,1.7657004900630697,1.9261807658278167,1.4237586004197138,2.3525004804376413
2014-08-13,1.721086224257722,1.7685568526702318,1.9292967363704476,1.4262184344625015,2.358478513703662
2014-08-14,1.732683193223538,1.7804736867286435,1.942296662848383,1.4369977116344117,2.3847497518965315
2014-08-18,1.751040246960278,1.7993370607556762,1.9628744836248777,1.4548164324764778,2.426755843721396
2014-08-19,1.756210477235139,1.8046498952049976,1.9686701888341709,1.459624894804931,2.438362337821091
2014-08-20,1.7512736977980414,1.799576950584012,1.9631361764634188,1.4549026380108723,2.4264259130692825
2014-08-21,1.7547872957790613,1.8031874598654636,1.967074836259864,1.458150407758201,2.4341751307418242
2014-08-22,1.759701815950233,1.808237531270259,1.9725838965227553,1.4628498273886237,2.445195734044006
2014-08-25,1.7581673381645235,1.806660729849774,1.9708637834091438,1.4612813135883889,2.4411871140396992
2014-08-26,1.7578226995789135,1.8063065855171516,1.9704774517488972,1.4608695484808993,2.439955983998247
2014-08-27,1.7647830091613892,1.8134588728548198,1.9782797933006053,1.467715751206983,2.4557511094303766
2014-08-28,1.7688525458816413,1.8176406546577037,1.9828416472055765,1.4717340654302928,2.464829634860466
2014-09-01,1.7851638102070766,1.8344018127518635,2.001126186693254,1.4882575360153147,2.5025629461344616
2014-09-02,1.7974722070282536,1.8470496971150456,2.014923606881944,1.5009966153098993,2.531097450112339
2014-09-03,1.8044882190664375,1.8542592232815214,2.0227883895621037,1.5092913269357733,2.5472430767321463
2014-09-04,1.8003409377881208,1.8499975525869683,2.0181393858560184,1.5037137757176269,2.536966655950203
2014-09-05,1.7983172990609577,1.8479180982936214,2.015870934957463,1.5008826983454095,2.531734008328642
2014-09-08,1.8176750425283157,1.8678097628592323,2.0375705051293047,1.5281634805302173,2.577050914076597
2014-09-09,1.8130163410426192,1.8630225660756272,2.032348211530415,1.5212973481968306,2.565508892169957
2014-09-10,1.7999295214047317,1.8495747886057754,2.017678197872189,1.4991762335538528,2.533964586985404
2014-09-11,1.7980615889572678,1.8476553352490954,2.015584290011061,1.4959702626932778,2.5291051115412184
2014-09-12,1.8024645803392743,1.8521797689881743,2.0205199386635484,1.5026744859683732,2.539061128696481
2014-09-15,1.7883437363627712,1.8376694469437909,2.0046908083069837,1.479073702932614,2.5052160604476783
2014-09-16,1.7640825480663125,1.8127390917931474,1.9774945930673817,1.4420180660312683,2.4477096299283123
2014-09-17,1.7735557658991894,1.8224735978736886,1.9881138450201874,1.454367565956224,2.4693518495261055
2014-09-18,1.804521553674434,1.854293477317474,2.022825756865095,1.4952474594102507,2.5413134479808424
2014-09-19,1.8060115129282908,1.8558245323055786,2.024495965762985,1.4966111600761913,2.5443916166389147
2014-09-22,1.811537457130833,1.8615028919072856,2.030690417827656,1.5027456850430267,2.557018248003341
2014-09-23,1.7829066120603645,1.8320823570535163,1.9985959212385582,1.470055241431917,2.4887118811679136
2014-09-24,1.779537645016973,1.8286204678889686,1.9948193892844095,1.4665297235293935,2.480379586279929
2014-09-25,1.7594015873146898,1.8079290217933521,1.9722473473606312,1.4466511069788426,2.432818215918151
2014-09-26,1.7720769905691884,1.8209540352820113,1.9864561730350279,1.4584125693066279,2.4618220195577387
2014-09-29,1.7698643109543295,1.8186803260160445,1.983975811796054,1.4563187229062897,2.456229279655305
2014-09-30,1.771176304662561,1.820028506851292,1.985446525548656,1.4574801921033735,2.4588563600889333
2014-10-01,1.7668955763704715,1.8156297084362625,1.9806479309130045,1.4532368135876719,2.4484469773499358
2014-10-07,1.7461813206630294,1.7943441166030236,1.9574277427728393,1.4328816464224252,2.399819702402955
2014-10-08,1.744024343503879,1.7921276461658646,1.9550098226623174,1.4320289751196293,2.394421744585367
2014-10-09,1.7702312088058663,1.8190573435648574,1.9843870955641616,1.4320289751196293,2.4544175419932186
2014-10-10,1.7478603208045826,1.7960694265637487,1.959309862011148,1.411489513216019,2.4019059237889593
2014-10-13,1.7532640019172077,1.8016221508414063,1.9653672600589829,1.4107202476416654,2.413953909331665
2014-10-14,1.7487608981294254,1.7969948434178038,1.960319387779921,1.4107202476416654,2.4031204269604145
2014-10-16,1.7230098591608947,1.77053354485572,1.9314530853600285,1.4107202476416654,2.3432807726622027
2014-10-17,1.730014687275223,1.7777315786257686,1.9393053311274584,1.4107202476416654,2.358866514888794
2014-10-20,1.7521854590467398,1.8005138598344945,1.9641582391449224,1.4107202476416654,2.409212845670493
2014-10-21,1.7629373359798515,1.8115622927143304,1.9762108375473384,1.4107202476416654,2.4336142994438115
2014-10-22,1.7780922042949696,1.8271351593332452,1.993199084602242,1.4107202476416654,2.4683157474197945
2014-10-27,1.77715829236213,1.8261754884432373,1.9921521915304776,1.4091534196826443,2.4657064834981086
2014-10-28,1.7851415509411503,1.834378939535674,2.0011012345853936,1.4158852697072595,2.483873096782866
2014-10-29,1.79911787256181,1.8487407530398179,2.0167683588172616,1.4276408779438208,2.5160917305518526
2014-10-30,1.8166299428476305,1.866735837464939,2.036398973235836,1.4433041784807712,2.5567742500552706
2014-10-31,1.8506533936886531,1.9016977157766026,2.0745384526776376,1.473091388317732,2.6367322061675686
2014-11-03,1.8510870693379684,1.9021433529739857,2.075024592769328,1.4734031716467368,2.6373078288882943
2014-11-05,1.8542335523038818,1.905376621553296,2.0785517253624666,1.4760479371394104,2.644373206991463
2014-11-07,1.853944507592195,1.9050796044728167,2.0782277131130726,1.4757701730080777,2.6432178283589054
2014-11-10,1.855556729935969,1.9067362947849709,2.0800349760277985,1.4771169758451972,2.646614431166762
2014-11-11,1.8596485259221476,1.910940949804045,2.0846217820406308,1.4805959239757693,2.6559505402627845
2014-11-12,1.864240449610065,1.9156595269390795,2.089769219315938,1.4847337560414102,2.6664973149485998
2014-11-13,1.8585809498119652,1.9098439280402317,2.0834250546041018,1.4793565995477354,2.6524376836243295
2014-11-14,1.8657082581797806,1.917167820287658,2.091414597823566,1.486224017204214,2.6690524489505365
2014-11-17,1.8747922103134098,1.9265023240265322,2.1015974921828042,1.4960326714395433,2.6904057478394825
2014-11-18,1.8737137760247269,1.9253941445962848,2.100388592986343,1.4946836713455525,2.687335852880468
2014-11-19,1.864018074114372,1.9154310179305063,2.089519941672527,1.4836336970477428,2.663515413499906
2014-11-20,1.868376764128096,1.9199099283905336,2.0944059295444917,1.4890156219216764,2.6735067384128497
2014-11-21,1.8851548215472735,1.9371507545647009,2.1132137329916527,1.5112621054066349,2.713351105232034
2014-11-24,1.8968964214507178,1.9492162087400164,2.1263757873118845,1.5275252958499805,2.741253001894049
2014-11-25,1.881985970733649,1.9338945011925361,2.1096615265730536,1.5060262519995664,2.704591898583833
2014-11-26,1.884799107619593,1.9367852294123156,2.1128149861362755,1.509344415514483,2.710906407484951
2014-11-27,1.888901978947842,1.9410012652511526,2.1174142073442384,1.5144765835100877,2.7203403241216386
2014-11-28,1.9098163508850508,1.9624924928767742,2.140858721019953,1.5417821169653778,2.7704394989565007
2014-12-01,1.9026225904648117,1.9551003157107703,2.132794686629704,1.5322682737336226,2.752431688125348
2014-12-02,1.8956844315664774,1.947970790012628,2.1250171754682574,1.5230776554572,2.735095990493941
2014-12-03,1.8985642376684153,1.950930026304314,2.128245369637463,1.5270084140062081,2.741593628043173
2014-12-04,1.904512782178202,1.9570426422836407,2.134913546598693,1.5361833288607682,2.755536916048591
2014-12-05,1.8987086514424738,1.951078423267889,2.1284072540445607,1.526423847166232,2.740953456127844
2014-12-08,1.8764600265311073,1.9282161415908294,2.103467074508383,1.4902575698334208,2.686543400514752
2014-12-09,1.854767340358973,1.9059251324352022,2.0791500890807315,1.4603432312926554,2.6339231760853643
2014-12-10,1.8580918974522969,1.9093413867440339,2.082876838536758,1.4640438872917947,2.6413891872435054
2014-12-11,1.8441378350975637,1.8950024464560802,2.067234666412751,1.4468848119809328,2.6076184476258204
2014-12-12,1.8288382272630321,1.8792808481435972,2.050084169797952,1.4287142519877896,2.5708359477878826
2014-12-15,1.8278375375324138,1.8782525576050189,2.048962420402605,1.4273781523211186,2.5680236006928614
2014-12-16,1.794036570768869,1.8435192998785923,2.0110723403218134,1.426336426724512,2.487834202326918
2014-12-17,1.7856307118826042,1.8348815924085358,2.0016495723703382,1.426336426724512,2.4678254904739383
2014-12-18,1.8144283385748423,1.8644735090187348,2.0006487475841532,1.426336426724512,2.465753595615828
2014-12-19,1.8290829706064362,1.8795323419450247,2.0158071055881637,1.426336426724512,2.496691646844926
2014-12-22,1.8510536261481867,1.9021089873613681,2.0400206619260737,1.426336426724512,2.5466110579832972
2014-12-23,1.838378222893688,1.889083973872709,2.0260512748850132,1.4149515515228985,2.5168837783897344
2014-12-24,1.817719561060169,1.8678555092916131,2.0032836487110384,1.3976144288449701,2.4689516267461826
2014-12-26,1.823634770961959,1.8739338712349871,2.009802719930164,1.3968540411488748,2.4820099811977534
2014-12-29,1.83377500670013,1.884353792764583,2.0209781338298227,1.3968540411488748,2.5047489891217767
2014-12-30,1.8342086823494455,1.8847994299619661,2.0214560817794016,1.3968540411488748,2.505304870059006
2014-12-31,1.841869561608782,1.8926716099379708,2.029899031112041,1.3968540411488748,2.5224360915321755
2015-01-02,1.866942398748163,1.9184360006545729,2.0575314589871208,1.3968540411488748,2.579650702130226
2015-01-05,1.8631509399793122,1.9145399666890697,2.053352944589679,1.39327284309699,2.570402125159311
2015-01-06,1.807323506636524,1.857172713140828,1.9918263005677135,1.3508268544858486,2.4406264269427487
2015-01-07,1.801708525370277,1.8514028606743607,1.9856381071854894,1.3501402977714752,2.4274668886310677
2015-01-08,1.8311731699678089,1.8816801927336142,1.9846452881318968,1.3501402977714752,2.4254288773599297
2015-01-09,1.8422697940683157,1.893082881522737,1.9956796067123903,1.3501402977714752,2.447647035717284
2015-01-12,1.8508312506524947,1.9018804783527963,2.004953994407294,1.3501402977714752,2.4663179751512794
2015-01-13,1.845583275819569,1.8964877550118058,1.9992690092958125,1.3501402977714752,2.454143536585738
2015-01-14,1.8407242409405358,1.8914946992824893,1.9940053520141194,1.3501402977714752,2.4428643940091557
2015-01-15,1.8888909036057726,1.9409898844313909,2.0461829574408106,1.3501402977714752,2.5497712482143675
2015-01-16,1.8932604517979972,1.9454799525578523,2.0509163674146627,1.3520787351308143,2.559228681322995
2015-01-19,1.9014661944544953,1.9539120242355261,2.059805420109458,1.356761936874224,2.577405532346185
2015-01-20,1.9336882734822631,1.9870228456857517,2.0947107017401065,1.3757880097740043,2.6502923666541154
2015-01-21,1.9412268896516824,1.9947693903377068,2.1028770748742605,1.3800622023436553,2.667177421689644
2015-01-22,1.9483207548297157,2.0020589169725156,2.110561661634653,1.3841571914872157,2.6830761804488548
2015-01-23,1.9648208428792773,2.019014106885967,2.1284357479033917,1.3938596200788014,2.720760357656219
2015-01-27,1.9814768543721077,2.0361295208894137,2.1464787416996503,1.404028067917674,2.7590114497492984
2015-01-28,1.9823218378230272,2.0369978104913256,2.147394088760346,1.4045399789367226,2.7605037360613043
2015-01-29,1.9907831820014301,2.0456925336368608,2.1565600274717025,1.409676288833033,2.779805208694628
2015-01-30,1.9588835908751312,2.012913094879732,2.1220040880114817,1.3902551399894192,2.7045256406985065
2015-02-02,1.9563262726746622,2.0102852412811427,2.119233816362355,1.3887669540320133,2.6981233076755484
2015-02-03,1.9472421033774627,2.00095051438894,2.1093931885299306,1.3835287733160513,2.67661342276064
2015-02-04,1.9399371552093772,1.9934440827186495,2.1014799414398038,1.3793422101591963,2.659284225537039
2015-02-05,1.9372686492610618,1.990701974615774,2.0985892231972367,1.3771986315433995,2.6526761303091617
2015-02-06,1.9260052435387853,1.9791279040702217,2.086387889182833,1.3688107932898252,2.626314581855303
2015-02-09,1.8960512208362297,1.9483476959847774,2.0539395298605645,1.3457982317796073,2.557269755111342
2015-02-10,1.9047683837001077,1.9573052937515034,2.0633825898357347,1.3518253414924446,2.5765635106510856
2015-02-11,1.918522438406859,1.9714387098237385,2.078281974592652,1.3614347277634904,2.607352290119403
2015-02-12,1.9372352060712794,1.990667609003156,2.0985529951203032,1.3744709768684913,2.6495981371014934
2015-02-13,1.9581274273243467,2.012136074989252,2.121184957077187,1.3888909069782942,2.6971145880350895
2015-02-16,1.9589834861173365,2.0130157454109265,2.1221123017477757,1.3894143076112644,2.6986220401219847
2015-02-18,1.9722704219849907,2.026669158673161,2.1365056696638915,1.4001579785812495,2.7288833402116097
2015-02-19,1.9780967034048604,2.0326561393284384,2.142817118209614,1.404807905932686,2.7419414078512268
2015-02-20,1.9643760918878908,2.0185570888688207,2.12795396152963,1.3923897744102323,2.7095260643369574
2015-02-23,1.9468863894497814,2.000584989236554,2.1090078535298216,1.3770782478990153,2.6685440322210208
2015-02-24,1.9484762439458438,2.0022186947558533,2.1107300986676663,1.3783216145759374,2.6717356807951353
2015-02-25,1.9496215646140906,2.0033956054113355,2.1119707926790023,1.379208550295137,2.6739046607443306
2015-02-26,1.93107536140787,1.9843378648350187,2.091880206794259,1.362369239725962,2.630725846009927
2015-02-27,1.9668222223405132,2.0210706879631233,2.1306037865853162,1.393358640275483,2.7120356855205734
2015-03-02,1.9917617210479064,2.0466980625359126,2.157620051592877,1.412224907060558,2.769303871379116
2015-03-03,2.0005455531277785,2.0557241683745446,2.167135332474661,1.4191050449040359,2.789325692480225
2015-03-04,1.9841788035102048,2.0389059946049057,2.14940568801915,1.4061334199043454,2.7505196427346754
2015-03-05,1.9875365866297405,2.0423563913730263,2.153043081042146,1.4086851061477443,2.7578535658697434
2015-03-09,1.947286621909315,2.0009962608213194,2.1094414142167563,1.3772127951966913,2.663591633031929
2015-03-10,1.9373463938191258,1.9907818635074421,2.0986734417137427,1.3703569934296107,2.640294445471016
2015-03-11,1.9346557371866688,1.9880169937650407,2.0957587282513885,1.3685215693594452,2.633674693794864
2015-03-12,1.9515673502014044,2.005395059236349,2.114078608064208,1.380900355896214,2.6718702232334177
2015-03-13,1.9230476928787823,1.9760887788868662,2.08318405684677,1.3601863493834654,2.6058391029232775
2015-03-16,1.9198010975070932,1.9727526366230324,2.079667110417214,1.359488914313555,2.597995619728402
2015-03-17,1.9398481181456715,1.9933525898538882,2.101383490066149,1.359488914313555,2.6430933464652324
2015-03-18,1.9315314049048968,1.9848064868252564,2.092374226025166,1.352992885420308,2.6236029383848587
2015-03-19,1.9201346607506327,1.9730954001358918,2.080028450197535,1.3450525399425903,2.597150119502753
2015-03-20,1.9059582229002066,1.9585279508393652,2.064671509533896,1.3443838367085514,2.5644981480232296
2015-03-23,1.9015107129863476,1.9539577706679059,2.059853645796284,1.3443838367085514,2.5540006998794964
2015-03-24,1.8997427843628745,1.952141079419085,2.0579384979111324,1.3443838367085514,2.5495660918513283
2015-03-25,1.897040835224777,1.949364605703592,2.055011551591632,1.3443838367085514,2.5430306781587824
2015-03-26,1.8550898282604422,1.906256515128299,2.009567193034957,1.3443838367085514,2.448157259665393
2015-03-27,1.8549230466386726,1.9060851333718694,2.0085624094384396,1.3443838367085514,2.4461018775252352
2015-03-30,1.888479378640598,1.9405670088735327,2.0085624094384396,1.3443838367085514,2.4461018775252352
2015-03-31,1.8881903339289112,1.9402699917930537,2.0085624094384396,1.3443838367085514,2.4461018775252352
2015-04-01,1.9093715998936656,1.9620354748596287,2.0085624094384396,1.3443838367085514,2.4461018775252352
2015-04-06,1.9257496420168798,1.978865252602359,2.0247870006809277,1.3443838367085514,2.478851087555447
2015-04-07,1.9258384619170148,1.9789565223137906,2.024880388406555,1.3443838367085514,2.478608838596462
2015-04-08,1.9378691065321458,1.9913189935695852,2.037529744426176,1.3443838367085514,2.504173876077413
2015-04-09,1.952078770408784,2.0059205853254007,2.0524701822036064,1.3443838367085514,2.5345676007048086
2015-04-10,1.9525345967422407,2.0063889841623097,2.052949450751508,1.3440102049228824,2.535117394663173
2015-04-13,1.964465128951596,2.0186485817335806,2.065493545789432,1.3524015230035,2.560683438372887
2015-04-16,1.9361567717825965,1.989559429572908,2.0357293478086436,1.3322176401319503,2.4982751526820333
2015-04-17,1.9137635159336017,1.9665485277789447,2.0121844526900445,1.3315284456257783,2.4493198209557088
2015-04-20,1.8786503382982553,1.930466866063942,1.975265476267861,1.3315284456257783,2.373431843824878
2015-04-21,1.8630063090416837,1.9143913465721654,1.9742778435297272,1.3315284456257783,2.371439198375563
2015-04-22,1.874558759475647,1.9262624341981966,1.9742778435297272,1.3315284456257783,2.371439198375563
2015-04-23,1.86757608204546,1.9190871620676742,1.9742778435297272,1.3315284456257783,2.371439198375563
2015-04-24,1.8468840856039443,1.8978244434506255,1.9742778435297272,1.3315284456257783,2.371439198375563
2015-04-27,1.8265478030901092,1.876927249985962,1.9742778435297272,1.3315284456257783,2.371439198375563
2015-04-28,1.8425143202481498,1.875988786360969,1.9742778435297272,1.3315284456257783,2.371439198375563
2015-04-29,1.8323184906360555,1.864669726371859,1.9742778435297272,1.3315284456257783,2.371439198375563
2015-04-30,1.8193651180119408,1.8637373915086732,1.9742778435297272,1.3315284456257783,2.371439198375563
2015-05-04,1.8528215547716602,1.8637373915086732,1.9742778435297272,1.3315284456257783,2.371439198375563
2015-05-05,1.8512314831120276,1.861206083298842,1.9742778435297272,1.3315284456257783,2.371439198375563
2015-05-06,1.8005743886258856,1.8102760438737584,1.9742778435297272,1.3315284456257783,2.371439198375563
2015-05-07,1.7917460380141612,1.8093709058518217,1.9742778435297272,1.3315284456257783,2.371439198375563
2015-05-08,1.8215888729688703,1.8093709058518217,1.9742778435297272,1.3315284456257783,2.371439198375563
2015-05-11,1.8513315955178036,1.8093709058518217,1.9742778435297272,1.3315284456257783,2.371439198375563
2015-05-12,1.8072345781546038,1.7653686681046508,1.9742778435297272,1.3315284456257783,2.371439198375563
2015-05-13,1.8313623194372899,1.7644859837705986,1.9742778435297272,1.3315284456257783,2.371439198375563
2015-05-14,1.8288605951107442,1.7644859837705986,1.9742778435297272,1.3315284456257783,2.371439198375563
2015-05-15,1.8373440899732887,1.7644859837705986,1.9742778435297272,1.3315284456257783,2.371439198375563
2015-05-18,1.8620946563747711,1.7644859837705986,1.9742778435297272,1.3315284456257783,2.371439198375563
2015-05-19,1.8603156524092275,1.7619179899756983,1.9742778435297272,1.3315284456257783,2.371439198375563
2015-05-20,1.873124394095714,1.7740492389802127,1.9742778435297272,1.3315284456257783,2.371439198375563
2015-05-21,1.8726240492304047,1.7735753588522685,1.9742778435297272,1.3315284456257783,2.371439198375563
2015-05-22,1.8810632427246667,1.7815681781456876,1.9742778435297272,1.3315284456257783,2.371439198375563
2015-05-25,1.8613384928239873,1.7628867292997508,1.9742778435297272,1.3315284456257783,2.371439198375563
2015-05-26,1.854467003141647,1.7563786932717957,1.9742778435297272,1.3315284456257783,2.371439198375563
2015-05-27,1.8534107195371055,1.7553782796683581,1.9742778435297272,1.3315284456257783,2.371439198375563
2015-05-28,1.8499417486697234,1.7520927930521344,1.9742778435297272,1.3315284456257783,2.371439198375563
2015-05-29,1.8754371861163492,1.7762397005091215,1.9742778435297272,1.3315284456257783,2.371439198375563
2015-06-01,1.8753815922424262,1.7761870471615722,1.9742778435297272,1.3315284456257783,2.371439198375563
2015-06-02,1.831584694932984,1.7347066988267672,1.9742778435297272,1.3060920154592215,2.371439198375563
2015-06-03,1.8090469167281455,1.733839345477354,1.9742778435297272,1.3055690226749663,2.371439198375563
2015-06-04,1.8080573023395978,1.733839345477354,1.9742778435297272,1.3055690226749663,2.371439198375563
2015-06-05,1.8045104783323662,1.733839345477354,1.9742778435297272,1.3055690226749663,2.371439198375563
2015-06-08,1.788821821962157,1.733839345477354,1.9742778435297272,1.3055690226749663,2.371439198375563
2015-06-09,1.7839851549308352,1.733839345477354,1.9742778435297272,1.3055690226749663,2.371439198375563
2015-06-10,1.8066786394153729,1.733839345477354,1.9742778435297272,1.3055690226749663,2.371439198375563
2015-06-11,1.7712986763342662,1.733839345477354,1.9742778435297272,1.3055690226749663,2.371439198375563
2015-06-12,1.7752013228509635,1.733839345477354,1.9742778435297272,1.3055690226749663,2.371439198375563
2015-06-15,1.7820949632174452,1.733839345477354,1.9742778435297272,1.3055690226749663,2.371439198375563
2015-06-16,1.7895222830572333,1.733839345477354,1.9742778435297272,1.3055690226749663,2.371439198375563
2015-06-17,1.7993623987416467,1.733839345477354,1.9742778435297272,1.3055690226749663,2.371439198375563
2015-06-18,1.8178307488080179,1.733839345477354,1.9742778435297272,1.3055690226749663,2.371439198375563
2015-06-19,1.8290273767325156,1.733839345477354,1.9742778435297272,1.3055690226749663,2.371439198375563
2015-06-22,1.8575246662074263,1.733839345477354,1.9742778435297272,1.3055690226749663,2.371439198375563
2015-06-23,1.863851292492605,1.738877786727639,1.9742778435297272,1.3090718645373096,2.371439198375563
2015-06-24,1.8592480762990469,1.7345832218024628,1.9742778435297272,1.3060834142428375,2.371439198375563
2015-06-25,1.8675094128294683,1.7422906256277002,1.9742778435297272,1.311436614190123,2.371439198375563
2015-06-26,1.8637511800868292,1.738784386980953,1.9742778435297272,1.3090070320287241,2.371439198375563
2015-06-29,1.8498084102377368,1.7257764968806546,1.9742778435297272,1.299530568053529,2.371439198375563
2015-06-30,1.8609493357065259,1.7249136086322143,1.9742778435297272,1.2989037318872694,2.371439198375563
2015-07-01,1.8797511404346516,1.7414785412898885,1.9742778435297272,1.3128094888193937,2.371439198375563
2015-07-02,1.8779389104428958,1.7397996171096406,1.9742778435297272,1.311243782172533,2.371439198375563
2015-07-03,1.8868339302706143,1.748040328244806,1.9742778435297272,1.318428337893024,2.371439198375563
2015-07-06,1.8951174174851768,1.7557144904894286,1.9819580838682704,1.3251417905430836,2.3865141602887445
2015-07-07,1.8925933253109197,1.7533760679912835,1.979318329284707,1.3228421232005059,2.380758875854761
2015-07-08,1.859737345822285,1.7229369412357665,1.9449567780952706,1.2942443022545809,2.310942423330872
2015-07-09,1.852065391220878,1.7220754727651486,1.943984299706223,1.2934409162764522,2.309002241684005
2015-07-10,1.8591814070830526,1.7220754727651486,1.943984299706223,1.2934409162764522,2.309002241684005
2015-07-13,1.8812189490043667,1.7220754727651486,1.943984299706223,1.2934409162764522,2.309002241684005
2015-07-14,1.8799845912724147,1.7200844989434756,1.941736766475729,1.2914360633358324,2.3041152635152664
2015-07-15,1.8954842067549278,1.7342658110961515,1.9577455004772468,1.3049005281405823,2.3356089613430178
2015-07-16,1.9142193422670595,1.7514074495593752,1.9770960321878228,1.321046059306071,2.3739630689753395
2015-07-17,1.9146195747265926,1.7517736406722242,1.9775094111513636,1.321303110242704,2.374380665318455
2015-07-20,1.9131965018522998,1.7504716057495435,1.976039594359132,1.319963449232984,2.3710014238414914
2015-07-21,1.896740715171021,1.7354154485236852,1.9590432816400503,1.3039452465588552,2.336342907609142
2015-07-22,1.9198788420651594,1.7565855866141562,1.982941430543133,1.324863035380956,2.383790053126461
2015-07-23,1.910160989470663,1.7476942756489438,1.9729043739834546,1.3162960392067977,2.363112093730402
2015-07-24,1.8949838618896184,1.7338080225318513,1.9572287206986259,1.3032425407152763,2.331170813710705
2015-07-27,1.859281519488828,1.7011423049378533,1.9203536573546225,1.2736574098106659,2.2570147467379313
2015-07-28,1.853944507592197,1.7002917337853845,1.9193934805259454,1.2728924806329451,2.2551198407705133
2015-07-29,1.8624058517706,1.7002917337853845,1.9193934805259454,1.2728924806329451,2.2551198407705133
2015-07-30,1.8728019061942456,1.7002917337853845,1.9193934805259454,1.2728924806329451,2.2551198407705133
2015-07-31,1.8974966615582347,1.7218616251228367,1.9437428953858218,1.2905706814487319,2.3027619770478696
2015-08-03,1.899764935047017,1.7239199439355877,1.9460664517682567,1.2921304633002757,2.3069807775416473
2015-08-04,1.893949946132788,1.7186431988088253,1.940109738579893,1.2879646200595727,2.294719621195653
2015-08-05,1.9053021717551994,1.7289446460023685,1.9517386433086417,1.296019839384737,2.317413047776737
2015-08-06,1.9099053879487577,1.73312178184477,1.9564540501672794,1.2995296499033504,2.326408323464217
2015-08-07,1.9045570835464862,1.7282685242363036,1.9509753956352924,1.295180547619056,2.3150619079551196
2015-08-10,1.8958844392144607,1.7203986324118876,1.9420913795808246,1.2882148034458554,2.296955146671726
2015-08-11,1.8818191891118812,1.7076352822094696,1.9276833279027454,1.276479597965651,2.267939260193234
2015-08-12,1.8567131259462881,1.6848530725758335,1.9019653738752773,1.2561750828048206,2.21673593513616
2015-08-13,1.8581361988205811,1.6840106460395456,1.9010143911883397,1.255429203165121,2.2148748457667837
2015-08-14,1.8943167354025394,1.6840106460395456,1.9010143911883397,1.255429203165121,2.2148748457667837
2015-08-17,1.885143746205205,1.675014032157343,1.8908584622443902,1.2484911669051013,2.1946182889226717
2015-08-18,1.8827532096265056,1.6728899594855549,1.888460678877346,1.246852780394038,2.1895608826464295
2015-08-19,1.8891132791014664,1.6785410965075989,1.8948400285748956,1.2512397607159687,2.201596966951088
2015-08-20,1.8618944315632202,1.6543562290896683,1.867538668504166,1.2313011296107255,2.147947428548025
2015-08-21,1.8457055389094867,1.6535290509751235,1.866604899169914,1.2306225168042937,2.1461440914604233
2015-08-24,1.7365302458663148,1.6535290509751235,1.866604899169914,1.2306225168042937,2.1461440914604233
2015-08-25,1.7524746123402137,1.6535290509751235,1.866604899169914,1.2306225168042937,2.1461440914604233
2015-08-26,1.7327165278315373,1.6535290509751235,1.866604899169914,1.2306225168042937,2.1461440914604233
2015-08-27,1.767651739921258,1.6535290509751235,1.866604899169914,1.2306225168042937,2.1461440914604233
2015-08-28,1.7794376411929846,1.6535290509751235,1.866604899169914,1.2306225168042937,2.1461440914604233
2015-08-31,1.7726217453845676,1.6535290509751235,1.866604899169914,1.2306225168042937,2.1461440914604233
2015-09-01,1.7313822748573795,1.6535290509751235,1.866604899169914,1.2306225168042937,2.1461440914604233
2015-09-02,1.7160717002625623,1.6535290509751235,1.866604899169914,1.2306225168042937,2.1461440914604233
2015-09-03,1.739643502806016,1.6535290509751235,1.866604899169914,1.2306225168042937,2.1461440914604233
2015-09-04,1.7022954948716695,1.6535290509751235,1.866604899169914,1.2306225168042937,2.1461440914604233
2015-09-07,1.6808918534112223,1.6535290509751235,1.866604899169914,1.2306225168042937,2.1461440914604233
2015-09-08,1.7096784047613898,1.6535290509751235,1.866604899169914,1.2306225168042937,2.1461440914604233
2015-09-09,1.738665072341324,1.6535290509751235,1.866604899169914,1.2306225168042937,2.1461440914604233
2015-09-10,1.7318826197226886,1.6535290509751235,1.866604899169914,1.2306225168042937,2.1461440914604233
2015-09-11,1.732149405168449,1.6535290509751235,1.866604899169914,1.2306225168042937,2.1461440914604233
2015-09-14,1.750595495968894,1.6535290509751235,1.866604899169914,1.2306225168042937,2.1461440914604233
2015-09-15,1.7410000150461,1.6535290509751235,1.866604899169914,1.2306225168042937,2.1461440914604233
2015-09-16,1.7565773750866778,1.6535290509751235,1.866604899169914,1.2306225168042937,2.1461440914604233
2015-09-18,1.77497894735527,1.6535290509751235,1.866604899169914,1.2306225168042937,2.1461440914604233
2015-09-21,1.7739115884086578,1.6535290509751235,1.866604899169914,1.2306225168042937,2.1461440914604233
2015-09-22,1.7371973723533933,1.6535290509751235,1.866604899169914,1.2306225168042937,2.1461440914604233
2015-09-23,1.7447470638648832,1.6535290509751235,1.866604899169914,1.2306225168042937,2.1461440914604233
2015-09-24,1.7497615878600454,1.6535290509751235,1.866604899169914,1.2306225168042937,2.1461440914604233
2015-09-28,1.733572695206312,1.6535290509751235,1.866604899169914,1.2306225168042937,2.1461440914604233
2015-09-29,1.7441576819358688,1.6535290509751235,1.866604899169914,1.2306225168042937,2.1461440914604233
2015-09-30,1.7676405559974022,1.6535290509751235,1.866604899169914,1.2306225168042937,2.1461440914604233
2015-10-01,1.768085306988788,1.6535290509751235,1.866604899169914,1.2306225168042937,2.1461440914604233
2015-10-05,1.8055333187471252,1.6535290509751235,1.866604899169914,1.2306225168042937,2.1461440914604233
2015-10-06,1.8130051571187658,1.6535290509751235,1.866604899169914,1.2306225168042937,2.1461440914604233
2015-10-07,1.8184533567632433,1.6535290509751235,1.866604899169914,1.2306225168042937,2.1461440914604233
2015-10-08,1.8077682576279106,1.6535290509751235,1.866604899169914,1.2306225168042937,2.1461440914604233
2015-10-09,1.8211886405093376,1.6535290509751235,1.866604899169914,1.2306225168042937,2.1461440914604233
2015-10-12,1.8109371084415353,1.6535290509751235,1.866604899169914,1.2306225168042937,2.1461440914604233
2015-10-13,1.808290861759146,1.6535290509751235,1.866604899169914,1.2306225168042937,2.1461440914604233
2015-10-14,1.8029982598125827,1.6535290509751235,1.866604899169914,1.2306225168042937,2.1461440914604233
2015-10-15,1.8189203670205556,1.6535290509751235,1.866604899169914,1.2306225168042937,2.1461440914604233
2015-10-16,1.8319627767083757,1.6535290509751235,1.866604899169914,1.2306225168042937,2.1461440914604233
2015-10-19,1.840168302201304,1.6535290509751235,1.874032287385062,1.2306225168042937,2.1601073795107384
2015-10-20,1.8371886008571603,1.6535290509751235,1.8709977516205831,1.2306225168042937,2.153855804017763
2015-10-21,1.8349759212423014,1.6535290509751235,1.868744352822808,1.2306225168042937,2.1491227427582293
2015-10-23,1.8447048491788682,1.6535290509751235,1.8786523188783903,1.2306225168042937,2.1678791029967224
2015-10-26,1.836943857513756,1.6535290509751235,1.8707485043494974,1.2306225168042937,2.1521846471769823
2015-10-27,1.8307953053559878,1.6535290509751235,1.8644868024983434,1.2306225168042937,2.139711701992198
2015-10-28,1.8170746938390183,1.6535290509751235,1.8505136952805368,1.2306225168042937,2.1124108634095227
2015-10-29,1.803854427187358,1.6535290509751235,1.8495884384328967,1.2306225168042937,2.110637361505515
2015-10-30,1.7936362297275525,1.6535290509751235,1.8495884384328967,1.2306225168042937,2.110637361505515
2015-11-02,1.7903005972921582,1.6535290509751235,1.8495884384328967,1.2306225168042937,2.110637361505515
2015-11-03,1.7925022015649463,1.6535290509751235,1.8495884384328967,1.2306225168042937,2.110637361505515
2015-11-04,1.7879435039032407,1.6535290509751235,1.8495884384328967,1.2306225168042937,2.110637361505515
2015-11-05,1.7690971806432625,1.6535290509751235,1.8495884384328967,1.2306225168042937,2.110637361505515
2015-11-06,1.7688413619577876,1.6535290509751235,1.8495884384328967,1.2306225168042937,2.110637361505515
2015-11-09,1.7601465669416207,1.6535290509751235,1.8495884384328967,1.2306225168042937,2.110637361505515
2015-11-10,1.730826336118147,1.6535290509751235,1.8495884384328967,1.2306225168042937,2.110637361505515
2015-11-13,1.7261341914426687,1.6535290509751235,1.8495884384328967,1.2306225168042937,2.110637361505515
2015-11-16,1.7359965663930084,1.6535290509751235,1.8495884384328967,1.2306225168042937,2.110637361505515
2015-11-17,1.7428790228356343,1.6535290509751235,1.8495884384328967,1.2306225168042937,2.110637361505515
2015-11-18,1.719362814166104,1.6535290509751235,1.8495884384328967,1.2306225168042937,2.110637361505515
2015-11-19,1.7440354188459517,1.6535290509751235,1.8495884384328967,1.2306225168042937,2.110637361505515
2015-11-20,1.7471041572538006,1.6535290509751235,1.8495884384328967,1.2306225168042937,2.110637361505515
2015-11-23,1.745480859567956,1.6535290509751235,1.8495884384328967,1.2306225168042937,2.110637361505515
2015-11-24,1.7415559537853322,1.6535290509751235,1.8495884384328967,1.2306225168042937,2.110637361505515
2015-11-26,1.7531638895114336,1.6535290509751235,1.8495884384328967,1.2306225168042937,2.110637361505515
2015-11-27,1.766261893073177,1.6535290509751235,1.8495884384328967,1.2306225168042937,2.110637361505515
2015-11-30,1.7646051521975505,1.6535290509751235,1.8495884384328967,1.2306225168042937,2.110637361505515
2015-12-01,1.76897480897156,1.6535290509751235,1.8495884384328967,1.2306225168042937,2.110637361505515
2015-12-02,1.7637379094807049,1.6535290509751235,1.8495884384328967,1.2306225168042937,2.110637361505515
2015-12-03,1.7487942327374242,1.6535290509751235,1.8495884384328967,1.2306225168042937,2.110637361505515
2015-12-04,1.7305038482166784,1.6535290509751235,1.8495884384328967,1.2306225168042937,2.110637361505515
2015-12-07,1.7268346525377445,1.6535290509751235,1.8495884384328967,1.2306225168042937,2.110637361505515
2015-12-08,1.712669398611174,1.6535290509751235,1.8495884384328967,1.2306225168042937,2.110637361505515
2015-12-09,1.692833460962648,1.6535290509751235,1.8495884384328967,1.2306225168042937,2.110637361505515
2015-12-10,1.7085776026249957,1.6535290509751235,1.8495884384328967,1.2306225168042937,2.110637361505515
2015-12-11,1.6923776346291917,1.6535290509751235,1.8495884384328967,1.2306225168042937,2.110637361505515
2015-12-14,1.701183617393205,1.6535290509751235,1.8495884384328967,1.2306225168042937,2.110637361505515
2015-12-15,1.712491433065549,1.6535290509751235,1.8495884384328967,1.2306225168042937,2.110637361505515
2015-12-16,1.723610207850197,1.6535290509751235,1.8495884384328967,1.2306225168042937,2.110637361505515
2015-12-17,1.744391241355418,1.6535290509751235,1.8495884384328967,1.2306225168042937,2.110637361505515
2015-12-18,1.726067522226675,1.6535290509751235,1.8495884384328967,1.2306225168042937,2.110637361505515
2015-12-21,1.7421897456644144,1.6535290509751235,1.8495884384328967,1.2306225168042937,2.110637361505515
2015-12-22,1.731437868731303,1.6535290509751235,1.8495884384328967,1.2306225168042937,2.110637361505515
2015-12-23,1.7491945737787427,1.6535290509751235,1.8495884384328967,1.2306225168042937,2.110637361505515
2015-12-24,1.7481048469844191,1.6535290509751235,1.8495884384328967,1.2306225168042937,2.110637361505515
2015-12-28,1.7623591379746948,1.6535290509751235,1.8495884384328967,1.2306225168042937,2.110637361505515
2015-12-29,1.7632042300073991,1.6535290509751235,1.8495884384328967,1.2306225168042937,2.110637361505515
2015-12-30,1.7559325078655255,1.6535290509751235,1.8495884384328967,1.2306225168042937,2.110637361505515
2015-12-31,1.7670735419160997,1.6535290509751235,1.8495884384328967,1.2306225168042937,2.110637361505515
2016-01-04,1.7325941561598355,1.6535290509751235,1.8495884384328967,1.2306225168042937,2.110637361505515
2016-01-05,1.7311153808298343,1.6535290509751235,1.8495884384328967,1.2306225168042937,2.110637361505515
2016-01-06,1.7214087121591937,1.6535290509751235,1.8495884384328967,1.2306225168042937,2.110637361505515
2016-01-07,1.6830044206203056,1.6535290509751235,1.8495884384328967,1.2306225168042937,2.110637361505515
2016-01-08,1.690353995902029,1.6535290509751235,1.8495884384328967,1.2306225168042937,2.110637361505515
2016-01-11,1.6820149148135433,1.6535290509751235,1.8495884384328967,1.2306225168042937,2.110637361505515
2016-01-12,1.6701066418701145,1.6535290509751235,1.8495884384328967,1.2306225168042937,2.110637361505515
2016-01-13,1.6816924269120748,1.6535290509751235,1.8495884384328967,1.2306225168042937,2.110637361505515
2016-01-14,1.675999592505978,1.6535290509751235,1.8495884384328967,1.2306225168042937,2.110637361505515
2016-01-15,1.653984418432375,1.6535290509751235,1.8495884384328967,1.2306225168042937,2.110637361505515
2016-01-18,1.6346822688389404,1.6535290509751235,1.8495884384328967,1.2306225168042937,2.110637361505515
2016-01-19,1.6533840697430753,1.6535290509751235,1.8495884384328967,1.2306225168042937,2.110637361505515
2016-01-20,1.6254091672358302,1.6535290509751235,1.8495884384328967,1.2306225168042937,2.110637361505515
2016-01-21,1.618181963625809,1.6535290509751235,1.8495884384328967,1.2306225168042937,2.110637361505515
2016-01-22,1.6505710414389163,1.6535290509751235,1.8495884384328967,1.2306225168042937,2.110637361505515
2016-01-25,1.6536175205808388,1.6535290509751235,1.8495884384328967,1.2306225168042937,2.110637361505515
2016-01-27,1.6539733430903045,1.6535290509751235,1.8495884384328967,1.2306225168042937,2.110637361505515
2016-01-28,1.6510602023803698,1.6535290509751235,1.8495884384328967,1.2306225168042937,2.110637361505515
2016-01-29,1.6819481370157647,1.6535290509751235,1.8495884384328967,1.2306225168042937,2.110637361505515
2016-02-01,1.6802581701139263,1.6535290509751235,1.8495884384328967,1.2306225168042937,2.110637361505515
2016-02-02,1.6579315834809252,1.6535290509751235,1.8495884384328967,1.2306225168042937,2.110637361505515
2016-02-03,1.6370838807597103,1.6535290509751235,1.8495884384328967,1.2306225168042937,2.110637361505515
2016-02-04,1.6464681701106674,1.6535290509751235,1.8495884384328967,1.2306225168042937,2.110637361505515
2016-02-05,1.6653923465104952,1.6535290509751235,1.8495884384328967,1.2306225168042937,2.110637361505515
2016-02-08,1.6427433805578102,1.6535290509751235,1.8495884384328967,1.2306225168042937,2.110637361505515
2016-02-09,1.6229408860990664,1.6535290509751235,1.8495884384328967,1.2306225168042937,2.110637361505515
2016-02-10,1.6045949077043973,1.6535290509751235,1.8495884384328967,1.2306225168042937,2.110637361505515
2016-02-11,1.5513693110939306,1.6535290509751235,1.8495884384328967,1.2306225168042937,2.110637361505515
2016-02-12,1.5523922600904752,1.6535290509751235,1.8495884384328967,1.2306225168042937,2.110637361505515
2016-02-15,1.5928646003065938,1.6535290509751235,1.8495884384328967,1.2306225168042937,2.110637361505515
2016-02-16,1.5673580875178974,1.6535290509751235,1.8495884384328967,1.2306225168042937,2.110637361505515
2016-02-17,1.5807451357913276,1.6535290509751235,1.8495884384328967,1.2306225168042937,2.110637361505515
2016-02-18,1.599268971149837,1.6535290509751235,1.8495884384328967,1.2306225168042937,2.110637361505515
2016-02-19,1.603494105568003,1.6535290509751235,1.8495884384328967,1.2306225168042937,2.110637361505515
2016-02-22,1.6087865989327814,1.6535290509751235,1.8495884384328967,1.2306225168042937,2.110637361505515
2016-02-23,1.5809896619711616,1.6535290509751235,1.8495884384328967,1.2306225168042937,2.110637361505515
2016-02-24,1.5607869350528845,1.6535290509751235,1.8495884384328967,1.2306225168042937,2.110637361505515
2016-02-25,1.5500906519936961,1.6535290509751235,1.8495884384328967,1.2306225168042937,2.110637361505515
2016-02-26,1.5632441408475777,1.6535290509751235,1.8495884384328967,1.2306225168042937,2.110637361505515
2016-02-29,1.5537486637487743,1.6535290509751235,1.8495884384328967,1.2306225168042937,2.110637361505515
2016-03-01,1.6060624991105428,1.6535290509751235,1.8495884384328967,1.2306225168042937,2.110637361505515
2016-03-02,1.638651693153417,1.6535290509751235,1.8495884384328967,1.2306225168042937,2.110637361505515
2016-03-03,1.6623902773186403,1.6535290509751235,1.8495884384328967,1.2306225168042937,2.110637361505515
2016-03-04,1.6645584384016465,1.6535290509751235,1.8495884384328967,1.2306225168042937,2.110637361505515
2016-03-08,1.6645472544777908,1.6535290509751235,1.8495884384328967,1.2306225168042937,2.110637361505515
2016-03-09,1.6748877150275134,1.6535290509751235,1.8495884384328967,1.2306225168042937,2.110637361505515
2016-03-10,1.6647362953654867,1.6535290509751235,1.8495884384328967,1.2306225168042937,2.110637361505515
2016-03-11,1.6700844911859736,1.6535290509751235,1.8495884384328967,1.2306225168042937,2.110637361505515
2016-03-14,1.6764332681552934,1.6535290509751235,1.8495884384328967,1.2306225168042937,2.110637361505515
2016-03-15,1.6590546448832457,1.6535290509751235,1.8495884384328967,1.2306225168042937,2.110637361505515
2016-03-16,1.6675382483275751,1.6535290509751235,1.8495884384328967,1.2306225168042937,2.110637361505515
2016-03-17,1.6706069867354238,1.6535290509751235,1.8495884384328967,1.2306225168042937,2.110637361505515
2016-03-18,1.6910211223891085,1.6535290509751235,1.8495884384328967,1.2306225168042937,2.110637361505515
2016-03-21,1.7132364126924782,1.6535290509751235,1.8495884384328967,1.2306225168042937,2.110637361505515
2016-03-22,1.7156046900052513,1.6535290509751235,1.8512204065520572,1.2306225168042937,2.1133946783919004
2016-03-23,1.715960512514717,1.6535290509751235,1.8516043562430735,1.2306225168042937,2.1137604759761843
2016-03-28,1.693411658967808,1.6535290509751235,1.8272730530742394,1.2306225168042937,2.0667504558977523
2016-03-29,1.6893866407794085,1.6535290509751235,1.8229298638474218,1.2306225168042937,2.05813988948768
2016-03-30,1.7201189777168895,1.6535290509751235,1.8560915412496468,1.2306225168042937,2.1206466440715417
2016-03-31,1.7208305141540359,1.6535290509751235,1.8568593234666835,1.2306225168042937,2.1217481250496415
2016-04-01,1.7151932736218625,1.6535290509751235,1.850776468383226,1.2306225168042937,2.1097055230427935
2016-04-04,1.7253669525498152,1.6535290509751235,1.861754359823402,1.2306225168042937,2.1303480923657743
2016-04-05,1.6907654122854188,1.6535290509751235,1.824417624963236,1.2306225168042937,2.0582371599315694
2016-04-06,1.6932448773460385,1.6535290509751235,1.8270930876407936,1.2306225168042937,2.0629448107071586
2016-04-07,1.6781456029048434,1.6535290509751235,1.810800240499192,1.2306225168042937,2.0316942048735167
2016-04-08,1.680091388492157,1.6535290509751235,1.8098948403789425,1.2306225168042937,2.0299884696857657
2016-04-11,1.7059313559426077,1.6535290509751235,1.8098948403789425,1.2306225168042937,2.0299884696857657
2016-04-12,1.7142816209549494,1.6535290509751235,1.8178490428354392,1.2306225168042937,2.0446131607848104
2016-04-13,1.745747753595503,1.6535290509751235,1.8512161853184226,1.2306225168042937,2.1072716969695247
2016-04-18,1.7600353791937757,1.6535290509751235,1.8663669902974451,1.2306225168042937,2.13586148362672
2016-04-20,1.7600464545358463,1.6527126915813053,1.8663787347504779,1.2300450154810647,2.1355099098044175
2016-04-21,1.7594459972647614,1.6521488522859749,1.865742001169389,1.2296459793820047,2.1339125018581915
2016-04-22,1.7566107096946761,1.6494864704270833,1.8627354211930072,1.2277670513187973,2.127764644813447
2016-04-25,1.7467705940102627,1.6402464392697538,1.8523008200985052,1.2210883730250286,2.1073780304414473
2016-04-26,1.7706982190631821,1.639426316050119,1.8776740200255653,1.220496669091505,2.155480710030426
2016-04-27,1.7745341963638857,1.6421581974364605,1.8817417458759644,1.2224318697687588,2.162943904540866
2016-04-28,1.7450361085765718,1.6148605963150535,1.8504615466402208,1.2030862262677002,2.1021926786484815
2016-04-29,1.7456031226578748,1.6140531660168962,1.8510628165788185,1.20251355013508,2.102971386595344
2016-05-02,1.7358408601133108,1.6140531660168962,1.840710772080635,1.20251355013508,2.0828550753097805
2016-05-03,1.7227429651333526,1.6140531660168962,1.826821574669061,1.20251355013508,2.056100551614858
2016-05-04,1.7137478328998583,1.6140531660168962,1.8172830062559395,1.20251355013508,2.0377137461048354
2016-05-05,1.7201856469328836,1.6140531660168962,1.8241097574354617,1.20251355013508,2.050210194731852
2016-05-06,1.719729820599427,1.6140531660168962,1.8236263925939769,1.20251355013508,2.0489388236892623
2016-05-09,1.7492167244628853,1.6140531660168962,1.8548947322349916,1.20251355013508,2.1075702899150612
2016-05-10,1.7540533914942071,1.6177090728289887,1.8600236039594076,1.2052965155474282,2.1169862632371212
2016-05-11,1.7453919310860373,1.609720876372603,1.8508388659793213,1.1989202238838084,2.0990624979683687
2016-05-12,1.7568553444562953,1.620293227194181,1.8629948354349948,1.2071410105747908,2.1218436630215574
2016-05-13,1.7378422395745472,1.602758029908281,1.8428330638286692,1.1926087410468218,2.082914049105345
2016-05-16,1.7480381777684262,1.601956650893327,1.8536449842622718,1.1919485889241808,2.1030689034697527
2016-05-17,1.754709442639215,1.6072694275565012,1.8607192900890528,1.196554870759168,2.116177531039906
2016-05-18,1.750128485711583,1.6030733869814522,1.8558615770596574,1.1927102355653132,2.106530290178644
2016-05-19,1.730837411460219,1.5854032513364849,1.8354050427105493,1.1768379761064014,2.0671727035419156
2016-05-20,1.7233434224044373,1.5846105497108167,1.8274583082501499,1.176130441818048,2.051782053618732
2016-05-23,1.7191960325443354,1.5846105497108167,1.8230603560144771,1.176130441818048,2.0431314376996395
2016-05-24,1.723154381516741,1.5846105497108167,1.8272578465567182,1.176130441818048,2.050672469265169
2016-05-25,1.764527299057702,1.5846105497108167,1.8711302871357927,1.176130441818048,2.132987739758847
2016-05-26,1.794492397102328,1.6107280069032186,1.9029057108077503,1.195638030393477,2.1934358557499847
2016-05-27,1.8138390652276153,1.62809348598799,1.9234211977054148,1.2087121072462486,2.2327591483066933
2016-05-30,1.8186979915248636,1.632454835572471,1.928573673477593,1.2119065784631766,2.2424111077075057
2016-05-31,1.81460630412047,1.6287821560401465,1.9242347889321731,1.209142819995902,2.2335471907656825
2016-06-01,1.8190204794263323,1.6327442992088854,1.928915644315899,1.2121569124144742,2.242279102828033
2016-06-02,1.8276931237583578,1.6405288243158522,1.9381122418907144,1.2182238469858195,2.259837246685751
2016-06-03,1.8281044315599617,1.6408980122804104,1.9385483986366754,1.2184953105137608,2.2602953214946933
2016-06-06,1.8237125155200258,1.6369558489249594,1.9338911473007114,1.2153882582127882,2.250781342830787
2016-06-07,1.8382559598037733,1.6500099766897218,1.949313226116451,1.2262219219525787,2.2805259748618467
2016-06-08,1.839723551209919,1.6513272798916672,1.9508694812849858,1.2272674412344065,2.2831836470462075
2016-06-09,1.824279529601329,1.637464798120029,1.9344924172393094,1.2155186383266319,2.250600297371252
2016-06-10,1.8168188751535441,1.6307681494809605,1.9265810312797045,1.210018075513138,2.2347511219283667
2016-06-13,1.8035987170836687,1.6189017972505355,1.9125621843179847,1.1998207728819692,2.2070549555149195
2016-06-14,1.8032095599662061,1.6185524916367615,1.9121495164780893,1.199476156030439,2.2058687266963157
2016-06-15,1.8249466560884078,1.638063607743642,1.9351998478219874,1.2156390953861609,2.250131991384762
2016-06-16,1.8103033165624545,1.6249198144753436,1.9196718386455605,1.2049969045147266,2.2194211823650627
2016-06-17,1.8168523183433263,1.6307981679321444,1.9266164949221958,1.2097998326656092,2.232514168261798
2016-06-20,1.8320405212664412,1.6444310280447278,1.9427222851311552,1.2212008008702318,2.2634605886925816
2016-06-21,1.8279044239119802,1.6407184863483315,1.9383363076319082,1.2180373190245148,2.254483609414778
2016-06-22,1.8243018974490404,1.6374848753958209,1.934516136428768,1.2153026320008558,2.246627911766664
2016-06-23,1.8391454617865455,1.650808389521206,1.9502564668933555,1.2286061818238487,2.276928537446886
2016-06-24,1.7987064561784238,1.614510526677375,1.9073743600450126,1.186388910731376,2.192464329883449
2016-06-27,1.8000629684185079,1.6157281257378886,1.9088128252581307,1.1872423292080685,2.1948566549274604
2016-06-28,1.8074346943843724,1.6223449525863094,1.9166299101683841,1.19322648750095,2.209565016851794
2016-06-29,1.8243685666650344,1.6375447173731807,1.9345868334303573,1.206987210895583,2.2439382801147003
2016-06-30,1.8429925144293198,1.6542614860323719,1.9543359371967874,1.221619388618754,2.282009107889063
2016-07-01,1.852020872689026,1.662365298301929,1.9639097389690072,1.2284720569724534,2.300380297777215
2016-07-04,1.8614386052297647,1.6708186111102676,1.973896438864515,1.2355958962668931,2.3196192316692383
2016-07-05,1.8537110567544344,1.6638823996367527,1.9657020346151606,1.2296712312642872,2.303043535060341
2016-07-07,1.8541447324037497,1.6642716648771025,1.9661619105505799,1.2299464660506636,2.303544815731641
2016-07-08,1.8508757691843494,1.6613374587363983,1.9626954546387787,1.2273844852520477,2.2963218980408273
2016-07-11,1.8830535468438345,1.6902200819003246,1.9968172357999638,1.252786055335199,2.362953597474305
2016-07-12,1.8948726741417732,1.7008288754436602,2.0093504094530417,1.2612891319602577,2.387443221993549
2016-07-13,1.8945280355561631,1.700519529456462,2.00898494970867,1.2609736831638954,2.38629588834175
2016-07-14,1.9046461206101928,1.7096014754145896,2.019714313545954,1.2684918354021064,2.4072774376819805
2016-07-15,1.899398145777267,1.7048909176788387,2.014149285075577,1.264362797823658,2.395718273712022
2016-07-18,1.8921264236353934,1.6983638537964576,2.0064382456677072,1.2584704123586008,2.379897919100859
2016-07-19,1.8965404903594705,1.7023258995026926,2.0111189859097367,1.2618689204985993,2.3888034849740882
2016-07-20,1.904835052916104,1.7097710601712772,2.0199146600976894,1.268423908269058,2.405927679169828
2016-07-21,1.8924376190312215,1.6986431813324725,2.0067682417695885,1.2583797956276572,2.379213222504533
2016-07-22,1.8993536272454146,1.7048509580522633,2.0141020769800537,1.2637287887607553,2.393396375130985
2016-07-25,1.9203570362463283,1.7237035200206747,2.0363743958813805,1.280395012374053,2.4374179187941474
2016-07-26,1.9103501389401452,1.7147213756664825,2.025762937141209,1.2692172060887872,2.4156639060731275
2016-07-27,1.9159427523586812,1.719741279389432,2.0316934253559578,1.2746930701553103,2.4271154222834266
2016-07-28,1.9271727148911755,1.7298212413869143,2.043601840164372,1.2859814207403812,2.4505776935720314
2016-07-29,1.9209907195436253,1.7242723111931038,2.037046362821567,1.2792858173029724,2.4369488528171748
2016-08-01,1.92055704389431,1.7238830459527539,2.0365864868861476,1.2786006109473318,2.4355981872630252
2016-08-02,1.917521748676243,1.72115857912032,2.033367815904998,1.2751427583943644,2.428708116430213
2016-08-03,1.9001651675065516,1.7055793928059872,2.014962646018942,1.256340633967378,2.391369410347993
2016-08-04,1.9015550143546327,1.7068269128551807,2.016436459732855,1.2575149841179674,2.3938875215851363
2016-08-05,1.9309198722917438,1.733184672394544,2.0475753801071166,1.286934308725566,2.455541649489552
2016-08-08,1.9371906875394294,1.7388133269164985,2.0542250433575764,1.2924272179347362,2.4685018093260425
2016-08-09,1.9298301454974203,1.7322065387059733,2.0464198180420516,1.2842434417689776,2.452320356633214
2016-08-10,1.9069365447831161,1.7116573494706586,2.0221431124898035,1.2597092779586683,2.4030418021502418
2016-08-11,1.9106837021836844,1.7150207804782887,2.026116652432548,1.26302585955361,2.4105497095115727
2016-08-16,1.9218912968684674,1.7250806651999793,2.038001348051504,1.273668147017725,2.4338697602544515
2016-08-17,1.9177773501981477,1.721388005854367,2.0336388594583226,1.2695849136849768,2.424695382521053
2016-08-18,1.9287182680189552,1.7312085226666187,2.045240767070922,1.2799422297999659,2.4474978003569037
2016-08-19,1.927306270486733,1.7299411202666415,2.043743464450944,1.278445368688265,2.444060425423475
2016-08-22,1.9189115955243237,1.7224060991695136,2.0348416296189114,1.2702652346510788,2.4257572012879747
2016-08-23,1.9196786172536084,1.7230945742966621,2.035654990562277,1.2708417335372522,2.4269603863942946
2016-08-24,1.923614706960088,1.7266275900609793,2.0398288770567565,1.2745217358224585,2.4348909441896978
2016-08-25,1.9106947775257552,1.7150307216536809,2.026128396885581,1.260615851757896,2.407004149330496
2016-08-26,1.9063250121699604,1.7111084406490138,2.0214946344556823,1.2558854790490186,2.397339214249286
2016-08-29,1.9140860038350729,1.7180746705737127,2.029724502347528,1.2637572571764708,2.413307535758272
2016-08-30,1.944529078897297,1.7454002327762397,2.062006779767036,1.2956856057423034,2.4773348053557247
2016-08-31,1.9538356236901895,1.753753743980643,2.071875574565431,1.3039264684993324,2.4968095057198263
2016-09-01,1.9512672301476497,1.751448365914735,2.069152012878799,1.3014644164479627,2.4908609863734514
2016-09-02,1.959050372496903,1.758434478190218,2.07740536967671,1.308413107515446,2.507107536915547
2016-09-06,1.9887040579821311,1.7850514879898045,2.108850566963394,1.336759367743552,2.570390348892127
2016-09-07,1.9831335952477365,1.780051466617639,2.10294356765471,1.3316632261284078,2.5578507260044625
2016-09-08,1.9908166251912143,1.7869477184645783,2.1110907638085408,1.3388266890535714,2.5740421155368876
2016-09-09,1.9717368510934723,1.7698218022142533,2.090858295200626,1.3203141231850448,2.5321682808196964
2016-09-12,1.9381357833961244,1.7396616405499499,2.055227236683037,1.2895933420757995,2.459267783769938
2016-09-14,1.9405819138487468,1.74185727583653,2.0578211488195235,1.2914817406518444,2.4640487515447353
2016-09-15,1.9441288464377635,1.7450409859870732,2.061582367474107,1.2943568795822684,2.47117941400063
2016-09-16,1.952423408994397,1.7524861466556578,2.07037804166206,1.301265484401231,2.4884499056117533
2016-09-19,1.9587724031272868,1.7581849741803792,2.0771106069339274,1.3065346874349482,2.5016016108090904
2016-09-20,1.9515451995172657,1.7516978699245735,2.0694467756215813,1.300275681575026,2.4856649712079153
2016-09-21,1.9518231688868817,1.751947373934412,2.069741538364364,1.300413939620839,2.4858240433736865
2016-09-22,1.971903632715242,1.7699715046201563,2.091035152846296,1.3174702439686252,2.5283310580014184
2016-09-23,1.9639202655544368,1.7628056714875866,2.0825694747602244,1.3107777947047614,2.5107004725982596
2016-09-26,1.9397925242717506,1.7411487234335898,2.0569840686867,1.2910627962726278,2.4584676798812994
2016-09-27,1.9360901025666049,1.7378254469775434,2.053057967122872,1.288109861067199,2.4501578948979974
2016-09-28,1.9447071530247069,1.7455600712825423,2.0621956121491305,1.2947194885697708,2.4680396275497842
2016-09-29,1.9104834773721324,1.7148410596212018,2.025904331144387,1.2682066079119578,2.3946770261105623
2016-09-30,1.91490883660185,1.7188132414278365,2.030597046122842,1.2674702767933141,2.4035715305591685
2016-10-03,1.943139232049215,1.744152712727046,2.060532966053122,1.2674702767933141,2.4626494259258136
2016-10-04,1.9500441649213371,1.7503505482714445,2.0678550568105547,1.2715331926993565,2.4769120862496243
2016-10-05,1.9444402589971608,1.7453205084480954,2.0619125938593803,1.2676570829621239,2.4645262115680384
2016-10-06,1.9367904550798951,1.738454080127332,2.053800631064648,1.2618015302618892,2.4478138222989996
2016-10-07,1.9341330244736503,1.7360687828082728,2.0509826531869684,1.2597610541014286,2.441745530985843
2016-10-10,1.9366236734581252,1.7383043777214287,2.053623773418978,1.259036927978434,2.4465975144172503
2016-10-13,1.9065028691338,1.7112680842303085,2.0216832365543835,1.2348583771379698,2.38227390431755
2016-10-14,1.90873791659637,1.7132742524094176,2.024053313233069,1.2341216823664347,2.386546073338857
2016-10-17,1.8947282603677138,1.7006992503135485,2.0091972709968293,1.2341216823664347,2.3567153614664416
2016-10-18,1.9297524009393547,1.7321367555532214,2.046337376587429,1.2341216823664347,2.4294519629720432
2016-10-19,1.9255715678894711,1.7283840593052417,2.0419039607092655,1.2341216823664347,2.4201884166273158
2016-10-20,1.9345334740967532,1.7364282245224467,2.0514072957632887,1.2341216823664347,2.4386780240698434
2016-10-21,1.933121259400961,1.7351606271974616,2.049909762859918,1.2341216823664347,2.4352615877395607
2016-10-24,1.936657116647907,1.7383343961726123,2.053659237061469,1.2341216823664347,2.442314360841147
2016-10-25,1.9327321022834982,1.7348113215836871,2.049497095020022,1.2341216823664347,2.433575153452405
2016-10-26,1.9158204892687627,1.7196315366101036,2.031563775805811,1.2341216823664347,2.3973934808480184
2016-10-27,1.9158204892687627,1.7196315366101036,2.031563775805811,1.2341216823664347,2.3969735261594707
2016-10-28,1.9208795317957776,1.7241725095891676,2.036928457724453,1.2341216823664347,2.4071818523304027
2016-11-01,1.9182666197213853,1.721827171896684,2.0341576879422973,1.2341216823664347,2.4012620298859626
2016-11-02,1.8933049703298508,1.6994217118131711,2.0076879936404253,1.2341216823664347,2.3483742896702693
2016-11-03,1.8868450056126844,1.693623277609522,2.006684149643605,1.2341216823664347,2.346402681615134
2016-11-04,1.8754593368004908,1.6834035543815282,2.006684149643605,1.2341216823664347,2.346402681615134
2016-11-07,1.8895356622451411,1.6960383984547571,2.006684149643605,1.2341216823664347,2.346402681615134
2016-11-08,1.8998761227948637,1.7053199476207557,2.006684149643605,1.2341216823664347,2.346402681615134
2016-11-09,1.875070179683028,1.683054248767754,2.006684149643605,1.2341216823664347,2.346402681615134
2016-11-10,1.895917882404243,1.7017670495056547,2.006684149643605,1.2341216823664347,2.346402681615134
2016-11-11,1.8448937814847797,1.6559680544746662,2.006684149643605,1.2341216823664347,2.346402681615134
2016-11-15,1.8031206314842854,1.6184726698461134,2.006684149643605,1.2341216823664347,2.346402681615134
2016-11-16,1.8038210925793612,1.6176634335111904,2.006684149643605,1.2341216823664347,2.346402681615134
2016-11-17,1.7967829298570361,1.6176634335111904,2.006684149643605,1.2341216823664347,2.346402681615134
2016-11-18,1.7954820114908754,1.6176634335111904,2.006684149643605,1.2341216823664347,2.346402681615134
2016-11-21,1.7632375646153964,1.6176634335111904,2.006684149643605,1.2341216823664347,2.346402681615134
2016-11-22,1.77951538575105,1.6176634335111904,2.006684149643605,1.2341216823664347,2.346402681615134
2016-11-23,1.7864090261175316,1.6176634335111904,2.006684149643605,1.2341216823664347,2.346402681615134
2016-11-24,1.771332010942263,1.6176634335111904,2.006684149643605,1.2341216823664347,2.346402681615134
2016-11-25,1.8044214412686612,1.6176634335111904,2.006684149643605,1.2341216823664347,2.346402681615134
2016-11-28,1.8072233942307494,1.6176634335111904,2.006684149643605,1.2341216823664347,2.346402681615134
2016-11-29,1.8106146205400668,1.6176634335111904,2.006684149643605,1.2341216823664347,2.346402681615134
2016-11-30,1.828927264326739,1.6176634335111904,2.006684149643605,1.2341216823664347,2.346402681615134
2016-12-01,1.8219002855282695,1.6106393263856957,2.006684149643605,1.2341216823664347,2.346402681615134
2016-12-02,1.7983061151371045,1.5897810505473797,2.006684149643605,1.2341216823664347,2.346402681615134
2016-12-05,1.807634810614138,1.588986160022106,2.006684149643605,1.2341216823664347,2.346402681615134
2016-12-06,1.8108369960357595,1.588986160022106,2.006684149643605,1.2341216823664347,2.346402681615134
2016-12-07,1.801697341446422,1.588986160022106,2.006684149643605,1.2341216823664347,2.346402681615134
2016-12-08,1.8338972697900484,1.588986160022106,2.006684149643605,1.2341216823664347,2.346402681615134
2016-12-09,1.8372107515413014,1.5910626438124786,2.006684149643605,1.2341216823664347,2.346402681615134
2016-12-12,1.8169856567753129,1.573547291954922,2.006684149643605,1.2341216823664347,2.346402681615134
2016-12-13,1.8283268070556538,1.5727605183089446,2.006684149643605,1.2341216823664347,2.346402681615134
2016-12-14,1.8195764181655638,1.564446891764786,2.006684149643605,1.2341216823664347,2.346402681615134
2016-12-15,1.8131608633984648,1.5636646683189037,2.006684149643605,1.2341216823664347,2.346402681615134
2016-12-16,1.8100142718507666,1.5636646683189037,2.006684149643605,1.2341216823664347,2.346402681615134
2016-12-19,1.8022088702355867,1.5636646683189037,2.006684149643605,1.2341216823664347,2.346402681615134
2016-12-20,1.7973276846724122,1.5636646683189037,2.006684149643605,1.2341216823664347,2.346402681615134
2016-12-21,1.7926355399969338,1.5636646683189037,2.006684149643605,1.2341216823664347,2.346402681615134
2016-12-22,1.7743563394000437,1.5636646683189037,2.006684149643605,1.2341216823664347,2.346402681615134
2016-12-23,1.7758351147300449,1.5636646683189037,2.006684149643605,1.2341216823664347,2.346402681615134
2016-12-26,1.7586010138138404,1.5636646683189037,2.006684149643605,1.2341216823664347,2.346402681615134
2016-12-27,1.7863090222935403,1.5636646683189037,2.006684149643605,1.2341216823664347,2.346402681615134
2016-12-28,1.786753773284926,1.5636646683189037,2.006684149643605,1.2341216823664347,2.346402681615134
2016-12-29,1.802042088613817,1.5636646683189037,2.006684149643605,1.2341216823664347,2.346402681615134
2016-12-30,1.8203212892107072,1.5636646683189037,2.006684149643605,1.2341216823664347,2.346402681615134
2017-01-02,1.8189203670205556,1.5636646683189037,2.006684149643605,1.2341216823664347,2.346402681615134
2017-01-03,1.8217556545906406,1.5636646683189037,2.006684149643605,1.2341216823664347,2.346402681615134
2017-01-04,1.8213664974731778,1.5636646683189037,2.006684149643605,1.2341216823664347,2.346402681615134
2017-01-05,1.8398903328316871,1.5636646683189037,2.006684149643605,1.2341216823664347,2.346402681615134
2017-01-06,1.8332190679608984,1.5572131387287158,2.006684149643605,1.22726143885748,2.346402681615134
2017-01-09,1.8314956578692778,1.5564345321593516,2.006684149643605,1.2264472366745274,2.346402681615134
2017-01-10,1.8431814467352285,1.5564345321593516,2.006684149643605,1.2264472366745274,2.346402681615134
2017-01-11,1.8636512848446214,1.5729416250061765,2.006684149643605,1.2446717016321032,2.346402681615134
2017-01-12,1.8695553108225553,1.5779246861031373,2.006684149643605,1.2498586679944261,2.346402681615134
2017-01-13,1.8680319083789165,1.5766389181406855,2.006684149643605,1.2483358174681753,2.346402681615134
2017-01-16,1.870800526733008,1.5789756616550545,2.006684149643605,1.2507533681903649,2.346402681615134
2017-01-17,1.8675094128294663,1.576197926306379,2.006684149643605,1.247521451604039,2.346402681615134
2017-01-18,1.8717345472476326,1.5797639849631808,2.006684149643605,1.251360595476776,2.346402681615134
2017-01-19,1.875759456854247,1.583161051736678,2.006684149643605,1.2550499182401806,2.346402681615134
2017-01-20,1.8566907580985759,1.5670668659566387,1.9852811473631475,1.2344998417065052,2.303969197720245
2017-01-23,1.866063972107462,1.5749779588711574,1.984288506789466,1.243169299647046,2.3020348705352687
2017-01-24,1.8848101829616646,1.5907999614118185,1.984288506789466,1.2625474040577844,2.3020348705352687
2017-01-25,1.9130407955725997,1.6146269005158613,2.013016957559323,1.2948320653016878,2.357594821279129
2017-01-27,1.9216022521567784,1.6218528614783279,2.0220258387735894,1.3035306034493943,2.374898253733381
2017-01-30,1.9197120604433884,1.6202575194476534,2.0200368649990113,1.3012878607827896,2.370559670251384
2017-01-31,1.9038232878434125,1.6068472253674262,2.0033177397442974,1.2835417349411962,2.3371994996500813
2017-02-01,1.9383138575235324,1.6359576352178182,2.0396107983150538,1.318332865346569,2.407887335479527
2017-02-02,1.9422831732562238,1.639307780166884,2.043787551836624,1.3216452890958803,2.4157451733380175
2017-02-03,1.9437731325100807,1.6405653217193263,2.045355376867344,1.322870268734301,2.41843369326287
2017-02-06,1.9571378129357992,1.6518452549973328,2.0594185000331415,1.3350353149906546,2.4459310196384942
2017-02-07,1.949855015451855,1.645698495996793,2.0517551010781485,1.3280592453162365,2.4302197145882327
2017-02-08,1.9500217970736247,1.6458392614700879,2.0519305987641405,1.3280768705279866,2.4301430492614133
2017-02-09,1.9521011382564957,1.6475942476768557,2.054118607023744,1.3298719478818692,2.4340684810900517
2017-02-10,1.955469996718102,1.6504376002643848,2.0576635231732197,1.3329286120538093,2.440695469379831
2017-02-13,1.958027314918571,1.6525960041882386,2.0603544876917668,1.3352439803688585,2.445627505872457
2017-02-14,1.9551920273484857,1.650202991142227,2.057371027029899,1.3323571390249225,2.439252731801046
2017-02-15,1.9401595307050696,1.6375154031312724,2.041552927004179,1.3178148680633917,2.40733478475335
2017-02-16,1.9520121011927904,1.6475190994424147,2.0540249168528364,1.3284742084238865,2.4316072828187405
2017-02-17,1.9617299537872865,1.655721071010734,2.064250627725838,1.3371613719320945,2.4515079235484314
2017-02-20,1.9745165447896318,1.6665130906300025,2.0777054503185743,1.3486067904855887,2.4779091964073654
2017-02-21,1.980887472443093,1.671890221736838,2.0844093248159097,1.3546564333486044,2.490900021808683
2017-02-22,1.9851238993668996,1.6754658113892273,2.088867148850201,1.3586912475886608,2.4994086694922273
2017-02-23,1.9879257437472029,1.6778305980252295,2.0918154185698254,1.3613534879311497,2.504894324664395
2017-02-27,1.9784081159642584,1.6697976183402146,2.0818003963250593,1.3499989285504683,2.4843182393896543
2017-02-28,1.9746053646897668,1.666588055576067,2.0777989119768696,1.345492649677439,2.4758649384468585
2017-03-01,1.9893266659373545,1.6790129913432306,2.0932895534296376,1.361636758866581,2.5064251286721118
2017-03-02,1.979086317793408,1.6703700279406049,2.0825140412122383,1.3491892614225753,2.484321677237127
2017-03-03,1.9785970482701696,1.6699570792279315,2.0819992022974723,1.3479918764853205,2.4828552201478225
2017-03-06,1.9932516803017637,1.6823257454634526,2.097419690378366,1.3676121922993376,2.5132985123318767
2017-03-07,1.9895714092807593,1.6792195573437558,2.093547087143327,1.36220921140464,2.505066325164676
2017-03-08,1.9845455927799562,1.674977714442113,2.0882586197645274,1.354975749089364,2.4940020040835402
2017-03-09,1.9851460500510414,1.6754845068036497,2.088890457136622,1.355446192267202,2.4948321977472907
2017-03-10,1.986824941610809,1.6769015092438087,2.0906570881397544,1.3573892480200307,2.4979380410597196
2017-03-14,2.0207261293619143,1.705514474439875,2.1263299634816266,1.4033613847460849,2.5690686970634258
2017-03-15,2.020236859838676,1.7051015257272015,2.12581512456686,1.402319854315557,2.567574190854509
2017-03-16,2.035558618357349,1.7180332538559018,2.141937603391723,1.4199782440670725,2.5998217776738706
2017-03-17,2.036970615889571,1.7192249948811138,2.1434233923947454,1.4213449340165434,2.602394511809822
2017-03-20,2.029587705999851,1.7129937399389217,2.1356546491256347,1.4116877286265137,2.5861006883175386
2017-03-21,2.0283980839633213,1.711989686211436,2.1344028570372684,1.4099248551872205,2.5831024309105928
2017-03-22,2.0081508385131914,1.694900794411122,2.1130974836603365,1.3846830465699116,2.5393549550347077
2017-03-23,2.0205704230822152,1.7053830566737913,2.126166119938845,1.3983154971875986,2.5652805749411742
2017-03-24,2.0253960147714665,1.7094559076921296,2.1312438986894087,1.4034289053208406,2.5751183527835053
2017-03-27,2.0114308770746625,1.6976691820525864,2.1165489381515163,1.3877158597705348,2.544853576044054
2017-03-28,2.0237948677697633,1.7081045224908242,2.129559075201361,1.4005653733906445,2.5706741340208574
2017-03-29,2.0333570140845603,1.7161750762930599,2.139620942531581,1.410551124335533,2.5906186130285773
2017-03-30,2.0400172036132784,1.7217963475176412,2.1466291958280594,1.4174592983036656,2.6044130006998074
2017-03-31,2.0400172036132784,1.7217963475176412,2.1466291958280594,1.4172229496034947,2.60395678211938
2017-04-03,2.0542713860217687,1.7338270299865532,2.161628306652482,1.4330425228505266,2.6340516495370716
2017-04-05,2.0603424107850428,1.7389510398451857,2.168016605232688,1.43955519577335,2.646661327051504
2017-04-06,2.0596307657661113,1.738350403834786,2.1672677694032654,1.4384820377153817,2.6446627174379658
2017-04-07,2.0454764785998263,1.7264040340191493,2.152373774380348,1.421993645087067,2.6136817210020955
2017-04-10,2.041729538362828,1.72324157636781,2.1484310177734347,1.4176309059416978,2.6051845787313312
2017-04-11,2.054082453715858,1.7336675690988368,2.161429500680069,1.4308352657670325,2.631194511815655
2017-04-12,2.046621799268073,1.727370696917791,2.153578949895873,1.4226021145554137,2.614686549520345
2017-04-13,2.034913642554411,1.717488887377145,2.1412589209341752,1.4067960885254842,2.5891123374511418
2017-04-17,2.032356324353942,1.7153304834532914,2.138567956415628,1.4032662132610827,2.5831952740067026
2017-04-18,2.0247623314741694,1.7089210722089607,2.1305770988876835,1.3928884991802817,2.566535466148918
2017-04-19,2.024395325040848,1.7086113148523616,2.130190912573456,1.3920813032367172,2.5653047403263614
2017-04-20,2.031711565714575,1.7147863002629111,2.1378895024706925,1.4013153031145722,2.5804227293541615
2017-04-21,2.0279311822877943,1.7115956162015622,2.1339115549215357,1.396084588232748,2.571908618043958
2017-04-24,2.049846243955621,1.7300921627348242,2.1569719051583895,1.4258129203506062,2.618127070191452
2017-04-25,2.06955970135066,1.7467305317052444,2.1777155945351017,1.4519561110629182,2.6599465526150046
2017-04-26,2.0796221925307665,1.7552233819273644,2.1883039549232985,1.464226726556442,2.681196800823572
2017-04-27,2.0774653239534007,1.7534029617701197,2.186034367661222,1.4609256927423122,2.676057838187367
2017-04-28,2.068992687269357,1.7462519657537174,2.177118948105251,1.4490476121678009,2.6572632434932673
2017-05-02,2.0711608483523634,1.7480819169065498,2.1794004180231497,1.4515786054148685,2.661473507905146
2017-05-03,2.0707495405507594,1.7477347687211067,2.1789676151360804,1.4506753592016557,2.660119814050478
2017-05-04,2.0814124890019507,1.7567344113047632,2.1901878128963714,1.4646300136439925,2.6826541740833076
2017-05-05,2.064823146725114,1.742732828921347,2.1727315059554457,1.441405247201519,2.6462822232622836
2017-05-08,2.0712164422262864,1.7481288387309815,2.179458917251814,1.4491708939310362,2.659576861574316
2017-05-09,2.071839050181513,1.74865432650694,2.180114062910329,1.4496465229889846,2.6604533892781728
2017-05-10,2.0919529571996547,1.7656306792439689,2.201279129543512,1.4762270459260496,2.7033563472792586
2017-05-11,2.0953109574827606,1.768464867412664,2.204812620062389,1.480069969324183,2.7101692363292194
2017-05-12,2.090529884325362,1.7644295905115461,2.199781686397279,1.4735381410246349,2.699310685974192
2017-05-15,2.1004255938836986,1.7727816752603713,2.210194549099483,1.48610958712278,2.720292754002758
2017-05-16,2.115291308905345,1.785328497798031,2.225837151439211,1.5059625259178038,2.7521441302522374
2017-05-17,2.1182933780972,1.7878622763173377,2.2289961097870705,1.5096261361075916,2.758220539848668
2017-05-18,2.0968786612946824,1.76978802620396,2.206462252608193,1.4792785922833465,2.7109166165797367
2017-05-19,2.096534022709072,1.7694971475501593,2.2060996030929982,1.4784060715690237,2.7096935893055605
2017-05-22,2.0988355222240664,1.771439637766277,2.208521379754646,1.4809042932505379,2.7142136632148204
2017-05-23,2.0872498457638913,1.761661202870082,2.196330231906099,1.4665283304724168,2.688580548280795
2017-05-24,2.0815569027760095,1.7568562980752598,2.190339773783331,1.4590105736456598,2.675796448955233
2017-05-25,2.114735370166113,1.7848592795537153,2.2252521591525705,1.503309667685429,2.7469427874726864
2017-05-26,2.133715031858079,1.8008783170993137,2.2452237044134393,1.5242026372452873,2.7878582628983506
2017-05-29,2.135894485446726,1.8027177992477337,2.24751705698716,1.5263176678064698,2.792151420979818
2017-05-30,2.1402640336389505,1.8064057446750317,2.2521149592525886,1.5309265887582832,2.8012536489804853
2017-05-31,2.139530237935878,1.80578641325021,2.2513428151367454,1.5298919067572905,2.799150286975367
2017-06-01,2.138384917267631,1.8048197503515682,2.250137639621221,1.5284007489247518,2.796143912482443
2017-06-02,2.1467018476719755,1.8118393286018866,2.2588892156344107,1.5374656348364695,2.8139149151735294
2017-06-05,2.1515050715135153,1.8158933009174265,2.263943457585942,1.5428702045802902,2.8239939532032063
2017-06-06,2.1430660951828235,1.8087707145994107,2.2550634574848254,1.5324644835365422,2.8049000636848493
2017-06-07,2.1490146396926098,1.813791349813592,2.2613228749518806,1.5391332425116664,2.8174817418760227
2017-06-08,2.145312000823894,1.8106662829910967,2.2574267349178085,1.5342007821231503,2.8088370972487433
2017-06-09,2.149981886233446,1.8146077162433514,2.2623406701255906,1.5396255231905904,2.8186116442408897
2017-06-12,2.1384518036471944,1.804876203171588,2.250208021505707,1.5250378472825217,2.792736472175215
2017-06-13,2.1363392364381113,1.803093173843187,2.2479850508164727,1.5221943130843154,2.787614670216136
2017-06-14,2.1388409607646572,1.8052046559426091,2.250617516106356,1.5249655617005902,2.7926076809792297
2017-06-15,2.129923573089228,1.7976782853307542,2.241234102721072,1.5135939782128387,2.772568244715383
2017-06-16,2.132147328046157,1.7995551583080183,2.2435740718676347,1.5161292393854782,2.7769431537408034
2017-06-19,2.1476024249968177,1.8125994255000037,2.2598368574362464,1.5367568320521658,2.810255784737704
2017-06-20,2.146701847671975,1.811839328601887,2.2588892156344107,1.5351863154121173,2.8077847342144624
2017-06-21,2.142276488442257,1.8081042780617809,2.254232585627706,1.5286851578189413,2.7975738395009264
2017-06-22,2.1414760235231904,1.8074286771053163,2.253390288139988,1.5272083577074993,2.795328564495784
2017-06-23,2.129234295918007,1.7970965280231528,2.240508803690682,1.5093000486811303,2.7680073617102985
2017-06-27,2.1151023765994332,1.7851690369103148,2.225638345466798,1.488876025051191,2.7366744017283495
2017-06-28,2.110621423495792,1.781387064545777,2.2209232162314287,1.4821834687903472,2.7264598030859806
2017-06-29,2.113478861750018,1.7837987730062108,2.2239299851797174,1.4858144304372582,2.732180166900093
2017-06-30,2.117214943808516,1.7869520662387157,2.2278613161560323,1.4906842531693973,2.739811384925739
2017-07-03,2.1381403910877954,1.80461336763942,2.2498803344201437,1.5197660412658995,2.784800273026044
2017-07-04,2.137762309312403,1.8042942625756098,2.2494824939627054,1.5188365656087475,2.7834856055505175
2017-07-05,2.143165990425028,1.8088550272526862,2.2551685732863307,1.5261232128787663,2.7948121701519693
2017-07-06,2.151382808423597,1.8157901095613525,2.2638148049854028,1.5374317682667078,2.8123147774133193
2017-07-07,2.1494370228362834,1.8141478457062463,2.2617673319821603,1.5342541947442265,2.807551190468681
2017-07-10,2.172842043757967,1.833901933791951,2.286395507249734,1.5672711585952643,2.8583922234346137
2017-07-11,2.1761776761933618,1.8367172432578474,2.289905460969578,1.5716715277843227,2.8652596082611357
2017-07-12,2.182860016406221,1.8423572098968506,2.296937022552477,1.5809162536771686,2.8795311313552694
2017-07-13,2.199671734178751,1.8565464795779931,2.314627326408059,1.6048599410414024,2.916265139910379
2017-07-14,2.1984818949786518,1.8555422425621309,2.3133753058070807,1.6027175681127688,2.913105545606727
2017-07-17,2.2050643399493053,1.8610978965478586,2.320301751588474,1.6118885362094926,2.9272407402154648
2017-07-18,2.1853174393644843,1.8444313011674287,2.2995228712695184,1.582603044379613,2.88271107915171
2017-07-19,2.201428370296583,1.8580290992570057,2.3164757649262766,1.6042284763405628,2.917891503719733
2017-07-20,2.195579938192572,1.8530929599844763,2.3103216917733387,1.5960688914635421,2.9043640803052675
2017-07-21,2.2049086336696058,1.8609664787817746,2.3201379080456923,1.6080286513041109,2.9245760932684397
2017-07-24,2.2162832271397286,1.8705667573758311,2.332106941635406,1.6226569597628064,2.949397074234666
2017-07-25,2.2158717021745544,1.8702194259020113,2.331673910235725,1.6216517793125467,2.9479608487327016
2017-07-26,2.228347097781071,1.8807487932774887,2.3448012742555093,1.6394009270540704,2.9753130206840908
2017-07-27,2.2283247299333597,1.88072991457469,2.3447777374564764,1.6389451535329196,2.974741682617577
2017-07-28,2.226979401617131,1.8795944430811207,2.3433621018253286,1.636543416920437,2.971204933410466
2017-07-31,2.2409000207820826,1.8913435946034434,2.358010217277767,1.656581021744059,3.0018703591016065
2017-08-01,2.249250394376209,1.8983913992637713,2.3667969842331997,1.6684997241937563,3.020127243263062
2017-08-02,2.2418785598285593,1.8921694920287901,2.359039895107299,1.6571324655682556,3.0029776195303284
2017-08-03,2.22679046931122,1.879434982193404,2.343163295852915,1.634399661272685,2.968515825760744
2017-08-04,2.2385207767090236,1.8893354871484722,2.355506633101034,1.6503530887969604,2.994253284238702
2017-08-07,2.236519397247787,1.8876463014689346,2.3534006608691276,1.6471624994432448,2.989233669057848
2017-08-08,2.218984959114255,1.872847048070181,2.3349498670409123,1.6208266969752008,2.949358448381495
2017-08-09,2.203307486667901,1.8596150935804692,2.3184530845576443,1.5987445640692255,2.9138527265017355
2017-08-10,2.1837829615787734,1.843136185497766,2.297908201153345,1.573023265071319,2.8699856019908103
2017-08-11,2.159443920142465,1.822593774103935,2.272297193141693,1.5419741097231752,2.8157726369980915
2017-08-14,2.177979048006615,1.838237620342457,2.291800973085861,1.5406233109411216,2.8558614929805004
2017-08-16,2.2009169500892014,1.8575974551299101,2.315937617725089,1.5638731534590669,2.905864602626687
2017-08-17,2.2024403525328404,1.858883223092362,2.317540633698052,1.565256137871096,2.908732878279522
2017-08-18,2.1875967881953353,1.8463550959691242,2.3019213396447453,1.5488130987765294,2.875306283460005
2017-08-21,2.169128329547179,1.8307675192622446,2.2824877130724515,1.529028924272417,2.834042933596677
2017-08-22,2.171618978531654,1.8328696536544555,2.2851085242191242,1.5278855028893288,2.839010569386444
2017-08-23,2.1909545713148706,1.849189100849442,2.30545460165101,1.5278855028893288,2.880958021130705
2017-08-24,2.19196633638756,1.850043041396422,2.306519241910174,1.5276441705500226,2.8826872740543417
2017-08-28,2.2043637702724426,1.8605066082446693,2.3195645699022616,1.5398614981977266,2.9095588595878636
2017-08-29,2.1784014311502897,1.8385941162351112,2.292245430116141,1.514221680773239,2.8515090416527853
2017-08-30,2.1980484364929045,1.8551763989622652,2.31291919463359,1.5131590762934668,2.894192902329934
2017-08-31,2.2054980155986184,1.8614639234360997,2.3207580912745756,1.5186601162955151,2.910156363107356
2017-09-01,2.2180622311052707,1.8720682557576418,2.3339789169526552,1.529668486310783,2.9374839628471325
2017-09-04,2.204374845614513,1.86051595595188,2.3195762240454716,1.5176142288859875,2.9065321408435567
2017-09-05,2.2131254516681733,1.8679015610904404,2.3287841397447635,1.5251465566195985,2.9253966330784027
2017-09-06,2.2051199338232266,1.8611448183722896,2.3203602508171373,1.5179903675924507,2.907115660752173
2017-09-07,2.208166521546934,1.8637161710088168,2.323566054250451,1.5205455063919715,2.913350564610343
2017-09-08,2.2092560311776874,1.8646357287946502,2.3247125020246995,1.5213797740264305,2.915253884392528
2017-09-11,2.225100285245811,1.8780084487576572,2.34138478219396,1.535803769413692,2.949849542387793
2017-09-12,2.2444469533710985,1.894337243659855,2.3617425137690566,1.553916347591414,2.9923993272884175
2017-09-13,2.2413892903053205,1.8917565433161168,2.3585250561925326,1.5505785483881005,2.985029992669187
2017-09-14,2.243012587991165,1.893126623931844,2.3602331879670007,1.5520305402000327,2.9881371528270204
2017-09-15,2.2427459111271895,1.8929015458052738,2.359952574479503,1.5514306251642203,2.987017179718507
2017-09-18,2.257800558454747,1.9056078292306504,2.3757939827916434,1.5677061202449367,3.0201614884233265
2017-09-19,2.256566417886365,1.9045662013859441,2.3744953456178233,1.566025210253634,3.016860447372128
2017-09-20,2.255143345012072,1.9033651126535212,2.3729979024715906,1.5638538448141368,3.0131373723347097
2017-09-21,2.250862616719983,1.8997521321722879,2.3684934618644573,1.558313358448044,3.003005699498656
2017-09-22,2.215838476148342,1.8701913827803784,2.331638947806093,1.513569164679955,2.924017921970725
2017-09-25,2.195424231912872,1.8529615422183927,2.3101578482305567,1.4925467337230194,2.8782723941319555
2017-09-26,2.195179705733038,1.8527551595062444,2.3099005430294794,1.4914459276517897,2.8772299060976003
2017-09-27,2.1649922321927186,1.8272766088398844,2.2781354618648892,1.4914459276517897,2.810288208918108
2017-09-28,2.172375142082439,1.8335078637820768,2.276996394133957,1.4914459276517897,2.807928795048553
2017-09-29,2.176744690274664,1.8371958092093748,2.276996394133957,1.4914459276517897,2.807928795048553
2017-10-03,2.1925111997847226,1.850502911933528,2.292350544552449,1.4914459276517897,2.8392300208372316
2017-10-04,2.2048308891115407,1.860900861542922,2.3052312297411133,1.4914459276517897,2.865520760711011
2017-10-05,2.199004607691671,1.8559834176848147,2.299139639701863,1.4914459276517897,2.8523041949423282
2017-10-06,2.2192407777997305,1.873062961777918,2.3202972947101568,1.4914459276517897,2.895878432961969
2017-10-09,2.2212532326030376,1.8747614951646667,2.3224013897153277,1.4921380533847435,2.899780616901889
2017-10-10,2.227524265014293,1.8800543136182268,2.3289579831613536,1.4978210744966893,2.9130190710496136
2017-10-11,2.2203748059623365,1.874020093680972,2.321482962576457,1.4908165780603249,2.896809600475261
2017-10-12,2.245192041579813,1.8949661060802654,2.3474302889060072,1.5152698292916917,2.9506685311613987
2017-10-13,2.2609917771160832,1.9083012519260514,2.3639494895212243,1.5296715703238453,2.985017488736469
2017-10-16,2.275090253244875,1.9202005166288798,2.378689961284547,1.5422797619372368,3.015748435430373
2017-10-17,2.275890935327512,1.920876300873721,2.3795271036482104,1.5428517350215123,3.0170022946006405
2017-10-18,2.270642743331016,1.9164467706743518,2.3740399272167902,1.5379176584748424,3.004791803008405
2017-10-19,2.2563440423906727,1.904378514088219,2.3590901130994406,1.5248187956889796,2.9724933859922156
2017-10-23,2.264860980442999,1.9115669009334653,2.367994882928706,1.5322150672167247,2.990812752249531
2017-10-24,2.269942390817725,1.9158556656595398,2.373307683082585,1.536574617534467,3.0015560268213344
2017-10-25,2.2894334727170707,1.9323063473322335,2.3936863211530626,1.5562839206507226,3.0443066104097736
2017-10-26,2.3002076089161085,1.9413998335647533,2.4049510740926925,1.5677090779122576,3.067829483028153
2017-10-27,2.2955933173804794,1.9375053221369303,2.4001266637473946,1.562431847262951,3.056958467466057
2017-10-30,2.3046218928037554,1.9451255363976483,2.4095663691364075,1.5740069450670835,3.0766111517471564
2017-10-31,2.298317417202718,1.9398044915340786,2.4029748096138954,1.5649893100470973,3.0619401678264295
2017-11-01,2.3217113627823314,1.959549231912572,2.4274340342207856,1.5956319472782636,3.1137365382565028
2017-11-02,2.317997648571545,1.9564148173828657,2.4235512103637196,1.5904186718104592,3.1048280375906727
2017-11-03,2.324379868730647,1.9618014794852892,2.4302240546614398,1.5981930681011762,3.1186383808305265
2017-11-06,2.324224162450948,1.9616700617192053,2.430061258058579,1.5975665648858113,3.1177412946073204
2017-11-07,2.301619823611901,1.942591757878342,2.406427596140672,1.5660612452948857,3.0662811653990967
2017-11-08,2.291168175314332,1.9337704548852008,2.395500016081443,1.5532138433727234,3.0423639369116726
2017-11-09,2.2924579097566373,1.9348590045543388,2.3968484805506036,1.5543699743180985,3.044706663324676
2017-11-10,2.295304272668793,1.9372613653075617,2.3998244569434792,1.5573668060826307,3.0505210358538513
2017-11-13,2.2737783681184287,1.9190932715453206,2.3773183374660247,1.5294733238434504,3.0019493893520903
2017-11-14,2.2652501375604617,1.9118953537044867,2.368401760909634,1.5189483883879058,2.9825176305351517
2017-11-15,2.250006340763423,1.8990294261030167,2.3524638145528862,1.5001255567233611,2.9482941416212634
2017-11-16,2.271510094629646,1.9171788244508357,2.3749467746809794,1.4987697949024912,2.9950911341838586
2017-11-17,2.286820560642678,1.9301010215839483,2.3909544261382543,1.513627573377713,3.0284639310612502
2017-11-20,2.2901896362678547,1.9329445574598543,2.3944769177655583,1.5169919224253912,3.0354251992362156
2017-11-21,2.2964495933370395,1.9382280282062032,2.4010219315369037,1.5234959153233691,3.048825134541973
2017-11-22,2.2998740456725693,1.941118302618164,2.40460232153761,1.526945392992651,3.055925029563776
2017-11-23,2.301308411052503,1.9423289223461748,2.4061020029349507,1.528229757985223,3.0585899527497893
2017-11-24,2.3104147310338434,1.9500147538457464,2.4156229930991717,1.5384911817431979,3.0783764633812423
2017-11-27,2.312605042800991,1.951863400413001,2.417913044056564,1.540718847753354,3.0827375009624935
2017-11-28,2.3060894842099016,1.9463641992472926,2.411100789557789,1.532782694560287,3.0676137173202886
2017-11-29,2.3040991800907356,1.944684361274966,2.409019853901979,1.5301624483023122,3.062630791623379
2017-11-30,2.274134082046109,1.9193934979063323,2.3776902493704672,1.490829108168523,2.9952148952452884
2017-12-01,2.2508402488722714,1.8997332534694908,2.3533356959405904,1.464641279771196,2.94317493005427
2017-12-04,2.252163426504359,1.9008500295486386,2.3547191264862373,1.4634075170627798,2.9455645485488056
2017-12-05,2.2500508592952757,1.8990670002202377,2.3525103603040525,1.4634075170627798,2.940409163347496
2017-12-06,2.233561629424215,1.8851499137784737,2.335270268176866,1.4634075170627798,2.9037115464749537
2017-12-07,2.2608249954943136,1.9081604864527575,2.334102633042778,1.4634075170627798,2.901273697832171
2017-12-08,2.282829094225846,1.9267321812204612,2.3556528751431998,1.4634075170627798,2.9457438949382464
2017-12-11,2.2954154604166392,1.9373552089564254,2.368640754866628,1.4733768801606901,2.9724991455251284
2017-12-12,2.2771585190856753,1.921946155128438,2.3498014048485354,1.4564422702764483,2.9322801662458224
2017-12-13,2.2666623522562537,1.9130872780180763,2.3389704032495766,1.4469680560950093,2.9090717238024544
2017-12-14,2.27981573252835,1.9241888717055673,2.3525433851842243,1.4459659845702364,2.9369079062525216
2017-12-15,2.2978615908692617,1.9394197692314161,2.37116491852315,1.461378297145004,2.9754281928426116
2017-12-18,2.310203430880221,1.9498364142552318,2.3839004715174195,1.4724914291275264,3.0017411910741436
2017-12-19,2.3267593299672757,1.9638097702286386,2.400984514901853,1.4872788637052345,3.037336312776156
2017-12-20,2.3225341955491094,1.960243711571837,2.39662459585877,1.483363386559942,3.0275431021901915
2017-12-21,2.321666844250479,1.9595116577953533,2.3957295754713277,1.482448450740599,3.02511428120342
2017-12-22,2.333386076306212,1.9694028150432106,2.4078226588985476,1.4926417926265467,3.050224738695216
2017-12-26,2.3419475328903907,1.976628776005677,2.416657231696374,1.5000227806530182,3.068482563157272
2017-12-27,2.3328857314409026,1.968980518623326,2.407306352696077,1.491935857387539,3.0480087646793272
2017-12-28,2.330028293186676,1.9665688101628922,2.404357760242906,1.489303828744032,3.0412060632343905
2017-12-29,2.34176967592655,1.9764786628251712,2.4164737009759643,1.4993766565987057,3.066406137896734
2018-01-02,2.322089444557723,1.9598683369763839,2.396165657012129,1.4799157829230878,3.0225977892835956
2018-01-03,2.3223118200534163,1.9600560242741103,2.3963951264354493,1.479890788849534,3.022554356250234
2018-01-04,2.336010063722674,1.971617488498706,2.410530353275478,1.4932995999930458,3.0519614404330846
2018-01-05,2.3480294158321646,1.9817619502831432,2.4229331307876865,1.5049829788117042,3.077794305892782
2018-01-08,2.3624282291782834,1.993914702810928,2.437791275947667,1.519867533693448,3.1089468999779135
2018-01-09,2.3654081476859967,1.9964297859158124,2.4408662558566507,1.522865877959436,3.1149870975985836
2018-01-10,2.3643407887393844,1.995528923544401,2.4397648474429605,1.5211537559017763,3.112081267605059
2018-01-11,2.3685659231575507,1.9990949822012027,2.444124766486044,1.5259395401465252,3.120874351825145
2018-01-12,2.3752482633704104,2.004734948840206,2.4510202778385684,1.5340765145793662,3.13511202820818
2018-01-15,2.388657462327982,2.016052456235433,2.4648572392465278,1.5510017357145665,3.1642815699069327
2018-01-16,2.3795179163204296,2.0083385816142285,2.4554261355845624,1.538732705876154,3.143397664420983
2018-01-17,2.399109110625551,2.024873759228574,2.4756423021425755,1.5636733893934103,3.186303508776109
2018-01-18,2.40543573691073,2.030213499506566,2.482170752054281,1.5715171032464235,3.1998542411352937
2018-01-19,2.4227143563587865,2.0447968391975833,2.500000571064505,1.593688655718997,3.2378885133600503
2018-01-22,2.438614204300833,2.0582164809850214,2.5164076348318973,1.6141957815739483,3.2730022371622556
2018-01-23,2.4647433250447555,2.0802697384678743,2.543370292072017,1.6483708025136767,3.331314793323277
2018-01-24,2.4652547452521354,2.08070138259497,2.543898026927407,1.6486296826187379,3.3318919026393123
2018-01-25,2.4616189927629835,2.0776327685924936,2.540146291492616,1.6433416496908635,3.3230572489698247
2018-01-29,2.4751283041263306,2.0890347719293727,2.554086558959316,1.6609550181741735,3.353097138217627
2018-01-30,2.457171482849124,2.073879022637965,2.535556903026212,1.6364264547424257,3.3116626798428106
2018-01-31,2.4522902972859497,2.069759249795195,2.5305200043660876,1.62985115411294,3.3000362109804424
2018-02-01,2.44988868536518,2.067732263637425,2.5280417794124768,1.6261389776383954,3.2940314753050672
2018-02-02,2.392893672088219,2.019627862599445,2.4692285869425303,1.55005747681032,3.164777281328789
2018-02-05,2.3719793001510103,2.0019759089059517,2.4476470324975153,1.5318239745405153,3.1177769539991624
2018-02-06,2.3345535476585995,1.9703881733562723,2.4090273733709773,1.5014408228640173,3.034629305430535
2018-02-07,2.32976139915913,1.9663435487479435,2.4040823521166743,1.5005012698676128,3.023638118979149
2018-02-08,2.3520321747546378,1.9851403216422172,2.427063580407449,1.5005012698676128,3.0716414455484533
2018-02-09,2.3249247321278084,1.962261350022394,2.3990913921594608,1.4805483234351133,3.0116606076664247
2018-02-12,2.343782130729857,1.9781771962119183,2.4185503544387648,1.4797313640563337,3.0521498886999505
2018-02-14,2.335142929587614,1.970885618010598,2.4096355569792696,1.4797313640563337,3.0327246518439694
2018-02-15,2.3450607898300917,1.9792563981738454,2.4198698036228556,1.4797313640563337,3.053821624407415
2018-02-16,2.324335350198794,1.9617639053680687,2.398483208551169,1.4797313640563337,3.007968072916064
2018-02-19,2.3079019313652265,1.9478939240391129,2.3815255526225485,1.4797313640563337,2.9717315107437794
2018-02-20,2.3038991724427533,1.9445155526800377,2.3803347898462373,1.4797313640563337,2.9692365550588815
2018-02-21,2.3121381411254633,1.9514693304031259,2.3803347898462373,1.4797313640563337,2.9692365550588815
2018-02-22,2.3088581025639923,1.9487009427616613,2.3803347898462373,1.4797313640563337,2.9692365550588815
2018-02-23,2.3329524006568962,1.9690367881549669,2.3803347898462373,1.4797313640563337,2.9692365550588815
2018-02-26,2.3533108338548727,1.9862195236041444,2.3999165365264834,1.4797313640563337,3.009731309816443
2018-02-27,2.347017650759476,1.9809080097361624,2.3934987212677608,1.4797313640563337,2.995689526369918
2018-02-28,2.33335263311643,1.9693745886331993,2.3795630773478487,1.4797313640563337,2.965877833614357
2018-03-01,2.325680678515023,1.962899376861638,2.3717391849616325,1.4797313640563337,2.94898401844648
2018-03-05,2.3035543166935737,1.9442244907378603,2.349174625760806,1.4797313640563337,2.9013571694534113
2018-03-06,2.2791820492310535,1.9236540362223966,2.3480000384479256,1.4797313640563337,2.898921297458355
2018-03-07,2.258045301798152,1.9058143952311768,2.3480000384479256,1.4797313640563337,2.898921297458355
2018-03-08,2.277714457824908,1.922415373372753,2.3480000384479256,1.4797313640563337,2.898921297458355
2018-03-09,2.274200751262103,1.9194497674379745,2.3480000384479256,1.4797313640563337,2.898921297458355
2018-03-12,2.3174640776800244,1.9559644778413487,2.3480000384479256,1.4797313640563337,2.898921297458355
2018-03-13,2.3186758504006946,1.9569872269832562,2.3480000384479256,1.4797313640563337,2.898921297458355
2018-03-14,2.315129134975248,1.9539937612152214,2.3480000384479256,1.4797313640563337,2.898921297458355
2018-03-15,2.3038435785688303,1.944468630855606,2.3480000384479256,1.4797313640563337,2.898921297458355
2018-03-16,2.267151621779492,1.9135002267307486,2.3480000384479256,1.4797313640563337,2.898921297458355
2018-03-19,2.2447138473986445,1.8945625050748034,2.3480000384479256,1.4797313640563337,2.898921297458355
2018-03-20,2.2514072629535744,1.893615223822266,2.3480000384479256,1.4797313640563337,2.898921297458355
2018-03-21,2.2582787526359147,1.893615223822266,2.3480000384479256,1.4797313640563337,2.898921297458355
2018-03-22,2.2492725450603497,1.893615223822266,2.3480000384479256,1.4797313640563337,2.898921297458355
2018-03-23,2.2233212812802674,1.893615223822266,2.3480000384479256,1.4797313640563337,2.898921297458355
2018-03-26,2.252808402307296,1.893615223822266,2.3480000384479256,1.4797313640563337,2.898921297458355
2018-03-27,2.264705491326869,1.893615223822266,2.3480000384479256,1.4797313640563337,2.898921297458355
2018-03-28,2.2490390942225864,1.879569084675757,2.3480000384479256,1.4797313640563337,2.898921297458355
2018-04-02,2.270854043484638,1.8786293001334191,2.3480000384479256,1.4797313640563337,2.898921297458355
2018-04-03,2.2782369533743583,1.8837977099665122,2.3480000384479256,1.4797313640563337,2.898921297458355
2018-04-04,2.2523080574419874,1.8623579757426356,2.3480000384479256,1.4797313640563337,2.898921297458355
2018-04-05,2.296060436219577,1.8614267967547644,2.3480000384479256,1.4797313640563337,2.898921297458355
2018-04-06,2.297494584435941,1.8616587539369809,2.3480000384479256,1.4797313640563337,2.898921297458355
2018-04-09,2.3081130143552797,1.8702628625805084,2.3480000384479256,1.4797313640563337,2.898921297458355
2018-04-10,2.3132055000720766,1.8743893013012776,2.3480000384479256,1.4797313640563337,2.898921297458355
2018-04-11,2.3165189818233296,1.8770742139665866,2.3480000384479256,1.4797313640563337,2.898921297458355
2018-04-12,2.325747564894588,1.8845521303792863,2.3480000384479256,1.4797313640563337,2.898921297458355
2018-04-13,2.3306285332941923,1.8885071767199262,2.351753707348116,1.4822575013280792,2.906195244393999
2018-04-16,2.341246963213531,1.897111285363454,2.3624683843428773,1.4895261577381815,2.9279190203108034
2018-04-17,2.345772434849025,1.9007782728475524,2.3670348755465307,1.4926166397700047,2.936909093665045
2018-04-18,2.340768986195933,1.8967239808165708,2.361986074868371,1.4885523498424713,2.9258760459425917
2018-04-19,2.3494637812121,1.9037693690256179,2.3707596808385167,1.4955240700269028,2.943612554386427
2018-04-20,2.3491858118424838,1.9035441305794523,2.370479191911952,1.4951833365122553,2.942512138314902
2018-04-23,2.3537779526939713,1.9072651400971232,2.375112956631586,1.4988327988316865,2.951654964772632
2018-04-24,2.3603712558431256,1.9126076904596507,2.38176602249051,1.5042003558166754,2.9650210178527274
2018-04-25,2.350631252564488,1.9047153704995137,2.3719377343300874,1.4947730684898135,2.9439574031525457
2018-04-26,2.3611384947359806,1.9132293837645753,2.382540215754223,1.5047998775532863,2.9655379787762817
2018-04-27,2.377705469165106,1.926653595156048,2.399257355777463,1.5208912112906512,2.9999573423241945
2018-04-30,2.388168192804746,1.935131535076216,2.4098149151469537,1.5314471061516748,3.0215977188364596
2018-05-02,2.3834316381792,1.9312935071470605,2.4050354276646906,1.526012832060244,3.01100565142693
2018-05-03,2.3748925494427326,1.9243742876613736,2.396418939319816,1.5166639508273674,2.992364655886704
2018-05-04,2.361238607141757,1.9133105047987027,2.3826412355941815,1.4993844780766683,2.962952851660716
2018-05-07,2.3828646240978975,1.93083405591039,2.4044632740808938,1.526401220941294,3.0080002217806747
2018-05-08,2.383376044305277,1.9312484594578274,2.4049793298793776,1.5266627113582318,3.0085573321307386
2018-05-09,2.3886909055177665,1.935555088935529,2.410342365808079,1.533077758699842,3.019295571078124
2018-05-10,2.3830980749356607,1.9310232210116618,2.404698840952813,1.525503290018908,3.006896406876018
2018-05-11,2.4031007942059563,1.947231414791249,2.424882867934784,1.550718668347156,3.0487485040057876
2018-05-14,2.403122944890098,1.947249363479928,2.4249052193961194,1.5503472690200795,3.048261637313695
2018-05-15,2.402066661285556,1.9463934573844983,2.4238393614751743,1.5485844792985333,3.0454778891618246
2018-05-16,2.388557349922209,1.9354468689008477,2.410207599644143,1.5307664505439216,3.0161845419241073
2018-05-17,2.375570751271882,1.9249238342765103,2.3971032884742374,1.5137260397927332,2.9881201886418114
2018-05-18,2.3563797894262937,1.9093734071467412,2.377738376810624,1.4888784331555598,2.9470636297348816
2018-05-21,2.338656418986851,1.8950121686257122,2.3598543590264813,1.4669168303691231,2.9093276086477085
2018-05-22,2.3431039289007103,1.8986159837643628,2.358674431846968,1.471595501739404,2.9068850449671793
2018-05-23,2.3194541646356224,1.879452591184068,2.358674431846968,1.4443016227208012,2.9068850449671793
2018-05-24,2.3380225185259844,1.8944985193879333,2.358674431846968,1.4429897129248266,2.9068850449671793
2018-05-25,2.358325575013607,1.910950076269901,2.358674431846968,1.4617713563111645,2.9068850449671793
2018-05-28,2.376893928903969,1.9259960044737663,2.376066195257145,1.4792909805324699,2.9423662474275285
2018-05-29,2.3645853149192217,1.9160223404970298,2.3637618676453895,1.467354185139036,2.9162661871986457
2018-05-30,2.360371255843126,1.9126076904596514,2.3595492760805046,1.4631579446509568,2.907028520103555
2018-05-31,2.3874567649493845,1.9345550654280608,2.3866253528822936,1.488614037273338,2.962532344470278
2018-06-01,2.3785728204637366,1.9273564094950995,2.3777445021568164,1.4805362130157376,2.943502956136165
2018-06-04,2.3635179559726094,1.9151574600572607,2.3626948803977,1.4669416957834829,2.9117043572233996
2018-06-05,2.355657069065291,1.9087877871867107,2.3548367309792146,1.4595562556688106,2.8949334623410903
2018-06-06,2.3760044269211966,1.9252752414460361,2.3751770030360797,1.4778348490755486,2.9364136390374225
2018-06-07,2.3946170821798414,1.9403570670272592,2.393783176591512,1.4938360693129715,2.974523648957247
2018-06-08,2.3944615930637125,1.9402310742714353,2.3936277416231815,1.4935350446516515,2.973678284402965
2018-06-11,2.398753396697873,1.9437087206867256,2.397918050672232,1.4971129863238086,2.9821070962429865
2018-06-12,2.4111840566089673,1.9537812784187316,2.4103443817088506,1.5078754864964663,3.0075333851446193
2018-06-13,2.414264087522457,1.9562770259827686,2.4134233400270557,1.5103808908469536,3.013457423519127
2018-06-14,2.4034454327915666,1.9475106752709872,2.402608452803173,1.5006159344832992,2.990255099593396
2018-06-15,2.4055914431904317,1.9492495864624004,2.4047537158716707,1.5023536639554125,2.9942145022726447
2018-06-18,2.4016219102941703,1.9460330758706335,2.400785565332401,1.4983940093353079,2.9853937157861568
2018-06-19,2.3817416712773616,1.929924127781388,2.380912249444362,1.4786521612499979,2.943375180102128
2018-06-20,2.39543991494662,1.9410238080214166,2.394605722813587,1.4909782397772862,2.9712844963433307
2018-06-21,2.388557349922209,1.9354468689008482,2.387725554585507,1.4838368454152973,2.9564291825891162
2018-06-22,2.4065141711994156,1.949997272523149,2.4056761225482597,1.5017123787492694,2.9932315496116924
2018-06-25,2.3933051970533956,1.939294047141879,2.392471748318209,1.4878677069673478,2.9651202358629614
2018-06-26,2.3947951563072523,1.940501360406834,2.3939611887060823,1.4891415401094776,2.9677004047753766
2018-06-27,2.3730579516032657,1.9228877139166805,2.372231553803803,1.4657089086117658,2.9219492931661035
2018-06-28,2.3547562745768795,1.9080578738471055,2.3539362501850323,1.4644550807772847,2.8835985532643997
2018-06-29,2.382597730070352,1.9306177918085639,2.38176801012196,1.4644550807772847,2.9403419191144957
2018-07-02,2.3699223268158534,1.9203469186634103,2.3690970209717817,1.451177266200241,2.9135609631090857
2018-07-03,2.379395653230515,1.928023150489257,2.378567048378892,1.4500640795610789,2.9326063985102073
2018-07-04,2.394961937929022,1.9406365034745332,2.3941279122475314,1.4634146530164194,2.9643074828826292
2018-07-05,2.390480984825381,1.9370055893353286,2.389648519598738,1.4588425266214058,2.9544754635622748
2018-07-06,2.3955734705421774,1.9411320280560975,2.3947392318995138,1.4636720912102745,2.964526298117253
2018-07-09,2.4134191040715374,1.9555923362999321,2.412578650834633,1.4813324215887105,3.0010888183116022
2018-07-10,2.43440014522474,1.9725932638295007,2.4335523855138295,1.5014174723625708,3.0443714134968842
2018-07-11,2.434633596062503,1.9727824289307725,2.43378575505427,1.5013944724123096,3.044328339287284
2018-07-12,2.451289607555334,1.9862787870120326,2.450435966228893,1.5169060277606983,3.0787663905237035
2018-07-13,2.4503334363565683,1.98550400195073,2.4494801280088367,1.5157956096567955,3.076210565778861
2018-07-16,2.4320873532041047,1.970719209570388,2.431240398903882,1.4984643864693927,3.0372086459353023
2018-07-17,2.4479205319301576,1.9835488266574905,2.4470680638564306,1.512459785506876,3.069877282934434
2018-07-18,2.4417830551144597,1.9785756321531676,2.440932724366259,1.5064868188297376,3.056415531976329
2018-07-19,2.436590456991887,1.9743680723982715,2.4357419345230245,1.50141289708894,3.04496640319621
2018-07-20,2.448398726111325,1.9839363071719098,2.4475460915104312,1.5122983473432663,3.0692111961358832
2018-07-23,2.464976775882521,1.9973694929077217,2.4641183681129437,1.5279778661027714,3.1035684077998833
2018-07-24,2.475995438261393,2.006297909720221,2.475133193333799,1.5384627673096956,3.12631963961355
2018-07-25,2.475484018054013,2.0058835061727835,2.4746219512242758,1.5377374830289936,3.124687709850522
2018-07-26,2.4833338296192604,2.012244204698994,2.4824690291575866,1.5456821935883949,3.140777889207645
2018-07-27,2.5080285849832493,2.032254353062843,2.5071551847773184,1.5741515201057419,3.1926710267941436
2018-07-30,2.517190498838513,2.03967824744197,2.516313908071878,1.5849185384822069,3.211695300275994
2018-07-31,2.525407316837082,2.0463363311041336,2.524527864631556,1.5948158675749748,3.228736452823798
2018-08-01,2.5231168926641585,2.044480401501236,2.522238238079902,1.5915116622502585,3.2232538691204144
2018-08-02,2.5005457798513233,2.0261910396725855,2.4996749854703744,1.5626266982408967,3.174272749132409
2018-08-03,2.5263634880358476,2.047111116165436,2.525483702851612,1.5921374140832079,3.2287480845706873
2018-08-06,2.5322119201398583,2.051850097879254,2.531330098287526,1.5981981272757864,3.2407330007164155
2018-08-07,2.532734632852879,2.052273651738567,2.531852628970169,1.5984316310719795,3.2412886009770654
2018-08-08,2.5461994256843736,2.0631841668773236,2.5453127327989535,1.613815216663629,3.269654984854832
2018-08-09,2.550802641877932,2.066914150739334,2.5499143459605547,1.6188421986544204,3.279007775001801
2018-08-10,2.5416407280226685,2.059490256360207,2.540755622665995,1.6074502186765143,3.2586575414913472
2018-08-13,2.5252405352153127,2.046201188036434,2.5243611410901066,1.5879623019706168,3.2227800464727165
2018-08-14,2.542885943933121,2.0604992542120146,2.542000404940308,1.6083787899945545,3.260028661294228
2018-08-16,2.5317560938064028,2.0514807420210492,2.53087443069182,1.5948785097212645,3.23549868433339
2018-08-17,2.550813717220003,2.066923125083673,2.549925417445729,1.6164636758268718,3.275827026314689
2018-08-20,2.5688261323711323,2.0815185763952067,2.567931559922298,1.6367366967233739,3.3140948235641816
2018-08-21,2.5730847099790806,2.084969299777479,2.5721886545158252,1.641215108923871,3.322739537016805
2018-08-23,2.575719772737614,2.0871044898601148,2.574822799635553,1.6438913767491472,3.3278711751295673
2018-08-24,2.570015754407662,2.082482526557781,2.569120767682795,1.6369036676063615,3.3149136017634775
2018-08-27,2.600003220299999,2.1067813557106527,2.59909779068822,1.6709226004762188,3.3792799780163243
2018-08-28,2.6103547561917924,2.115169200252354,2.6094457217432767,1.681578987162884,3.401279175182271
2018-08-29,2.5999921449579286,2.106772381366313,2.599086719203046,1.669534548217315,3.3780110875260667
2018-08-30,2.5966341446748227,2.10405139535611,2.5957298883157582,1.665529922408216,3.3700935909925818
2018-08-31,2.5974569774416003,2.1047181363502676,2.596552434537832,1.6661198938153843,3.3712964359841675
2018-09-03,2.5756307356739083,2.0870323431703266,2.574733793578268,1.6420293238334325,3.3231383292846663
2018-09-04,2.561832379598874,2.075851541896171,2.560940242666584,1.6266261142528378,3.2926628025061264
2018-09-05,2.5521924887260123,2.068040342970161,2.5513037088059685,1.6153264138690242,3.271281778830761
2018-09-06,2.5655239431255192,2.0788428140417725,2.564630520636771,1.6298221683768457,3.299401041250342
2018-09-07,2.5771317702698355,2.088248630779621,2.5762343054513157,1.6422017084158176,3.3238895536237756
2018-09-10,2.5435530704201987,2.061039826482811,2.542667299106107,1.6047772708121382,3.250586762764577
2018-09-11,2.510063407634267,2.0339031688757885,2.5091892988181823,1.5723529058071555,3.178152755791265
2018-09-12,2.5283872353447947,2.0487509576340424,2.527506745407302,1.58792580752723,3.216553396092094
2018-09-14,2.5606983514362676,2.07493263942283,2.559806609419904,1.6154680739714706,3.285011130984644
2018-09-17,2.5301327961205566,2.050165384688948,2.529251698305964,1.5904429362447625,3.218595061292403
2018-09-18,2.508151065236736,2.032353598753183,2.5072776223780697,1.5735008940397237,3.1710777336927385
2018-09-19,2.4982440631727587,2.0243259597578107,2.497374070345601,1.5725445834110794,3.149490341722858
2018-09-21,2.4779522991907763,2.0078835531877184,2.4770893728025527,1.5725445834110794,3.1059841596461824
2018-09-24,2.4388810983283795,1.9762241779687038,2.438031778162622,1.5725445834110794,3.0232070456425846
2018-09-25,2.461129723239746,1.994252228006295,2.436812762273541,1.5725445834110794,3.0206688730055613
2018-09-26,2.458094210858109,1.9917925537871517,2.432588835605617,1.5725445834110794,3.0113478817936197
2018-09-27,2.441138079311521,1.9780530085710473,2.4158086421886646,1.5725445834110794,2.975940703611458
2018-09-28,2.4306642803298106,1.96956609430654,2.4146007378675702,1.5725445834110794,2.973442214044163
2018-10-01,2.4479761258040798,1.9835938743467223,2.4146007378675702,1.5725445834110794,2.973442214044163
2018-10-03,2.414608726108065,1.9565562864625052,2.4146007378675702,1.5725445834110794,2.973442214044163
2018-10-04,2.357013472723589,1.9098868804169833,2.4146007378675702,1.5725445834110794,2.973442214044163
2018-10-05,2.294125725974334,1.908931936976775,2.4146007378675702,1.5725445834110794,2.973442214044163
2018-10-08,2.3011527047728033,1.908931936976775,2.4146007378675702,1.5725445834110794,2.973442214044163
2018-10-09,2.290701056475234,1.908931936976775,2.4146007378675702,1.5725445834110794,2.973442214044163
2018-10-10,2.3260698356324854,1.908931936976775,2.4146007378675702,1.5725445834110794,2.973442214044163
2018-10-11,2.275935453859364,1.908931936976775,2.4146007378675702,1.5725445834110794,2.973442214044163
2018-10-12,2.3288273786445064,1.908931936976775,2.4146007378675702,1.5725445834110794,2.973442214044163
2018-10-15,2.337722398472225,1.908931936976775,2.4146007378675702,1.5725445834110794,2.973442214044163
2018-10-16,2.353789028036041,1.908931936976775,2.4146007378675702,1.5725445834110794,2.973442214044163
2018-10-17,2.3245021318205645,1.908931936976775,2.4146007378675702,1.5725445834110794,2.973442214044163
2018-10-19,2.291256995214467,1.908931936976775,2.4146007378675702,1.5725445834110794,2.973442214044163
2018-10-22,2.278292547248282,1.908931936976775,2.4146007378675702,1.5725445834110794,2.973442214044163
2018-10-23,2.256399636264596,1.908931936976775,2.4146007378675702,1.5725445834110794,2.973442214044163
2018-10-24,2.273733849586576,1.908931936976775,2.4146007378675702,1.5725445834110794,2.973442214044163
2018-10-25,2.2515297432070622,1.908931936976775,2.4146007378675702,1.5725445834110794,2.973442214044163
2018-10-26,2.2304262218003723,1.908931936976775,2.4146007378675702,1.5725445834110794,2.973442214044163
2018-10-29,2.2795377631587344,1.908931936976775,2.4146007378675702,1.5725445834110794,2.973442214044163
2018-10-30,2.2678743421404945,1.908931936976775,2.4146007378675702,1.5725445834110794,2.973442214044163
2018-10-31,2.3097252366990535,1.908931936976775,2.4146007378675702,1.5725445834110794,2.973442214044163
2018-11-01,2.308357757698684,1.908931936976775,2.4146007378675702,1.5725445834110794,2.973442214044163
2018-11-02,2.34672860604779,1.908931936976775,2.4146007378675702,1.5725445834110794,2.973442214044163
2018-11-05,2.3402797166726943,1.908931936976775,2.4146007378675702,1.5725445834110794,2.973442214044163
2018-11-06,2.341613969646852,1.908931936976775,2.4146007378675702,1.5725445834110794,2.973442214044163
2018-11-07,2.356824540417678,1.908931936976775,2.4146007378675702,1.5725445834110794,2.973442214044163
2018-11-09,2.353889140441817,1.908931936976775,2.4146007378675702,1.5725445834110794,2.973442214044163
2018-11-12,2.330984464385442,1.908931936976775,2.4146007378675702,1.5725445834110794,2.973442214044163
2018-11-13,2.3532886831707316,1.908931936976775,2.4146007378675702,1.5725445834110794,2.973442214044163
2018-11-14,2.351909911664721,1.908931936976775,2.4146007378675702,1.5725445834110794,2.973442214044163
2018-11-15,2.360893968556145,1.908931936976775,2.4146007378675702,1.5725445834110794,2.973442214044163
2018-11-16,2.3754595635240334,1.908931936976775,2.4146007378675702,1.5725445834110794,2.973442214044163
2018-11-19,2.393516497207016,1.908931936976775,2.4146007378675702,1.5725445834110794,2.973442214044163
2018-11-20,2.369677800636017,1.8889650893207652,2.4146007378675702,1.5563225353574324,2.973442214044163
2018-11-21,2.357191329687429,1.888020606776105,2.4146007378675702,1.5555550797450424,2.973442214044163
2018-11-22,2.3408912492858494,1.888020606776105,2.4146007378675702,1.5555550797450424,2.973442214044163
2018-11-26,2.363540106656749,1.888020606776105,2.4146007378675702,1.5555550797450424,2.973442214044163
2018-11-27,2.3762155099112476,1.888020606776105,2.4146007378675702,1.5555550797450424,2.973442214044163
2018-11-28,2.3858332500999677,1.888020606776105,2.4146007378675702,1.5555550797450424,2.973442214044163
2018-11-29,2.41470883851384,1.888020606776105,2.4146007378675702,1.5555550797450424,2.973442214044163
2018-11-30,2.418722672778384,1.8902149466053595,2.4146007378675702,1.5576119753844888,2.973442214044163
2018-12-03,2.4202793012482346,1.891431440928226,2.4146007378675702,1.5586959265212408,2.973442214044163
2018-12-04,2.4171104504346097,1.8889550060566764,2.4146007378675702,1.5558701705480353,2.973442214044163
2018-12-05,2.3978528193730275,1.8739053013185138,2.4146007378675702,1.5371314455974252,2.973442214044163
2018-12-06,2.3574360730308324,1.8423198951498032,2.4146007378675702,1.5000711733374221,2.973442214044163
2018-12-07,2.378016881724502,1.8413987352022285,2.4146007378675702,1.4990045767420572,2.973442214044163
2018-12-10,2.3323743112335222,1.8413987352022285,2.4146007378675702,1.4990045767420572,2.973442214044163
2018-12-11,2.3458725472547988,1.8413987352022285,2.4146007378675702,1.4990045767420572,2.973442214044163
2018-12-12,2.387779035687281,1.8413987352022285,2.4146007378675702,1.4990045767420572,2.973442214044163
2018-12-13,2.3997762371126297,1.8413987352022285,2.4146007378675702,1.4990045767420572,2.973442214044163
2018-12-14,2.40286734336819,1.842849906620469,2.4146007378675702,1.5001766696742451,2.973442214044163
2018-12-17,2.421302141662994,1.856988251132042,2.4146007378675702,1.5116206112823665,2.973442214044163
2018-12-18,2.4258276132984875,1.8604590066042075,2.4146007378675702,1.5144117881891386,2.973442214044163
2018-12-19,2.4388587304806673,1.8704530635581291,2.4146007378675702,1.5225546208442626,2.973442214044163
2018-12-20,2.4353897596132854,1.8677925785102683,2.4099589705853477,1.5202758181075697,2.9633233509248966
2018-12-21,2.3914260806820735,1.834075169250584,2.3664543684977413,1.4915086013031584,2.8729811991246534
2018-12-24,2.3713010983218608,1.8331581316659586,2.3652711413134924,1.4907276541101715,2.8705691505430617
2018-12-26,2.386055625595661,1.8331581316659586,2.3652711413134924,1.4907276541101715,2.8705691505430617
2018-12-27,2.397163325038238,1.8331581316659586,2.3652711413134924,1.4907276541101715,2.8705691505430617
2018-12-28,2.414975732541386,1.845863052361066,2.3652711413134924,1.5005634768312965,2.8705691505430617
2018-12-31,2.41556489730683,1.8463133746800988,2.3652711413134924,1.5009028968399383,2.8705691505430617
2019-01-02,2.3999875372662522,1.8344069720753946,2.3652711413134924,1.4914517979658515,2.8705691505430617
2019-01-03,2.373246883909174,1.8139680155414992,2.3652711413134924,1.475390573982027,2.8705691505430617
2019-01-04,2.385499686856428,1.8130610315337286,2.3652711413134924,1.4746779269578034,2.8705691505430617
2019-01-07,2.395384321072694,1.8130610315337286,2.3652711413134924,1.4746779269578034,2.8705691505430617
2019-01-08,2.4021335476651178,1.8130610315337286,2.3652711413134924,1.4746779269578034,2.8705691505430617
2019-01-09,2.4139194489368445,1.8210501589375818,2.3652711413134924,1.4814275461672004,2.8705691505430617
2019-01-10,2.40645857732549,1.8154217103828238,2.3652711413134924,1.4757021138764532,2.8705691505430617
2019-01-11,2.4005324006634146,1.8109510289120243,2.3652711413134924,1.4712445295180305,2.8705691505430617
2019-01-14,2.3877790356872812,1.8100455533975683,2.3652711413134924,1.4703582377448852,2.8705691505430617
2019-01-15,2.4209575030773847,1.8100455533975683,2.3652711413134924,1.4703582377448852,2.8705691505430617
2019-01-16,2.42173581731231,1.8097224426198544,2.3648489173553497,1.4699335233171533,2.8692058836402814
2019-01-17,2.425049299063563,1.812198551799719,2.3680845649747604,1.4723873773346021,2.8752950622783753
2019-01-18,2.4254384561810256,1.8124893623679665,2.368464580739211,1.4725816880350602,2.875566158084765
2019-01-21,2.437646740596427,1.8216124079679437,2.3803860909122605,1.482136084116522,2.8993660634432965
2019-01-22,2.42895194558026,1.815114933899034,2.37189553780006,1.475188930033862,2.881493173326199
2019-01-23,2.4086601815982775,1.7999512399832813,2.3520804300822915,1.4554803956908802,2.8405679130621593
2019-01-24,2.4127296097367448,1.8029922551832738,2.3560542668066415,1.4591190826385665,2.8481286799405923
2019-01-25,2.3973301066600077,1.791484465554059,2.3410165001276777,1.4439544112525058,2.8171058060737515
2019-01-28,2.3708674226725455,1.790588723321282,2.3398459918776138,1.442798297059798,2.814740668402191
2019-01-29,2.3687882986532443,1.790588723321282,2.3398459918776138,1.442798297059798,2.814740668402191
2019-01-30,2.3686992615895393,1.790588723321282,2.3398459918776138,1.442798297059798,2.814740668402191
2019-01-31,2.408537918508361,1.790588723321282,2.3398459918776138,1.442798297059798,2.814740668402191
2019-02-01,2.4224809055210232,1.790588723321282,2.35222139944329,1.442798297059798,2.8392449516575593
2019-02-04,2.426617002875484,1.7927506457428695,2.3562375370669844,1.4450876911464323,2.8468874493591976
2019-02-05,2.43153141446487,1.79638134417607,2.361009415383912,1.4490507873381315,2.8560698371243434
2019-02-06,2.46001784576128,1.8174267205337866,2.388669651275338,1.472842948245376,2.9117532237322554
2019-02-07,2.46156339888906,1.818568553531979,2.3901703785392168,1.4738926691844147,2.9143149012619745
2019-02-08,2.4335883878000297,1.797901007258672,2.3630067300731716,1.4512231270507783,2.858191056425262
2019-02-11,2.4214022540687696,1.788898062381117,2.3511740322492924,1.441943827915153,2.8336581940330143
2019-02-12,2.408638030914136,1.7794680331363866,2.3387800113993564,1.432293142762006,2.808080048821084
2019-02-14,2.3896581520585998,1.7785782991198185,2.3203506082609935,1.4313930345033503,2.770433377966278
2019-02-15,2.3848438528749893,1.7785782991198185,2.3156759387776544,1.4313930345033503,2.76057616387955
2019-02-18,2.366286574326698,1.7785782991198185,2.297656879218821,1.4313930345033503,2.7240233215535685
2019-02-19,2.3581475008861936,1.7785782991198185,2.2965080507792117,1.4313930345033503,2.721736332487654
2019-02-20,2.3873010586696823,1.7785782991198185,2.2965080507792117,1.4313930345033503,2.721736332487654
2019-02-21,2.3993981553372374,1.7785782991198185,2.3069968208263436,1.4313930345033503,2.7421326118199496
2019-02-22,2.399798604960341,1.7785782991198185,2.307381849049086,1.4313930345033503,2.7424207216621284
2019-02-25,2.419467543823527,1.7785782991198185,2.3262933328832562,1.4313930345033503,2.7796822036200184
2019-02-26,2.4095051650491968,1.7703655512444452,2.3167146074394926,1.4232682196250876,2.7599766868573523
2019-02-27,2.4031342373957356,1.769480368468823,2.3105890255682406,1.4224020765004877,2.747239623939418
2019-02-28,2.3999875372662522,1.769480368468823,2.307563505531616,1.4224020765004877,2.7407181053848153
2019-03-01,2.4157761974604526,1.769480368468823,2.322744141055614,1.4224020765004877,2.7705129940779276
2019-03-05,2.4433396835843086,1.7887850181933056,2.3492461514523377,1.4446577320585812,2.823106455677371
2019-03-06,2.457916353894268,1.7994566941951247,2.363261471080932,1.4562589617601633,2.8508922925986173
2019-03-07,2.4590727499045855,1.8003032993038013,2.36437333403435,1.4570367303601952,2.8526450802912
2019-03-08,2.4540026320355,1.7965914327362393,2.3594984674853463,1.4528514254131881,2.8422694558547117
2019-03-11,2.483500611241029,1.8181870969102942,2.387860473222736,1.477949948469455,2.8991390487941597
2019-03-12,2.5131099953579747,1.8398643213511567,2.4163295936446523,1.501339725353207,2.956669867188128
2019-03-13,2.5221162029335393,1.8464578250257158,2.424988970246369,1.5085258547071188,2.9739436066518836
2019-03-14,2.522460841519149,1.8467101371961325,2.4253203367265703,1.5086330063099003,2.9741050188359215
2019-03-15,2.541051346093653,1.8603203676061517,2.443194917006436,1.5244766696670788,3.010388997121773
2019-03-18,2.548912450164541,1.8660755334895276,2.450753288283576,1.531421834243264,3.025499475093581
2019-03-19,2.5645232533949005,1.877504304989472,2.4657629161533294,1.54581740254884,3.056083123687933
2019-03-20,2.5619991612206436,1.8756564005428717,2.4633360273068363,1.5427782564987838,3.0504971386882356
2019-03-22,2.5477339034700823,1.8652127117196147,2.4496201276735854,1.527198526939886,3.021442450385394
2019-03-25,2.524906971971772,1.848500965354655,2.4276722661739503,1.5028761278565155,2.9754571967392427
2019-03-26,2.553593410916164,1.869502495577325,2.4552539842386785,1.5293390861447897,3.031699359190138
2019-03-27,2.545098623547979,1.8632834059930818,2.447086332943121,1.5214505093954709,3.0142338788571963
2019-03-28,2.572884485167528,1.883625617645671,2.473802155107789,1.5460327599005441,3.0689618737765
2019-04-01,2.594933102430913,1.899767555051101,2.495001675419622,1.5654176081788793,3.11258496706495
2019-04-02,2.6047286995834735,1.9069389760158084,2.504420042037428,1.5740239653995303,3.131768920077815
2019-04-03,2.589329196506736,1.8956648987451115,2.4896135771073316,1.5596452708438537,3.100130577121307
2019-04-04,2.5791109990469305,1.8881840893219095,2.479788884610211,1.5505576529230078,3.0790451660525777
2019-04-05,2.5942214574119813,1.899246555062156,2.4943174360020914,1.563575323473401,3.1087963393196385
2019-04-08,2.580556439768935,1.8892423059610364,2.4811786611018447,1.5514073997834952,3.080755186974635
2019-04-09,2.5955557103861393,1.90022337042135,2.4956003066097536,1.563883533952279,3.1102830206457805
2019-04-10,2.5760644113232236,1.8859536624543751,2.4768596216292726,1.547082612959579,3.0705194512469185
2019-04-11,2.578821954335244,1.8879724777914593,2.4795109710719956,1.5492555395430498,3.0755005879600295
2019-04-12,2.5892180087588903,1.895583497465179,2.4895066712233604,1.5584118345250564,3.095780196250035
2019-04-15,2.599647289208748,1.9032188421307534,2.4995343178595837,1.5676756952575326,3.116176092801767
2019-04-16,2.6211734109226823,1.918978257115249,2.5202314640369705,1.5869853206624893,3.158957028233347
2019-04-18,2.613534682347487,1.9133858937917385,2.512886904527774,1.579873612336061,3.142945704923648
2019-04-22,2.578321609469935,1.8876061720317614,2.479029894594122,1.5482323096264372,3.071290861706093
2019-04-23,2.574207662799615,1.8845943246742467,2.475074376887165,1.5446918864213688,3.0625242627582505
2019-04-24,2.6076085056854112,1.9090473009634434,2.5071889461924086,1.5712785072810584,3.128710962671979
2019-04-25,2.588851002325568,1.8953148096466503,2.489153798286031,1.5568507311257054,3.090372514154562
2019-04-26,2.6139462073126607,1.913687173919615,2.5132825815788027,1.5760705575388465,3.1401323046072442
2019-04-30,2.6125007665906566,1.9126289572804884,2.5118928050871694,1.5747978077641085,3.136666596971298
2019-05-02,2.607297093126013,1.908819313784882,2.5068895261970665,1.5705411417093005,3.125626424357853
2019-05-03,2.604517399429851,1.906784281786561,2.504216879097771,1.5680316926921243,3.1194835605997144
2019-05-06,2.5791665929208536,1.888224789961876,2.4798423375521974,1.546003199458817,3.067953518398688
2019-05-07,2.5568512987934935,1.8718876166741072,2.4583864101592763,1.5275185493465415,3.022844805178813
2019-05-08,2.5260633679820894,1.8493475704633318,2.42878412912737,1.5027102359915172,2.9611965842751933
2019-05-09,2.5132433337899625,1.8399619392923268,2.416457797185198,1.5017031567573456,2.9354433243829834
2019-05-10,2.508151065236736,1.836233856063528,2.411561632979622,1.5017031567573456,2.9249421493029595
2019-05-13,2.479086544516952,1.8149555296917115,2.3836163931492784,1.5017031567573456,2.8675169745319273
2019-05-14,2.495508888008449,1.8269784351430403,2.3994063086916935,1.5017031567573456,2.898910409201611
2019-05-15,2.481043405446336,1.816388160421154,2.385497894947071,1.5017031567573456,2.8701868360484286
2019-05-16,2.503303105699773,1.8326846330689566,2.4069003693980067,1.5017031567573456,2.91292333420143
2019-05-17,2.536670722559357,1.8571132843662983,2.4389829922183917,1.5017031567573456,2.9776095414952044
2019-05-20,2.6303129569302337,1.925669378730977,2.529019044179232,1.5017031567573456,3.1616569164166752
2019-05-21,2.60381682975299,1.906271390128234,2.503543288508527,1.489089271635286,3.1076253528389546
2019-05-22,2.6102214177598033,1.910960231041865,2.5097012344657474,1.4919394293250385,3.11991589168781
2019-05-23,2.592242228634886,1.8977975486846017,2.4924144277471725,1.483614138897482,3.083285020594679
2019-05-24,2.63383752167154,1.9282497357100983,2.5324078771809173,1.502662399977164,3.1658189977578037
2019-05-27,2.6517721922646054,1.9413798257580137,2.549651879785793,1.5107124828724054,3.2014615360761747
2019-05-28,2.6526616942473775,1.9420310359974766,2.5505071268575676,1.5111105149814124,3.202703924881819
2019-05-29,2.637617905098321,1.9310173792278147,2.536042677235959,1.5042175945185152,3.1716446173167756
2019-05-30,2.65647552086394,1.9448231634939224,2.5541740821980223,1.5127896781896653,3.2091642787931316
2019-05-31,2.6513385166152905,1.9410623289689009,2.5492349050781917,1.5104673289601953,3.198181846794491
2019-06-03,2.6881972550263984,1.9680468532666338,2.5846742056148484,1.5270968995494139,3.272277098545622
2019-06-04,2.6733204646626816,1.957155457403746,2.5703703236197524,1.520432168780692,3.2412963381978708
2019-06-06,2.633759777113476,1.9281928184088954,2.5323331265823588,1.5024976488825836,3.160187965482819
2019-06-07,2.639741764813045,1.9325722708640318,2.5380847466602643,1.5051645169940493,3.1716865689049993
2019-06-10,2.651316365931149,1.9410461123076643,2.549213607421619,1.5103867744255748,3.194482659410644
2019-06-11,2.6608561443982346,1.948030246733776,2.5583860069860678,1.5147052659946365,3.213223220862605
2019-06-12,2.647647170252215,1.938359870069881,2.545685713250549,1.5084407121159693,3.185876577108277
2019-06-13,2.6493927310279766,1.9396378065700763,2.5473640521086844,1.509249129813104,3.188845353448355
2019-06-14,2.6292121547938407,1.9248634742622677,2.5279606341678003,1.49966965379313,3.147501432577541
2019-06-17,2.5956002289179922,1.9002559627306983,2.4956431107234534,1.4839388599156087,3.0793858297585444
2019-06-18,2.5999031078942227,1.9034061286693489,2.4997802849129407,1.4833304229483075,3.087418143764139
2019-06-19,2.599892032552152,1.9033980203387306,2.4997696360846544,1.4824060293131973,3.0868552324645924
2019-06-20,2.63109127116516,1.9262391876905074,2.5297673853670344,1.5036793946504545,3.148514191982848
2019-06-21,2.607152462188385,1.9087134285262193,2.5067504650276806,1.4879984518576035,3.0998615031994903
2019-06-24,2.601715555049548,1.9047330331270038,2.5015229343419025,1.4844548339854944,3.0884639658158184
2019-06-25,2.6232414595999125,1.9204922891246246,2.5222198717187347,1.4996074719123103,3.1308298810229727
2019-06-26,2.634604760564395,1.9288114363390099,2.533145569540433,1.5075334680739683,3.153053858232115
2019-06-27,2.633270507590237,1.9278346209798158,2.531862698932771,1.5065031700628895,3.149820283178839
2019-06-28,2.6215512755345043,1.9192548942775207,2.5205947770020307,1.4980821316157498,3.125730353697055
2019-07-01,2.638618594828939,1.9317499907472102,2.5370048301917043,1.5102810706175809,3.1593525595816128
2019-07-02,2.6485588229191284,1.93902729697058,2.5465622579788953,1.517204652999854,3.1787839903779376
2019-07-03,2.649993188299062,1.9400774052790883,2.5479413856422424,1.5180885084435403,3.1811178013969656
2019-07-04,2.6566644531698507,1.944961482075058,2.554355738680551,1.5231828024891294,3.194007592722151
2019-07-05,2.6265104228193135,1.9228855185520246,2.5253629464676166,1.495581448233662,3.132574650584669
2019-07-08,2.5703493176512007,1.8817696048684527,2.4713646174330095,1.4490574446395525,3.0195547443401702
2019-07-09,2.5697490775436855,1.8813301651463152,2.4707874927000053,1.4480094567198374,3.017841784830462
2019-07-10,2.557073674289187,1.8720504192339726,2.4586002219272185,1.4480094567198374,2.9923182803358914
2019-07-11,2.5757532159273957,1.885725834262688,2.457370921816255,1.4480094567198374,2.9898060407619065
2019-07-12,2.568992913992902,1.8807765728480221,2.4496926396727927,1.4480094567198374,2.9735960444141813
2019-07-15,2.576964988648067,1.886612981024456,2.457294502838435,1.4480094567198374,2.9885695170081545
2019-07-16,2.5934763692032687,1.898701071094481,2.4730391190250356,1.4480094567198374,3.0201990047152765
2019-07-17,2.5990136059114515,1.9027549184298858,2.478319214557521,1.4480094567198374,3.0304974878421405
2019-07-18,2.5788664728670976,1.888005070100807,2.4591076849108497,1.4480094567198374,2.9905207293962834
2019-07-19,2.5393613791918153,1.8590831317459229,2.421437150018051,1.4480094567198374,2.913074211245174
2019-07-22,2.5231168926641585,1.8471904365451115,2.420226431443042,1.4480094567198374,2.9106285020559017
2019-07-23,2.5197478170389824,1.8447239141683969,2.420226431443042,1.4480094567198374,2.9106285020559017
2019-07-24,2.506460881171328,1.8349964612164238,2.420226431443042,1.4480094567198374,2.9106285020559017
2019-07-25,2.50220252072695,1.8318788875871215,2.420226431443042,1.4480094567198374,2.9106285020559017
2019-07-26,2.5093517626153368,1.8371128944946775,2.420226431443042,1.4480094567198374,2.9106285020559017
2019-07-29,2.4882039398403646,1.8216304346462033,2.420226431443042,1.4480094567198374,2.9106285020559017
2019-07-30,2.4651214068201495,1.8047315607295231,2.420226431443042,1.4480094567198374,2.9106285020559017
2019-07-31,2.4723707611143118,1.8038291949491585,2.420226431443042,1.4480094567198374,2.9106285020559017
2019-08-01,2.4416829427086832,1.8038291949491585,2.420226431443042,1.4480094567198374,2.9106285020559017
2019-08-02,2.4455410706935283,1.8038291949491585,2.420226431443042,1.4480094567198374,2.9106285020559017
2019-08-05,2.4155759726489023,1.8038291949491585,2.420226431443042,1.4480094567198374,2.9106285020559017
2019-08-06,2.4346225207204326,1.8038291949491585,2.420226431443042,1.4480094567198374,2.9106285020559017
2019-08-07,2.413997193494911,1.8038291949491585,2.420226431443042,1.4480094567198374,2.9106285020559017
2019-08-08,2.453346580890494,1.8038291949491585,2.420226431443042,1.4480094567198374,2.9106285020559017
2019-08-09,2.470514012590704,1.8038291949491585,2.420226431443042,1.4480094567198374,2.9106285020559017
2019-08-13,2.4296412227514823,1.8038291949491585,2.420226431443042,1.4480094567198374,2.9106285020559017
2019-08-14,2.452668379061344,1.8038291949491585,2.420226431443042,1.4480094567198374,2.9106285020559017
2019-08-16,2.4567599578839525,1.8038291949491585,2.420226431443042,1.4480094567198374,2.9106285020559017
2019-08-19,2.4581165787058215,1.8038291949491585,2.420226431443042,1.4480094567198374,2.9106285020559017
2019-08-20,2.449910836049323,1.8038291949491585,2.420226431443042,1.4480094567198374,2.9106285020559017
2019-08-21,2.4280513682554195,1.8038291949491585,2.420226431443042,1.4480094567198374,2.9106285020559017
2019-08-22,2.388612943796131,1.8038291949491585,2.420226431443042,1.4480094567198374,2.9106285020559017
2019-08-23,2.4081819874171115,1.8038291949491585,2.420226431443042,1.4480094567198374,2.9106285020559017
2019-08-26,2.458994788182953,1.8038291949491585,2.420226431443042,1.4480094567198374,2.9106285020559017
2019-08-27,2.4695576242283686,1.8038291949491585,2.420226431443042,1.4480094567198374,2.9106285020559017
2019-08-28,2.4563818761085607,1.8038291949491585,2.420226431443042,1.4480094567198374,2.9106285020559017
2019-08-29,2.434633596062503,1.8038291949491585,2.420226431443042,1.4480094567198374,2.9106285020559017
2019-08-30,2.4513006828974047,1.8038291949491585,2.420226431443042,1.4480094567198374,2.9106285020559017
2019-09-03,2.4011884518084243,1.8038291949491585,2.420226431443042,1.4480094567198374,2.9106285020559017
2019-09-04,2.4115845062320704,1.8038291949491585,2.420226431443042,1.4480094567198374,2.9106285020559017
2019-09-05,2.412307226593073,1.8038291949491585,2.420226431443042,1.4480094567198374,2.9106285020559017
2019-09-06,2.4341666943869766,1.8038291949491585,2.420226431443042,1.4480094567198374,2.9106285020559017
2019-09-09,2.446808654451693,1.8038291949491585,2.420226431443042,1.4480094567198374,2.9106285020559017
2019-09-11,2.4540693012514962,1.8038291949491585,2.420226431443042,1.4480094567198374,2.9106285020559017
2019-09-12,2.4423055506639106,1.8038291949491585,2.420226431443042,1.4480094567198374,2.9106285020559017
2019-09-13,2.4630088396110668,1.8038291949491585,2.420226431443042,1.4480094567198374,2.9106285020559017
2019-09-16,2.4469087668574687,1.8038291949491585,2.420226431443042,1.4480094567198374,2.9106285020559017
2019-09-17,2.40556907534272,1.8038291949491585,2.420226431443042,1.4480094567198374,2.9106285020559017
2019-09-18,2.4106950042492983,1.8038291949491585,2.420226431443042,1.4480094567198374,2.9106285020559017
2019-09-19,2.3804851628612678,1.8038291949491585,2.420226431443042,1.4480094567198374,2.9106285020559017
2019-09-20,2.5071058569742664,1.8038291949491585,2.420226431443042,1.4480094567198374,2.9106285020559017
2019-09-23,2.579600268570171,1.8550860417153434,2.420226431443042,1.4723252882394409,2.9106285020559017
2019-09-24,2.5769317626218555,1.853167020308318,2.4165126789203843,1.4714395796423387,2.902619234963542
2019-09-25,2.5440201892592977,1.829499089621672,2.3856499158983158,1.460680138119946,2.8398636886082365
2019-09-26,2.5731513791950755,1.8504484066483655,2.4129676318164983,1.4703469935204572,2.893969467724373
2019-09-27,2.5600757434810437,1.8410452329880138,2.4007059802096453,1.4660587115082808,2.8687694801220407
2019-09-30,2.551636549986782,1.8349762965542238,2.3927921431517336,1.463286058391716,2.8523878114255856
2019-10-01,2.5261634803878676,1.8166576692737335,2.3689048223659595,1.4548247819320432,2.8040742400782652
2019-10-03,2.5159563582701328,1.809317349923717,2.3677203699547764,1.4514567728401813,2.801720043226744
2019-10-04,2.484990570494888,1.7870487056796938,2.3677203699547764,1.440720483866578,2.801720043226744
2019-10-07,2.4742388021435615,1.786155181326854,2.3677203699547764,1.4402883631421763,2.801720043226744
2019-10-09,2.5158006519904332,1.786155181326854,2.3677203699547764,1.4402883631421763,2.801720043226744
2019-10-10,2.498288581704613,1.772828974325865,2.3677203699547764,1.4341047541958536,2.801720043226744
2019-10-11,2.5139660541509663,1.7719425598387022,2.3677203699547764,1.4336921286825532,2.801720043226744
2019-10-14,2.5219939398436244,1.7767149594428502,2.3677203699547764,1.4358970928621746,2.801720043226744
2019-10-15,2.5413738339951237,1.7903678661003193,2.3677203699547764,1.4422190169064206,2.801720043226744
2019-10-16,2.5493126826240764,1.7959606912443349,2.3739328925299104,1.4448030435576675,2.8135729680930783
2019-10-17,2.576520237656682,1.8151280925899909,2.3992687056914157,1.453706622262145,2.8635006927432682
2019-10-18,2.5933095875815004,1.8269559914201503,2.4149030334466506,1.4593502211050449,2.8943305670868194
2019-10-22,2.576964988648068,1.8154414144133064,2.3996828600690385,1.4538596824140078,2.8631932600132566
2019-10-23,2.5804674027052323,1.817908823771916,2.402944325792813,1.4550525479865273,2.8692259176334978
2019-10-24,2.5756863295478336,1.8145406141712745,2.398492166233375,1.4523853478492958,2.859796938639447
2019-10-25,2.5759755914230906,1.814744395747767,2.398761528357883,1.4523351268004367,2.8598352670485223
2019-10-29,2.62110652454312,1.846538605377368,2.4407876820480325,1.4817130579498428,2.943465460460226
2019-10-30,2.633837521671542,1.8555074425697735,2.4526428511074654,1.4896621796752896,2.96695585807874
2019-10-31,2.6412538747510443,1.860732175767062,2.4595489966886044,1.4944127672969545,2.9804641326148937
2019-11-01,2.6441779822212648,1.8627921749618586,2.4622719403871796,1.4962715859074691,2.9854825583286906
2019-11-04,2.6554524632856116,1.8707349137807403,2.472770794304663,1.5037443802038666,3.00633446690389
2019-11-05,2.6500933007048393,1.8669594470054574,2.4677803149438438,1.4997591439880895,2.995620077229986
2019-11-06,2.6609562568040124,1.8746122713442694,2.477895954727737,1.5074772467191333,3.015713820317675
2019-11-07,2.6711855296058884,1.8818186732805253,2.4874215054130455,1.5155586549178022,3.0346517192418805
2019-11-08,2.648080845901532,1.865541696352789,2.4659063068298677,1.4955547656093644,2.990045564357512
2019-11-11,2.6492593925959906,1.8663719685867406,2.4670037754858027,1.4963408573245105,2.9917562747727056
2019-11-13,2.6330259814104044,1.8549357220357254,2.451887140702596,1.480761414191593,2.960450350343344
2019-11-14,2.6400640355509446,1.85989394809619,2.4584410123941756,1.4867424338377289,2.973219118142193
2019-11-15,2.645256633673517,1.8635520721769012,2.463276386087204,1.4911473467622764,2.982517593061236
2019-11-18,2.642821578562965,1.8618366045964148,2.46100885042496,1.4886579925135315,2.9773850741506767
2019-11-19,2.6551855692580655,1.8705468900889164,2.4725222612333275,1.4996410012905628,3.0002523837213624
2019-11-20,2.66830572350395,1.879789883876723,2.4847398153731795,1.5119549219032076,3.024620276777972
2019-11-21,2.6614789695170322,1.8749805162801678,2.478382707455734,1.504969107225923,3.01109675137753
2019-11-22,2.6494706927496123,1.8665208270506497,2.4672005392599368,1.4923756465520752,2.9877571747359357
2019-11-25,2.684906141122857,1.8914846821276419,2.500198208407451,1.526817372761809,3.0543314649699416
2019-11-26,2.67688954793584,1.8858370868602146,2.492733116195576,1.5192753161091583,3.0384834376770122
2019-11-27,2.690899204164496,1.895706724294652,2.5057789790906724,1.5313865019118162,3.064652774811499
2019-11-28,2.70211809135492,1.9036102978856193,2.5162260637109535,1.5429569108143482,3.085570360889414
2019-11-29,2.6809700514163777,1.8887117533934654,2.496532901720732,1.5193878418307685,3.0444804497613056
2019-12-02,2.679224490640616,1.8874820264326209,2.4949074266780924,1.5172138142895184,3.0406187136887093
2019-12-03,2.6672162138731967,1.879022337203103,2.4837252584822958,1.5048170859956338,3.017202881472509
2019-12-04,2.6781126131621513,1.886698721874332,2.493872040734037,1.5153404921497535,3.037371599990206
2019-12-05,2.67259774430168,1.8828135618630544,2.488736566896286,1.509579607485531,3.026337163882489
2019-12-06,2.651049471903604,1.8676330583277507,2.4686707064109683,1.4878313109669217,2.9848357656237794
2019-12-09,2.6546074798346915,1.8701396329142748,2.471983941431945,1.4908835053372214,2.9910394641757287
2019-12-10,2.636661733899556,1.8574970667456607,2.45527277185013,1.4723685519308158,2.956563422403769
2019-12-11,2.6485255968929176,1.8658550181761042,2.46632046120749,1.4834750549779252,2.978383408211877
2019-12-12,2.6622349159042464,1.875513071586301,2.4790866485634013,1.4966366862783302,3.003748314174614
2019-12-13,2.687785947224795,1.893513471531444,2.502879898447318,1.5211378362007193,3.0516292207869906
2019-12-16,2.6805031497408507,1.888382826674653,2.4960981205137562,1.5141425376299764,3.0372105355942653
2019-12-17,2.70519790510484,1.9057799903164108,2.5190940018864603,1.536312391697647,3.0836621331470204
2019-12-18,2.717795563801274,1.9146548921574902,2.530825005522133,1.547088659033097,3.1072343863973977
2019-12-19,2.726256907979677,1.920615809248233,2.5387042521116303,1.5543134259378104,3.122933596873969
2019-12-20,2.7289475646121337,1.922511345083623,2.541209805206717,1.5564691781038291,3.127561871955836
2019-12-23,2.7269351098088266,1.9210935944309548,2.5393357970927406,1.554368648218423,3.1231412568377195
2019-12-24,2.716216567483712,1.9135425078912174,2.5293546361472843,1.5428546889727397,3.101981427732846
2019-12-26,2.696647523862732,1.899756347665336,2.5111318435319117,1.5226174571517443,3.0639124478336597
2019-12-27,2.7231658017241176,1.9184381613805217,2.5358257982976298,1.5482557313584513,3.1139676097561773
2019-12-30,2.725400632023118,1.9200125729448476,2.5379068836004173,1.549990684962791,3.1177132237385874
2019-12-31,2.705965143997695,1.906320501059464,2.5198084586326215,1.5305371131227283,3.079834808713186
2020-01-01,2.709089476279467,1.9085215562704207,2.5227178526906533,1.533123502825611,3.0852662910440403
2020-01-02,2.731260356632769,1.9241406797605318,2.5433634888598786,1.5538902471844973,3.1271228776941347
2020-01-03,2.718907441279739,1.9154381967157788,2.5318603914661884,1.5421987353981617,3.102826683367611
2020-01-06,2.666960395187722,1.8788421159590276,2.483487038825636,1.494908114393966,3.0027409618509084
2020-01-07,2.680280774245158,1.8882261657629948,2.495891043324945,1.49371498650603,3.0273976013080905
2020-01-08,2.6741430802658903,1.8839022328077384,2.4901755915794697,1.4881680914921043,3.0152266263219802
2020-01-09,2.7165169047010393,1.9137540919154579,2.5296343116864692,1.4871985408904174,3.0949246491170785
2020-01-10,2.7256119321767396,1.9201614314087567,2.5381036473745513,1.492238371389487,3.1117815332899843
2020-01-13,2.7417897494884023,1.9315585127318573,2.5531685128605552,1.502908940733753,3.142249758726097
2020-01-14,2.7490725469723465,1.9366891575886482,2.559950290794117,1.5077501424675845,3.1557141634835895
2020-01-15,2.74484741255418,1.9337126002671512,2.556015824206707,1.5047553162625504,3.1470174198730776
2020-01-16,2.7475604370343483,1.93562389398721,2.5585422063549648,1.5065281654633407,3.151689127150972
2020-01-17,2.7468598673574878,1.9351303509198194,2.5578898323206833,1.5059088463868955,3.149787672499432
2020-01-20,2.7184403224406415,1.9151091170077945,2.5314254080353944,1.4855558398736726,3.094516037350914
2020-01-21,2.706276339393523,1.9065397345422819,2.5200982453626666,1.4772173008516865,3.070723482480622
2020-01-22,2.6922779756705073,1.8966780525447644,2.5070628981060645,1.4677715243808833,3.0435152056638217
2020-01-23,2.7086112820982993,1.9081846741146884,2.522272555845183,1.478535240912845,3.073985727824644
2020-01-24,2.723710665121279,1.9188220112119176,2.53633317785498,1.4885448281287414,3.102221080546655
2020-01-27,2.6949686323029645,1.8985735883801549,2.5095684512011514,1.4685938102846305,3.046709333546938
2020-01-28,2.6809144575424555,1.8886725881655515,2.496481132423529,1.4676671335934628,3.019496860097118
2020-01-29,2.6973035750077408,1.9002185279525612,2.511742761683667,1.4676671335934628,3.0499628461608292
2020-01-30,2.6764669476285965,1.8855393699323966,2.492339588647308,1.4676671335934628,3.0098668377942466
2020-01-31,2.6600778301633117,1.8739934301453869,2.47707795938717,1.4676671335934628,2.978392191063571
2020-02-03,2.6035501528890177,1.8341703487933265,2.424439099770454,1.4676671335934628,2.871595258842827
2020-02-04,2.663980693843579,1.8767429515363174,2.423226880220569,1.4676671335934628,2.8691843738453517
2020-02-05,2.688330810621958,1.89389732136284,2.444164773212784,1.4676671335934628,2.910309302502719
2020-02-06,2.69918269137906,1.9015423432539034,2.454031038392953,1.4676671335934628,2.9295257578546194
2020-02-07,2.690376491451477,1.895338479358754,2.446024656304921,1.4620448719672405,2.9129640002330177
2020-02-10,2.6755107764298307,1.8848657586101025,2.4325091109557526,1.461301448363446,2.885427150431602
2020-02-11,2.692500351166201,1.8968347134564225,2.44795561773179,1.461301448363446,2.9156875747671043
2020-02-12,2.7132479414816397,1.9114511459162553,2.4668188205704,1.461301448363446,2.9529024287584678
2020-02-13,2.7073439155037056,1.9072918293095764,2.461451024219451,1.4574191787207913,2.941595917772839
2020-02-14,2.6937344917345825,1.8977041509182884,2.449077668221452,1.4501454149856543,2.9162514424482673
2020-02-17,2.6786907025855258,1.8871059790489735,2.4354002222209505,1.4494255380125374,2.8883935364232
2020-02-18,2.666838132097805,1.8787559830554503,2.42462415435622,1.4494255380125374,2.8664275782288335
2020-02-19,2.6965031100886736,1.8996546098662614,2.4515948284700353,1.4494255380125374,2.9194646292411837
2020-02-20,2.68648492027685,1.8925969134047431,2.442486534753849,1.4494255380125374,2.9007405026411077
2020-02-24,2.6305687756157115,1.8532046495597416,2.3916489404761547,1.4494255380125374,2.798854087689127
2020-02-25,2.6235639475013834,1.848269830842523,2.390453116005917,1.4494255380125374,2.7965042734841647
2020-02-26,2.5970122264502162,1.8295644567949203,2.390453116005917,1.4494255380125374,2.7965042734841647
2020-02-27,2.5869608106121804,1.828649674566523,2.390453116005917,1.4494255380125374,2.7965042734841647
2020-02-28,2.490994708878598,1.828649674566523,2.390453116005917,1.4494255380125374,2.7965042734841647
2020-03-02,2.475650799675784,1.828649674566523,2.390453116005917,1.4494255380125374,2.7965042734841647
2020-03-03,2.5135768970335044,1.828649674566523,2.390453116005917,1.4494255380125374,2.7965042734841647
2020-03-04,2.5019467020414767,1.828649674566523,2.390453116005917,1.4494255380125374,2.7965042734841647
2020-03-05,2.50594946096395,1.828649674566523,2.390453116005917,1.4494255380125374,2.7965042734841647
2020-03-06,2.443784434575697,1.828649674566523,2.390453116005917,1.4494255380125374,2.7965042734841647
2020-03-09,2.3241464178928855,1.828649674566523,2.390453116005917,1.4494255380125374,2.7965042734841647
2020-03-11,2.3256919710206656,1.828649674566523,2.390453116005917,1.4494255380125374,2.7965042734841647
2020-03-12,2.1326144468852544,1.828649674566523,2.390453116005917,1.4494255380125374,2.7965042734841647
2020-03-13,2.213792578155255,1.828649674566523,2.390453116005917,1.4494255380125374,2.7965042734841647
2020-03-16,2.045276470951845,1.828649674566523,2.390453116005917,1.4494255380125374,2.7965042734841647
2020-03-17,1.99405214522083,1.828649674566523,2.390453116005917,1.4494255380125374,2.7965042734841647
2020-03-18,1.8832535544918132,1.828649674566523,2.390453116005917,1.4494255380125374,2.7965042734841647
2020-03-19,1.8375888333166923,1.828649674566523,2.390453116005917,1.4494255380125374,2.7965042734841647
2020-03-20,1.9447738222406983,1.828649674566523,2.390453116005917,1.4494255380125374,2.7965042734841647
2020-03-23,1.6923331160973378,1.828649674566523,2.390453116005917,1.4494255380125374,2.7965042734841647
2020-03-24,1.7347623172428404,1.828649674566523,2.390453116005917,1.4494255380125374,2.7965042734841647
2020-03-25,1.8496859299842474,1.828649674566523,2.390453116005917,1.4494255380125374,2.7965042734841647
2020-03-26,1.921646770688631,1.828649674566523,2.390453116005917,1.4494255380125374,2.7965042734841647
2020-03-27,1.9258273865749447,1.828649674566523,2.390453116005917,1.4494255380125374,2.7965042734841647
2020-03-30,1.8415136305175315,1.828649674566523,2.390453116005917,1.4494255380125374,2.7965042734841647
2020-03-31,1.9119289180941348,1.828649674566523,2.390453116005917,1.4494255380125374,2.7965042734841647
2020-04-01,1.8354428229178277,1.828649674566523,2.390453116005917,1.4494255380125374,2.7965042734841647
2020-04-03,1.7976389886500248,1.828649674566523,2.390453116005917,1.4494255380125374,2.7965042734841647
2020-04-07,1.9551698766643446,1.828649674566523,2.390453116005917,1.4494255380125374,2.7965042734841647
2020-04-08,1.9455076179437716,1.828649674566523,2.390453116005917,1.4494255380125374,2.7965042734841647
2020-04-09,2.0262633660700975,1.828649674566523,2.390453116005917,1.4494255380125374,2.7965042734841647
2020-04-13,2.0000117650726876,1.828649674566523,2.390453116005917,1.4494255380125374,2.7965042734841647
2020-04-15,1.9847679682756494,1.828649674566523,2.390453116005917,1.4494255380125374,2.7965042734841647
2020-04-16,1.999778314234924,1.828649674566523,2.390453116005917,1.4494255380125374,2.7965042734841647
2020-04-17,2.060698124712724,1.828649674566523,2.390453116005917,1.4494255380125374,2.7965042734841647
2020-04-20,2.0596083979184003,1.828649674566523,2.390453116005917,1.4494255380125374,2.7965042734841647
2020-04-21,1.9972544392242366,1.828649674566523,2.390453116005917,1.4494255380125374,2.7965042734841647
2020-04-22,2.043030348147204,1.828649674566523,2.390453116005917,1.4494255380125374,2.7965042734841647
2020-04-23,2.0711832162000747,1.828649674566523,2.390453116005917,1.4494255380125374,2.7965042734841647
2020-04-24,2.035714324637048,1.828649674566523,2.390453116005917,1.4494255380125374,2.7965042734841647
2020-04-27,2.0641560202380353,1.828649674566523,2.390453116005917,1.4494255380125374,2.7965042734841647
2020-04-28,2.0860823744115033,1.828649674566523,2.390453116005917,1.4494255380125374,2.7965042734841647
2020-04-29,2.124430854912898,1.828649674566523,2.390453116005917,1.4494255380125374,2.7965042734841647
2020-04-30,2.1926002368484303,1.828649674566523,2.390453116005917,1.4494255380125374,2.7965042734841647
2020-05-04,2.0666466692225107,1.828649674566523,2.390453116005917,1.4494255380125374,2.7965042734841647
2020-05-05,2.0470997762856715,1.828649674566523,2.390453116005917,1.4494255380125374,2.7965042734841647
2020-05-06,2.0616210698852777,1.828649674566523,2.390453116005917,1.4494255380125374,2.7965042734841647
2020-05-07,2.045643260221597,1.828649674566523,2.390453116005917,1.4494255380125374,2.7965042734841647
2020-05-08,2.0573068984034064,1.828649674566523,2.390453116005917,1.4494255380125374,2.7965042734841647
2020-05-11,2.054571723239097,1.828649674566523,2.390453116005917,1.4494255380125374,2.7965042734841647
2020-05-12,2.0450873214823644,1.828649674566523,2.390453116005917,1.4494255380125374,2.7965042734841647
2020-05-13,2.086671539176948,1.828649674566523,2.390453116005917,1.4494255380125374,2.7965042734841647
2020-05-14,2.0331235632467974,1.828649674566523,2.390453116005917,1.4494255380125374,2.7965042734841647
2020-05-15,2.031811460956781,1.828649674566523,2.390453116005917,1.4494255380125374,2.7965042734841647
2020-05-18,1.9620745923728973,1.828649674566523,2.390453116005917,1.4494255380125374,2.7965042734841647
2020-05-19,1.974494176941921,1.828649674566523,2.390453116005917,1.4494255380125374,2.7965042734841647
2020-05-20,2.01617850704228,1.828649674566523,2.390453116005917,1.4494255380125374,2.7965042734841647
2020-05-21,2.0250068576540046,1.828649674566523,2.390453116005917,1.4494255380125374,2.7965042734841647
2020-05-22,2.0101076994425764,1.828649674566523,2.390453116005917,1.4494255380125374,2.7965042734841647
2020-05-26,2.007839425953794,1.828649674566523,2.390453116005917,1.4494255380125374,2.7965042734841647
2020-05-27,2.0714166670378393,1.828649674566523,2.390453116005917,1.4494255380125374,2.7965042734841647
2020-05-28,2.110365604810319,1.828649674566523,2.390453116005917,1.4494255380125374,2.7965042734841647
2020-05-29,2.1304239179545377,1.828649674566523,2.390453116005917,1.4494255380125374,2.7965042734841647
2020-06-01,2.1850950638687934,1.828649674566523,2.390453116005917,1.4494255380125374,2.7965042734841647
2020-06-02,2.2191072222041752,1.828649674566523,2.390453116005917,1.4494255380125374,2.7965042734841647
2020-06-03,2.2374421252567736,1.828649674566523,2.390453116005917,1.4494255380125374,2.7965042734841647
2020-06-04,2.230225996988823,1.828649674566523,2.390453116005917,1.4494255380125374,2.7965042734841647
2020-06-05,2.2553657205077675,1.828649674566523,2.390453116005917,1.4494255380125374,2.7965042734841647
2020-06-08,2.2609917771160855,1.828649674566523,2.390453116005917,1.4494255380125374,2.7965042734841647
2020-06-09,2.2341288606690903,1.828649674566523,2.390453116005917,1.4494255380125374,2.7965042734841647
2020-06-10,2.249583957619751,1.828649674566523,2.390453116005917,1.4494255380125374,2.7965042734841647
2020-06-11,2.2019621583516757,1.828649674566523,2.390453116005917,1.4494255380125374,2.7965042734841647
2020-06-12,2.217728667861734,1.828649674566523,2.390453116005917,1.4494255380125374,2.7965042734841647
2020-06-15,2.182326445514701,1.828649674566523,2.390453116005917,1.4494255380125374,2.7965042734841647
2020-06-16,2.2046306642999904,1.828649674566523,2.390453116005917,1.4494255380125374,2.7965042734841647
2020-06-17,2.1973257161319046,1.828649674566523,2.390453116005917,1.4494255380125374,2.7965042734841647
2020-06-18,2.2441357579752723,1.828649674566523,2.390453116005917,1.4494255380125374,2.7965042734841647
2020-06-19,2.278103614942372,1.828649674566523,2.390453116005917,1.4494255380125374,2.7965042734841647
2020-06-22,2.2929582546219476,1.828649674566523,2.404845117121088,1.4494255380125374,2.824285310511005
2020-06-23,2.3284938154009684,1.828649674566523,2.4421146660329924,1.4494255380125374,2.8972857561004126
2020-06-24,2.291646152331931,1.828649674566523,2.403468989675702,1.4494255380125374,2.81979264246257
2020-06-25,2.2879993245007086,1.828649674566523,2.3996442117560783,1.4494255380125374,2.8117639578760922
2020-06-26,2.3089247717799877,1.828649674566523,2.4215907341629794,1.4494255380125374,2.8544512525018773
2020-06-29,2.293225148649493,1.828649674566523,2.4051250344713657,1.4494255380125374,2.8213611610815845
2020-06-30,2.290934507312999,1.828649674566523,2.402722619328378,1.4494255380125374,2.8161348565007063
2020-07-01,2.319387495419627,1.828649674566523,2.4325639953664298,1.4494255380125374,2.8743704574115183
2020-07-02,2.3464395613361035,1.828649674566523,2.460936090015838,1.4494255380125374,2.930159786002293
2020-07-03,2.358814627373275,1.828649674566523,2.4739150080024843,1.4494255380125374,2.9555950334752117
2020-07-06,2.3935720910809404,1.828649674566523,2.5103684919298113,1.4494255380125374,3.0282050891255348
2020-07-07,2.4015776089258867,1.828649674566523,2.5187646458766344,1.4494255380125374,3.044680998097336
2020-07-08,2.38069646301489,1.828649674566523,2.4968645865612356,1.4494255380125374,2.9996965316875466
2020-07-09,2.4046463473337356,1.828649674566523,2.5219831260041996,1.4494255380125374,3.049842129266653
2020-07-10,2.3945504129638473,1.828649674566523,2.51139455186716,1.4494255380125374,3.027807019522006
2020-07-13,2.4022558107550362,1.828649674566523,2.5194759411450782,1.4494255380125374,3.043636605576156
2020-07-14,2.358814627373275,1.828649674566523,2.473915008002484,1.4494255380125374,2.9506850453698554
2020-07-15,2.3612275317996856,1.828649674566523,2.4764456521676084,1.4494255380125374,2.95523635445461
2020-07-16,2.3883017484003033,1.828649674566523,2.5048409783627683,1.4494255380125374,3.011616228740397
2020-07-17,2.424270984828639,1.828649674566523,2.542565364498843,1.4494255380125374,3.087248325192776
2020-07-20,2.4510672320596405,1.8479480029702466,2.570669157570849,1.4638634577876597,3.1440066063298917
2020-07-21,2.4822108767987254,1.8714283201757629,2.603332483136927,1.4811850085219649,3.2105339930360843
2020-07-22,2.4756173564860013,1.8664572273656306,2.5964172263516225,1.477450397671915,3.1956517250005017
2020-07-23,2.4940412966023047,1.8803477004213847,2.6157401784103937,1.4888412923509187,3.235025835840304
2020-07-24,2.4893047419767584,1.8767766410286637,2.610772499543907,1.4858430215508118,3.224142947847091
2020-07-27,2.4754394995221607,1.8663231345848026,2.5962306907048545,1.477148869199777,3.1934240298939103
2020-07-28,2.5129653644203476,1.8946152377924588,2.635587662330589,1.5007776944018352,3.274151100000262
2020-07-29,2.4912392350584316,1.8782351251454104,2.612801387872854,1.4874289911837915,3.2260464653852794
2020-07-30,2.468846196373007,1.8613522055021194,2.5893156616798025,1.4740749964614308,3.1767900425100626
2020-07-31,2.462463976213905,1.8565404194999793,2.5826220156201454,1.4703387144396858,3.1624440280374877
2020-08-03,2.4220248620239984,1.8260519125624002,2.5402096402076095,1.4468655201726919,3.074685766851994
2020-08-04,2.4673117185872973,1.860195307346649,2.5877063077358935,1.472160044410237,3.1706805648271614
2020-08-05,2.4687350086251603,1.8612683770481708,2.5891990484305407,1.4728496281146806,3.17319633146691
2020-08-06,2.4906389949509165,1.877782582476047,2.6121718585350435,1.4844747291996871,3.2199151901336958
2020-08-07,2.4937298840429065,1.880112915259349,2.6154135702083603,1.486119944136398,3.226060810417199
2020-08-10,2.506205279649423,1.8895185660288525,2.6284977134316447,1.4928241583699746,3.2525951626592815
2020-08-11,2.517846549983522,1.8982953396662925,2.6407070295252164,1.4990708345166601,3.2773940307690173
2020-08-12,2.5147111423596793,1.8959314427559213,2.637418627000145,1.4970967381085536,3.269966989239661
2020-08-13,2.5129432137362064,1.8945985375926486,2.6355644307848376,1.4960315282255392,3.2655340429158253
2020-08-14,2.485802327919595,1.8741360447292825,2.6070991821921714,1.4794437395972468,3.2057405942223136
2020-08-17,2.5010793507428453,1.8856539433198622,2.6231216604324903,1.488779922521728,3.2382604323202955
2020-08-18,2.531822763022397,1.9088325108366533,2.6553652238532774,1.5080020123512152,3.3045305952045227
2020-08-19,2.536948691928975,1.9126971335456433,2.6607412768524314,1.5112011396835203,3.3151856817072765
2020-08-20,2.5155561258105985,1.896568506260441,2.638304842142481,1.4976597495089916,3.267665038879208
2020-08-21,2.5287650999566185,1.9065272283530665,2.6521583594985882,1.5058540699071163,3.295903474351795
2020-08-24,2.5498575460212374,1.9224295843035872,2.674280029539634,1.5189064383147592,3.341487232344249
2020-08-25,2.551147280463543,1.9234019616239015,2.675632697679016,1.5196878252439197,3.34373986716358
2020-08-26,2.5683479381899654,1.9363701579587722,2.6936726762356593,1.5309653986415053,3.38100931554925
2020-08-27,2.5704939485888305,1.9379881126109602,2.6959234030505064,1.5323452850960118,3.385160654437783
2020-08-28,2.5901407367678755,1.9528005349327,2.716528873090901,1.5461801107684328,3.4280124433856356
2020-08-31,2.532300957203565,1.9091930386796123,2.655866751929203,1.5050520544595631,3.2988747289761773
2020-09-01,2.550702529472157,1.9230666478081073,2.6751662446819706,1.5167375086089714,3.3385489750458994
2020-09-02,2.5651013428182763,1.9339224325944524,2.6902676604613265,1.5267381185677786,3.36960936111166
2020-09-03,2.5634224512585084,1.9326566556853182,2.6885068459495294,1.5254837414403914,3.3653158699064334
2020-09-04,2.52037042499421,1.9001981800799468,2.64335405917935,1.4945811778739753,3.2698228018429303
2020-09-07,2.5250848289356145,1.9037525392728576,2.648298506500085,1.4974364157921287,3.27952000959072
2020-09-08,2.516701229315276,1.8974318410996425,2.639505821953722,1.4920662508874523,3.260662504441778
2020-09-09,2.507950840425186,1.8908346072648665,2.630328450340948,1.486452631862916,3.2410549304649825
2020-09-10,2.546032644062605,1.9195458527422657,2.6702684882129897,1.5106244414274255,3.3231229729770764
2020-09-11,2.549412795029852,1.9220942704877935,2.673813576542588,1.5125756862075312,3.3299488711717666
2020-09-14,2.543986746069516,1.9180033764441216,2.668122758874529,1.5091649719860445,3.317465082331807
2020-09-15,2.562165942842415,1.9317093286647193,2.687189025128774,1.5204545551656559,3.356690042721796
2020-09-16,2.5805675151110075,1.9455829377932146,2.7064885178815414,1.5322108477589913,3.396582203003368
2020-09-17,2.560898359084251,1.9307536515442154,2.685859588535143,1.5197083833525526,3.3525165933291725
2020-09-18,2.5584190026054165,1.9288843752576308,2.6832592497327643,1.5180979086817175,3.3464792741084817
2020-09-21,2.5018465896357,1.8862323923975979,2.623926337404445,1.4818491328870547,3.2216407678045265
2020-09-22,2.4802985344011943,1.8699865362588266,2.60132682635373,1.4810498361740019,3.1744848120281137
2020-09-23,2.4754505748642317,1.8663314846847079,2.5962423064777296,1.4810498361740019,3.1635100808627596
2020-09-24,2.4028894940523333,1.8116250683833341,2.520140545561767,1.4810498361740019,3.007251136097899
2020-09-25,2.4573048212811144,1.8526507464912743,2.5772111153023642,1.4810498361740019,3.1210754676139962
2020-09-28,2.496731953234762,1.8823762835159616,2.618562127938419,1.4810498361740019,3.204614743147279
2020-09-29,2.4955868497300853,1.8815129486767603,2.6173611481271775,1.4810498361740019,3.201585461658928
2020-09-30,2.5011794631486213,1.8857294216739062,2.6232266579088765,1.4810498361740019,3.213071956321845
2020-10-01,2.5388499589844367,1.9141305673626754,2.662735317862752,1.4810498361740019,3.293766008190435
2020-10-05,2.5580630715141663,1.928616025968526,2.682885950678977,1.4887529942765558,3.3350430083451386
2020-10-06,2.5934320678349874,1.9552819881515386,2.719980807477242,1.5044812311928524,3.4118864740586208
2020-10-07,2.6104325007498583,1.9680992277783222,2.737810791081114,1.5118105759978593,3.4488433918009123
2020-10-08,2.6317249544624595,1.9841523767094815,2.7601422283146793,1.5209953540763308,3.495474912372685
2020-10-09,2.649426174217761,1.9974979648145699,2.7787071942532515,1.528610880338596,3.5343403329612544
2020-10-12,2.653150963770618,2.0003062180218483,2.7826137381035094,1.5302363549701223,3.5420645885828543
2020-10-13,2.653940353347614,2.0009013672993934,2.783441646621215,1.5305837161007254,3.543213696069332
2020-10-14,2.6620681342824772,2.007029194537547,2.7919660295901756,1.5341677221611225,3.5608135747239227
2020-10-15,2.59742353425182,1.958291298666335,2.7241670409175263,1.5055465692384775,3.414996853409175
2020-10-16,2.615680692746354,1.9720560290411662,2.7433150731024054,1.5128729215522168,3.4547041132961733
2020-10-19,2.6402753357045667,1.9905988175636191,2.7691098327349337,1.5228356363620048,3.508643316199574
2020-10-20,2.645556753727275,1.9945806691261783,2.7746489620748522,1.5249473354246648,3.519813545534361
2020-10-21,2.654640923024474,2.001429552050249,2.784176401195663,1.5288864598638339,3.539491133935197
2020-10-22,2.64547900916921,1.9945220546993936,2.77456742390447,1.524751764695473,3.518359281634529
2020-10-23,2.6530174081750597,2.00020552564064,2.782473665548244,1.5281314074360521,3.5345773893698422
2020-10-26,2.616859239440813,1.9729445779075314,2.744551127992526,1.507022330598044,3.453069676203027
2020-10-27,2.6439113053572894,1.9933401062442082,2.7729232226419342,1.522809312832283,3.5124036848512494
2020-10-28,2.6083755274146987,1.966548401380273,2.735653445969777,1.5012343857076982,3.4325188186290867
2020-10-29,2.595299891700667,1.9566902079414061,2.7219397734086828,1.4938330904458845,3.4030247892620307
2020-10-30,2.588984557921129,1.9519288499935945,2.7153162775067847,1.4903244796489883,3.38852412044523
2020-11-02,2.5949331024309155,1.9564136722798453,2.721555086342272,1.493744733273366,3.4010035431778767
2020-11-03,2.627032918368766,1.9806148814438298,2.7552212402999476,1.5126412457422502,3.4710503925115543
2020-11-04,2.6481585904595972,1.9965422876940657,2.7773777576596204,1.525211936734092,3.5173117430463074
2020-11-05,2.695257677014652,2.0320519880412076,2.8267750844947144,1.5531075485536125,3.621737522859559
2020-11-06,2.727112966772668,2.0560688400974843,2.8601847804081157,1.5707151760341367,3.6929787014760835
2020-11-09,2.771032127172027,2.0891810794071852,2.9062470138663827,1.5945173191936146,3.792196259250169
2020-11-10,2.8088470367819007,2.117691103849618,2.9459071343881464,1.6139632583288606,3.8784271323280364
2020-11-11,2.8350986377793106,2.1374831328088444,2.973439704746973,1.6270891235785814,3.93861259972447
2020-11-12,2.8221228973074846,2.127700253996572,2.959830801902012,1.620650055139065,3.907654195020113
2020-11-13,2.828605229872362,2.132587518352756,2.9666294454380546,1.6243701656472715,3.922041126709155
2020-11-17,2.862906650083001,2.1584485963959024,3.0026046328352076,1.6449363525495162,4.0012151753242025
2020-11-18,2.8771497571494207,2.1691869886012296,3.017542744513547,1.6533658486194582,4.033939377468425
2020-11-19,2.840113161774472,2.141263763336437,2.978698916736613,1.631337054121739,3.946039827411241
2020-11-20,2.859537574457824,2.1559085287502797,2.9990711602784845,1.6419128757722854,3.9906651587845503
2020-11-23,2.8745257697329576,2.167208669833532,3.0147907173830273,1.6502041240782879,4.0250883388759355
2020-11-24,2.903145539461355,2.1887861466253944,3.0448070132949714,1.6660489284990418,4.09167451047244
2020-11-25,2.8593931606837653,2.155799649996616,2.9989196997105965,1.6394034296029112,3.98741561044966
2020-11-26,2.8879905625644517,2.177360262861219,3.028912536316537,1.6549239925803703,4.0536789837407925
2020-11-27,2.883976728299908,2.1743340884191644,3.0247028435702497,1.6524531281032706,4.043508783171644
2020-12-01,2.9151314483810635,2.1978227557245855,3.057377784909203,1.671289456299788,4.1161460237946725
2020-12-02,2.9161766566435348,2.1986107759371927,3.0584739950043116,1.671889121818662,4.117903092304625
2020-12-03,2.920657609747176,2.2019891281223014,3.0631736000536485,1.6745916104087073,4.127806435933804
2020-12-04,2.948376584987161,2.2228874634552205,3.0922451464383727,1.6916415659304833,4.192864156171613
2020-12-07,2.9699915266012304,2.2391837476483203,3.114914807646846,1.7048995729835037,4.243743407175925
2020-12-08,2.978263938473723,2.245420617367587,3.1235908789439475,1.7101685388346342,4.262847685157363
2020-12-09,3.008540231914177,2.268247007141324,3.155344530061685,1.730140518632048,4.334865967511191
2020-12-10,2.997243600165689,2.259730068965635,3.1434966694887736,1.7221812658351392,4.306775839462276
2020-12-11,3.005149005604859,2.2656902392958913,3.151787825959211,1.7276346827967846,4.325095233784451
2020-12-14,3.015000413794913,2.2731175712976976,3.162119942051976,1.734577093157265,4.348144961033547
2020-12-15,3.0171572823722785,2.274743712322341,3.164382056879446,1.736012662813109,4.35260633334021
2020-12-16,3.042697238350757,2.2939992064308066,3.191168256890949,1.7547053220170277,4.4137102814961455
2020-12-17,3.0555950171009485,2.3037233070888457,3.204695393805276,1.7643101479124328,4.444352574561921
2020-12-18,3.0600090838250256,2.3070512312196256,3.2093248486968537,1.7675189346512203,4.454354451065004
2020-12-21,2.9639096436594556,2.2345983967083107,3.1085361540163463,1.6818033262999224,4.2186832837535455
2020-12-22,2.9945750942173723,2.2577181860708677,3.1406979515064988,1.6978750929068076,4.291234266450887
2020-12-23,3.0245512676040693,2.280318304509924,3.172136837955332,1.7137898037203068,4.362610993648477
2020-12-24,3.057496284156409,2.305156740905877,3.2066894348155963,1.7312794313194249,4.4416386386001285
2020-12-28,3.085059770280265,2.3259378473852275,3.235597904859557,1.7468961881364427,4.508095479606589
2020-12-29,3.098268744426285,2.3358965694778533,3.2494514222156643,1.7544294261948896,4.5397160026597465
2020-12-30,3.109243105436875,2.344170536119051,3.2609612865739197,1.7607249921344104,4.565921292910608
2020-12-31,3.1091985869050225,2.344136971991982,3.2609145957221646,1.7606692733095772,4.565011700662833
2021-01-01,3.117370886371739,2.3502983633572048,3.2694856695428802,1.7654279377803594,4.584359532238641
2021-01-04,3.142810729944441,2.3694783791116265,3.2961668720779977,1.7802857465517583,4.646375031760669
2021-01-05,3.1576208510921644,2.380644263686602,3.31169966577552,1.7889657160626866,4.682326402394554
2021-01-06,3.145779355946514,2.371716533341075,3.2992803547291767,1.781950377442114,4.652021846319968
2021-01-07,3.1438001271694187,2.37022432136981,3.297204547788222,1.7807727242491254,4.646292293582603
2021-01-08,3.1904768305807987,2.4054155718284167,3.3461588809322738,1.80832687540985,4.761312125471105
2021-01-11,3.22105346123858,2.4284683966642846,3.3782275244791684,1.8257916542035308,4.837098397390748
2021-01-12,3.2385544561823303,2.441663028061286,3.396582495464969,1.835684478924733,4.880380981081007
2021-01-13,3.238865651578158,2.441897649495872,3.396908875906749,1.8358594901923502,4.880313520757475
2021-01-14,3.2457036980707166,2.4470530994137114,3.404080590736327,1.839719488442868,4.896759585541612
2021-01-15,3.2097012356161687,2.4199095442616207,3.3663213572816253,1.8192418740328484,4.804697499624699
2021-01-18,3.1758111232071338,2.3943585660071043,3.3307775478026387,1.8009458224038506,4.718671916398877
2021-01-19,3.2291480161472315,2.434571173602722,3.3867170601295005,1.828477708317271,4.850914094806091
2021-01-20,3.2566224652073825,2.455285151827934,3.415532148469951,1.8479015565988917,4.919366691530198
2021-01-21,3.244536226718328,2.446172900647251,3.402856151619081,1.8389025492050042,4.887848908776058
2021-01-22,3.1959584734150575,2.409548380099062,3.351908005224962,1.803578560822355,4.764111387610164
2021-01-25,3.166382532487894,2.3872500113487316,3.3208888809214203,1.7842831307044045,4.689247727446527
2021-01-27,3.106029736091397,2.341747861054446,3.2575911181182122,1.7462784394786868,4.5383471229478936
2021-01-28,3.072684487079524,2.316607674969768,3.2226187591126574,1.7276773678926727,4.455741581399304
2021-01-29,3.032000846709783,2.2859348109244815,3.1799499256558477,1.7056995961265466,4.355899518202536
2021-02-01,3.1757889725229917,2.3943418658072946,3.330754316256888,1.704881054843842,4.701996968842306
2021-02-02,3.257322817720673,2.4558131728513413,3.416266675284147,1.7320166758634754,4.903872448624184
2021-02-03,3.288922505956784,2.4796373177000057,3.4494082973803986,1.7419898339528304,4.982894601891076
2021-02-04,3.3124276392842438,2.497358685610232,3.4740603838263167,1.749360490358848,5.041818004229216
2021-02-05,3.3187874915956344,2.5021536076851127,3.48073057057997,1.7513521999888717,5.0571892263936356
2021-02-08,3.3613834743629063,2.5342682556473357,3.5254050608199754,1.7647016833676226,5.165292099889047
2021-02-09,3.359938033640902,2.533178485746004,3.5238890885795766,1.7642464544523637,5.160657704786424
2021-02-10,3.359315425685676,2.5327090791493814,3.523236099935763,1.7640481873861118,5.1581479783161015
2021-02-11,3.3741700653652518,2.543908527851426,3.5388155844850404,1.7687258587741406,5.195543503392374
2021-02-12,3.371946310408322,2.542231958772454,3.5364833194998115,1.7680268216601918,5.188883838258411
2021-02-15,3.4056140473216643,2.5676152801190733,3.571793902480276,1.7786026493661447,5.274969131662996
2021-02-16,3.405336077952048,2.5674057089842015,3.5715023693571224,1.7785069050278866,5.273322164051507
2021-02-17,3.3820867633100633,2.549877212009037,3.5471185844886066,1.7709680909866738,5.211945445052121
2021-02-18,3.3620840440397677,2.534796440398192,3.526139815394424,1.7643991414403126,5.159273277706423
2021-02-19,3.33157408259798,2.5117938798892037,3.4941410942450357,1.754390475851529,5.079754616839809
2021-02-22,3.263516105573864,2.460482515972749,3.4227621699241615,1.732202554425448,4.904621702121107
2021-02-23,3.27065427212018,2.4658642372252704,3.430248649422645,1.7344824677411543,4.921775704035545
2021-02-24,3.331629676471904,2.5118357941161786,3.4941994008696673,1.754282833441098,5.074986050213663
2021-02-25,3.357280603034659,2.531174952951144,3.52110198637018,1.762749067492274,5.139706213935632
2021-02-26,3.230927020112776,2.4359124288659015,3.388582872117686,1.7200487269611693,4.814001803059536
2021-03-01,3.282606955013678,2.4748757960247465,3.44278457371825,1.7352094166457477,4.94245429892558
2021-03-02,3.3176421709273893,2.501290109118464,3.479529363008478,1.7476480390119904,5.030163660469375
2021-03-03,3.39024777027114,2.556030089546907,3.5556778147761956,1.7754825727636856,5.214126771752045
2021-03-04,3.353589256671584,2.5283919137710296,3.517230517598801,1.7621702378325792,5.118544303290037
2021-03-05,3.321867305345555,2.504475590368511,3.483960666480412,1.7508025036831714,5.036349701090035
2021-03-08,3.32589243211574,2.5075102786379206,3.4881822027598277,1.75222198904924,5.045714469449475
2021-03-09,3.357514271035993,2.5313511236863953,3.5213470564018308,1.7636735216988546,5.125384186619118
2021-03-10,3.374503628608793,2.5441600132132733,3.5391654242328263,1.7697283276354945,5.168034422481941
2021-03-12,3.3425150004187887,2.5200426325032375,3.505615883524412,1.7583662200125827,5.084868056573958
2021-03-15,3.319954962948024,2.5030338064515743,3.481955009697216,1.7503986170947574,5.026349883320894
2021-03-16,3.315718753187787,2.499839975101622,3.477512090452406,1.7489048381493562,5.014700265288572
2021-03-17,3.2736563413120363,2.468127605481883,3.4333972071527037,1.7338482757676976,4.907003763013028
2021-03-18,3.2373090231083084,2.440724051140592,3.39527629041709,1.7332603086248226,4.814661503581397
2021-03-19,3.2787043084969807,2.4719334500366394,3.4386914942212234,1.7332603086248226,4.917193165728555
2021-03-22,3.2770143415951423,2.4706593230276,3.4369190639365508,1.7332603086248226,4.912076060648134
2021-03-23,3.2944373748172575,2.483795176270368,3.4551922689917167,1.7332603086248226,4.955068046097639
2021-03-24,3.235430123900559,2.4393074812508195,3.3933057087127736,1.7113774737304575,4.805175787406003
2021-03-25,3.18550682511749,2.4016685054278932,3.340946359794389,1.7107906954173748,4.679835651837294
2021-03-26,3.226067985233744,2.4322490271918773,3.38348673646881,1.7107906954173748,4.779072467370176
2021-03-30,3.3011863842461113,2.488883497934069,3.4622706021177856,1.7107906954173748,4.965088143529554
2021-03-31,3.2668517380092603,2.4629973695912075,3.4262605674020055,1.6968195377878064,4.87750768930517
2021-04-01,3.3061342390252793,2.4926138641347824,3.467459891709919,1.6961839334944497,4.975133945113157
2021-04-05,3.2550879874216747,2.454128253672465,3.4139227945260444,1.6756177833250612,4.845279758993988
2021-04-06,3.2652505910075567,2.4617902071088578,3.42458129106059,1.6749804883340647,4.869831627980105
2021-04-07,3.2953935460160233,2.4845160682288365,3.456195097383315,1.6749804883340647,4.944464591051503
2021-04-08,3.3075686044052124,2.4936952839362094,3.468964248177442,1.6793212082873308,4.9742721718870815
2021-04-09,3.2989070354152576,2.487165014628123,3.4598800305079256,1.6757612811243678,4.95152821659818
2021-04-12,3.182371200330077,2.3993044447900735,3.3376577295090653,1.6269390361466023,4.656955447395512
2021-04-13,3.2255120464945106,2.4318298849221343,3.382903670222502,1.6262683142007075,4.762143905662703
2021-04-15,3.2425572151048034,2.444680852403436,3.400780572438381,1.6262683142007075,4.803565717048986
2021-04-16,3.250651552849885,2.450783465614425,3.409269880328462,1.6262683142007075,4.822858761712491
2021-04-19,3.1931898550609663,2.4074610188502525,3.349004289766303,1.6262683142007075,4.678862455349342
2021-04-20,3.1791691234902393,2.3968902835528225,3.334299404586486,1.6262683142007075,4.64354679419445
2021-04-22,3.2035748341425414,2.4152906291945424,3.332632254884193,1.6262683142007075,4.6396482443320615
2021-04-23,3.1891647282907813,2.404426330580843,3.3159753154549154,1.6262683142007075,4.5998972875167725
2021-04-26,3.2211090551125032,2.4285103108912587,3.314317327797188,1.6262683142007075,4.59603538416314
2021-04-27,3.258479213730991,2.456685021517897,3.351111696893643,1.6262683142007075,4.680905248185556
2021-04-28,3.305511631070052,2.4921444575381595,3.399481158087058,1.6262683142007075,4.793532925715516
2021-04-29,3.312260857662475,2.4972329429293096,3.406422252596284,1.6280002460855765,4.809127652791252
2021-04-30,3.2535980281678167,2.4530049196440635,3.3460917483340413,1.607723113252323,4.665268106890425
2021-05-03,3.254276447160536,2.4535164041951094,3.346789453512677,1.6071580690682736,4.666084290848245
2021-05-04,3.2236663733129727,2.430438365332077,3.3153091923892997,1.6071580690682736,4.591570610797626
2021-05-05,3.250651552849885,2.450783465614425,3.343061510221451,1.6071580690682736,4.655304930676963
2021-05-06,3.274434655546961,2.468714404659523,3.367520722144837,1.6071580690682736,4.711680691323863
2021-05-07,3.296305415846505,2.485203559787684,3.3900132273450896,1.6071580690682736,4.763698242520333
2021-05-10,3.3228124012022495,2.5051881322270733,3.4172737568278952,1.6164043022001422,4.827185906385444
2021-05-11,3.3024428926622025,2.4898308249546677,3.3963251811730677,1.608903056528545,4.776652264521876
2021-05-12,3.2681414724515636,2.463969746911521,3.3610486355982014,1.5963259417296949,4.692508113836743
2021-05-14,3.263983007249391,2.460834529988353,3.356771952990744,1.595725387060642,4.6816602865863794
2021-05-17,3.3185429654158,2.501969250577406,3.4128829489495405,1.595725387060642,4.812244409632691
2021-05-18,3.3596711396133565,2.5329772647110373,3.455180320387273,1.6136724845416437,4.911544978812549
2021-05-19,3.3423371434549467,2.519908539722408,3.437353551066303,1.606011715460792,4.868134249276621
2021-05-20,3.3147402141413087,2.4991022192158936,3.408972092552904,1.592611519104277,4.799788867310118
2021-05-21,3.374614816356638,2.5442438416672206,3.4705488179728894,1.6209565178803904,4.944527017624358
2021-05-24,3.3795961143255884,2.5479994218950983,3.4756717249471367,1.623135179223293,4.9559162452897905
2021-05-25,3.3819866509042873,2.549801733654993,3.478130220019615,1.6242066504566126,4.960934348593764
2021-05-26,3.402667572003732,2.5653938260894344,3.4993990611117547,1.6336758362488433,5.011003668268716
2021-05-27,3.410761909748814,2.571496439300424,3.5077235057735,1.63744271894858,5.0301415378136465
2021-05-28,3.4325104069584413,2.5878934158747313,3.5300902721723535,1.6480349826871583,5.0831172967057
2021-05-31,3.465232830851518,2.6125640316353382,3.563742933511029,1.6639260881860178,5.163593635377642
2021-06-01,3.4634649022280453,2.6112311264720653,3.56192474597605,1.6627837143871327,5.158265605390751
2021-06-02,3.4637652394453724,2.6114575615341957,3.5622336212199848,1.6628857974001128,5.158113103454153
2021-06-03,3.489149271980582,2.6305954993341945,3.5883392744291913,1.6775430189290346,5.220682149883875
2021-06-04,3.4846796113825813,2.62722566097644,3.5837425497215465,1.6748219565675586,5.208538004186304
2021-06-07,3.502781063597416,2.6408729987702535,3.6023585924424197,1.685312930262811,5.253056342070741
2021-06-08,3.5002124528913066,2.6389364305020813,3.5997169609274056,1.6837034055007083,5.245667999072616
2021-06-09,3.4769186197174693,2.6213743693998475,3.575760927546743,1.6698259080752793,5.18613115933048
2021-06-10,3.4996899573418565,2.6385425022595026,3.5991796118045514,1.6831101016150705,5.242254983091848
2021-06-11,3.5133882010111144,2.6488701022949916,3.613267270978043,1.6916179717310482,5.27579045771217
2021-06-14,3.516167894707276,2.650965813643707,3.6161259861785995,1.6932512724254933,5.281875057000944
2021-06-15,3.52893233502548,2.660589385647987,3.6292532957144044,1.702051898302527,5.313145945345993
2021-06-16,3.506316703680792,2.64353864536935,3.605994744175252,1.684418533129303,5.255040995277748
2021-06-17,3.489382939981915,2.630771670069446,3.5885795851757374,1.671450553971791,5.211505537877164
2021-06-18,3.4875926435107307,2.629421900978914,3.586738393916879,1.6697106430178208,5.206102874833914
2021-06-21,3.501635742929169,2.6400095002036035,3.60118071244494,1.6824227911584582,5.240390149754848
2021-06-22,3.507473099691109,2.6444104940359057,3.607184014366109,1.6875981553854704,5.2541409012838
2021-06-23,3.4883933255933672,2.6300255640838137,3.5875618378969145,1.6688026406735716,5.205229077870427
2021-06-24,3.5114091893975887,2.647378054051176,3.6112319997575217,1.6903931838419943,5.261983949851471
2021-06-25,3.5269531062483845,2.659097173676723,3.627217801156758,1.7045520915903103,5.300174361276546
2021-06-28,3.516801795168143,2.651443734067684,3.616777907246601,1.6943343295876736,5.273630833411435
2021-06-29,3.5020694185784844,2.640336463919493,3.6016267166836515,1.679691567015862,5.235611828090504
2021-06-30,3.4960763555368453,2.635818077506173,3.595463282043827,1.6735094280805072,5.219650301370751
2021-07-01,3.4868477724655875,2.6288603158284385,3.5859723475779797,1.664242652499571,5.195600473586287
2021-07-02,3.496232061816545,2.6359354700871913,3.5956234147624833,1.6727714658296504,5.2181697757687955
2021-07-05,3.521171343360368,2.654738094071395,3.6212716735396007,1.6962043846068617,5.279756441130714
2021-07-06,3.5175911847451395,2.6520388833452295,3.617589737696134,1.692317632582999,5.269817688851916
2021-07-07,3.531245127046115,2.6623330829810983,3.6316318360961173,1.7050189804046807,5.303241784575523
2021-07-08,3.4974996455747087,2.636891147207695,3.596927033561362,1.671991998968097,5.217216160463543
2021-07-09,3.489027008890665,2.6305033207803414,3.588213535627791,1.663459983695838,5.195080415440986
2021-07-12,3.4896496168458917,2.6309727273769643,3.588853843165291,1.6636245970044081,5.195727017815502
2021-07-13,3.516279082455123,2.6510496420976564,3.6162403347866214,1.6885856778234987,5.261391728165445
2021-07-14,3.5255300333740918,2.65802426770265,3.625754272976348,1.696845191346732,5.283712802427841
2021-07-15,3.5411519119465225,2.6698021654824298,3.641820252403475,1.7114119872089952,5.322099805368845
2021-07-16,3.540974054982682,2.669668072701602,3.641637339298064,1.7107986377213777,5.32071868480658
2021-07-19,3.502947845219186,2.640998741451177,3.6025301153544524,1.673613127295277,5.223843523331228
2021-07-20,3.476195899356467,2.6208294844491817,3.575017661594597,1.6496374333292174,5.1559407461362
2021-07-22,3.518880919187444,2.6530112606655436,3.618916136881767,1.6846744841297314,5.2613447105876485
2021-07-23,3.5259969350496188,2.6583762817182546,3.6262344477951913,1.6896811896244164,5.278288457689551
2021-07-26,3.518969956251149,2.653078388919682,3.6190077051030345,1.683883078561986,5.259700908538123
2021-07-27,3.5016246675870986,2.6400011501036986,3.6011693222515624,1.669902885320777,5.215247392791332
2021-07-28,3.4933856989043885,2.6337894944115963,3.592696135064538,1.6632168919637218,5.193729361342465
2021-07-29,3.508740683449273,2.6453661711564096,3.6084876331649864,1.6749419677949198,5.23115191678871
2021-07-30,3.5053160139501736,2.642784189283813,3.604965606703051,1.6720026165316448,5.221662269411703
2021-08-02,3.532468192272426,2.6632551959745334,3.6328896707843614,1.6928541427902974,5.28866318366148
2021-08-03,3.5870835271491885,2.7044316670631114,3.6890576177100436,1.7337155787973026,5.42503517280934
2021-08-04,3.6155586659399583,2.725900101373861,3.718342251557119,1.7526984462143347,5.496396829909918
2021-08-05,3.6235196652530526,2.731902185931092,3.726529567224088,1.7577930386598712,5.515755413528451
2021-08-06,3.610977817594112,2.7224464345621584,3.7136311782414526,1.7492522724691388,5.482732485429202
2021-08-09,3.615436402850042,2.725807922820008,3.7182165127557205,1.7521209026734168,5.4931392434173905
2021-08-10,3.620295220565505,2.7294711607665825,3.7232134575914433,1.7553599383063385,5.5045727795890285
2021-08-11,3.620773414746673,2.729831688609541,3.723705245940789,1.7554849626044928,5.50482939976092
2021-08-12,3.639041648583277,2.743604769084277,3.7424928115736953,1.7685715870500154,5.550501223743879
2021-08-13,3.6756667189930514,2.77121773083299,3.780159064386527,1.7949568695376166,5.64332981370935
2021-08-16,3.683216627668111,2.7769098793290397,3.787923602875788,1.8000040284868382,5.661804913067635
2021-08-17,3.694679823874799,2.7855523964582023,3.7997126763583324,1.807871073271982,5.6904011962456424
2021-08-18,3.684506144946846,2.7778820929219044,3.789249778724296,1.799353269634339,5.663094005910568
2021-08-20,3.658188091897012,2.7580399633632475,3.762183552540278,1.7767048234834175,5.594179831239186
2021-08-23,3.6684060721932474,2.7657436672991653,3.772692010947823,1.7849750823645925,5.619437165368404
2021-08-24,3.696903578831728,2.787228965537174,3.8019996485187773,1.8086905773267847,5.691753065389258
2021-08-25,3.6991386262942987,2.7889140484435004,3.8042982342097247,1.8102154085647895,5.696534038577419
2021-08-26,3.699638971159608,2.7892912764862694,3.804812802945825,1.8102058831534522,5.696829955983311
2021-08-27,3.714826956919153,2.8007420468227107,3.8204325547971156,1.8234206691503492,5.735101713808606
2021-08-30,3.76505081008312,2.8386076214352167,3.8720841783801694,1.8682968452180118,5.864292544322753
2021-08-31,3.809781293580047,2.8723315464948245,3.9180862660481233,1.905429790619747,5.98025068184966
2021-09-01,3.797339558326882,2.8629512734799345,3.905290835480133,1.8949399436026848,5.946409930938138
2021-09-02,3.832452735962228,2.889424364727885,3.9414022152284116,1.9255277933995307,6.037695307935505
2021-09-03,3.852344050321107,2.904421144157332,3.961859002533893,1.9426338876348965,6.089256499492436
2021-09-06,3.8643970627839495,2.9135083450383004,3.974254659648056,1.952859338339286,6.120180118209572
2021-09-07,3.860905506905286,2.910875935111375,3.970663845351607,1.9491623361811719,6.109822977792702
2021-09-08,3.8589931645077544,2.9094341511944384,3.968697138628474,1.9470050456979906,6.103671253404113
2021-09-09,3.8624955785649187,2.91207474749382,3.9722991197811757,1.949739762768018,6.111903883769725
2021-09-13,3.8593936141308576,2.9097360646106125,3.9691089722870547,1.9465421283465256,6.10259132938298
2021-09-14,3.8648861151436176,2.9138770592537147,3.974757614853654,1.9510324472522942,6.1161053887608
2021-09-15,3.895896204287144,2.9372566840780228,4.0066492629613615,1.9795881751581286,6.197433514596088
2021-09-16,3.9203688013190106,2.9557074577740714,4.03181757025676,2.001586879014967,6.261716296474697
2021-09-17,3.9105065349504557,2.948271939399809,4.021674938060036,1.9921639951431904,6.234169375776954
2021-09-20,3.8686443478862564,2.916710526488157,3.978622687139656,1.9535501759203533,6.121017291739531
2021-09-21,3.905358455359736,2.9443906164910087,4.0163805081737545,1.9839342777031221,6.217484679939466
2021-09-22,3.901945078366277,2.9418171484457663,4.012870095242321,1.9807783480874,6.20727079695445
2021-09-23,3.963387167229957,2.9881405556248293,4.07605886803087,2.030980196535403,6.37030620681591
2021-09-24,3.9701140259746692,2.9932121770887203,4.082976958816217,2.0355938982830613,6.387345024266868
2021-09-27,3.9705366262819135,2.9935307907047046,4.083411572861552,2.035660072201219,6.387367787710372
2021-09-28,3.9468536359906135,2.9756753300136505,4.059055319352812,2.0177617037384246,6.32227652254855
2021-09-29,3.93855929059755,2.969421923822023,4.050525181198902,2.011169940140725,6.298859643101719
2021-09-30,3.917844926308323,2.953804617360417,4.029221946189505,1.994172278285176,6.2421300603658665
2021-10-01,3.8986984829945874,2.939369423081446,4.009531205222923,1.9788112738417623,6.189814569299261
2021-10-04,3.93410048817805,2.966060271836724,4.045939623347509,2.006786502388493,6.283107931119495
2021-10-05,3.963242970619468,2.988031840598614,4.0759105721798425,2.0290951158099686,6.360159091092232
2021-10-06,3.9240379969979435,2.9584737967543746,4.035591074321495,1.998952112088246,6.253401733996702
2021-10-07,3.956137812935794,2.9826750059183587,4.06860342812267,2.0213170237987863,6.338201524009529
2021-10-08,3.9794537967937726,3.000253767220403,4.092582241890088,2.0371748065925086,6.399814948419397
2021-10-11,3.9907393532001905,3.008762355296187,4.104188625604347,2.0446983466826927,6.429169338370111
2021-10-12,4.0009686260020665,3.016474573059459,4.114708697542395,2.0515309144933864,6.455714429558756
2021-10-13,4.038728158901587,3.0449428470023667,4.153541663496453,2.0772547055905366,6.556886731422129
2021-10-14,4.0780443202709575,3.074584719300555,4.193975509962823,2.1038447095274337,6.662916592343253
2021-10-18,4.108843326424433,3.0978052010443204,4.225650074384989,2.1242517822241216,6.746244710600029
2021-10-19,4.095878661294678,3.088030672331953,4.212316848019894,2.115422013075223,6.709320284818878
2021-10-20,4.062044142759566,3.062521608304411,4.177520477263871,2.0906891527390563,6.615082506107754
2021-10-21,4.04236391139074,3.0476839719555073,4.157280773643932,2.076801332868353,6.560108640838482
2021-10-22,4.0283099537938005,3.0370881863583623,4.142827288259618,2.0670632981987733,6.520663135184939
2021-10-25,4.030644896498576,3.0388485838912827,4.145228609028085,2.0684205992389346,6.52586731538027
2021-10-26,4.062444592382669,3.0628235217205853,4.177932310922451,2.09214523666938,6.611175152220489
2021-10-27,4.049668859558825,3.053191435888951,4.164793387856143,2.082481434334008,6.575106223861261
2021-10-28,3.9710148204630813,2.9938913185476634,4.083903361210899,2.023321088860993,6.35952346231794
2021-10-29,3.929742015327896,2.9627742619329185,4.0414572472478865,1.9979836065177483,6.247422915151445
2021-11-01,3.987114893216679,3.0060297441704016,4.100461128987371,2.0313579178196504,6.399481988241905
2021-11-02,3.9780639499456916,2.9992059115460457,4.0911528842898095,2.026260069262153,6.373968096822898
2021-11-03,3.9647770140780376,2.9891884112991867,4.07748822563115,2.0187139916540575,6.33710401474209
2021-11-04,3.984257454962453,3.003875418394902,4.09752245909605,2.0297318873406023,6.388276166723844
2021-11-08,4.018002936433859,3.0293173541683056,4.132227261630805,2.0494841600763967,6.478009267544359
2021-11-09,4.012599038157664,3.025243160324444,4.126669740611224,2.046220003755,6.462245266557061
2021-11-10,4.006583607268314,3.020707909983865,4.12048330224752,2.042548339839705,6.444846258374535
2021-11-11,3.974650572952233,2.9966324435008036,4.087642471358377,2.023473644069256,6.357466769968701
2021-11-12,4.025608004655702,3.0350510894364313,4.140048527749827,2.052969451635698,6.493212935568277
2021-11-15,4.027097746745988,3.0361742597373835,4.141580620427625,2.053721176689776,6.496110315246941
2021-11-16,4.00258084834584,3.017690085641715,4.116366752358718,2.039196006524869,6.428565971565271
2021-11-17,3.9802212528501966,3.0008323800255883,4.093371515289991,2.025723169070448,6.367139331478149
2021-11-18,3.9504563796171217,2.9783915683945246,4.062760482257283,2.00796765414949,6.286072891789885
2021-11-22,3.873014113242049,2.920005050219317,3.983116676769781,2.006797118212695,6.078056045099937
2021-11-23,3.8923160456719144,2.934557473351857,4.002967327117895,2.006797118212695,6.127854074602487
2021-11-24,3.87268054999851,2.9197535648574715,3.9827736309457147,2.006797118212695,6.074873707374776
2021-11-25,3.899632286345641,2.9400734511126556,4.01049155486061,2.006797118212695,6.144799304398844
2021-11-26,3.786265084910515,2.8546018284846926,3.8939015354514166,2.006797118212695,5.843768858981797
2021-11-29,3.7923804110420707,2.859212393451866,3.891954584683691,2.006797118212695,5.838862647137545
2021-11-30,3.776647344721794,2.8473506672181377,3.891954584683691,2.006797118212695,5.838862647137545
2021-12-01,3.817497983876874,2.878149437671796,3.891954584683691,2.006797118212695,5.838862647137545
2021-12-02,3.869700631490796,2.9175068968006688,3.9432294170870494,2.006797118212695,5.967005785109963
2021-12-03,3.82412451305224,2.883145417054194,3.89678729970953,2.006797118212695,5.84795573250901
2021-12-06,3.760869977033234,2.8354555405847885,3.8323308543802574,2.006797118212695,5.684508539618274
2021-12-07,3.8196770031383807,2.87979227889625,3.8304146889530677,2.006797118212695,5.679736036838161
2021-12-08,3.8848443158820576,2.9289242667374897,3.8304146889530677,2.006797118212695,5.679736036838161
2021-12-09,3.8953181148637674,2.936820841608469,3.838826534691431,2.006797118212695,5.699684979099064
2021-12-10,3.8940841914589557,2.9358905422425785,3.83761050617502,2.006797118212695,5.6956549052276895
2021-12-13,3.862273203069222,2.9119070905859217,3.806260854433023,2.006797118212695,5.6165306197996765
2021-12-14,3.8526333121963603,2.904639229119557,3.7967607654074147,2.006797118212695,5.592008170364482
2021-12-15,3.829617448392139,2.8872867391521946,3.7740786875680343,2.006797118212695,5.534934061326872
2021-12-16,3.835621586775849,2.89181347566542,3.7721916482242506,2.006797118212695,5.530287135737559
2021-12-17,3.7770920957131784,2.847685981033932,3.7721916482242506,2.006797118212695,5.530287135737559
2021-12-20,3.6945907868110908,2.785485268204063,3.7721916482242506,2.006797118212695,5.530287135737559
2021-12-21,3.729425995076821,2.811748788317143,3.7721916482242506,2.006797118212695,5.530287135737559
2021-12-22,3.770476424716313,2.84269818802399,3.7721916482242506,2.006797118212695,5.530287135737559
2021-12-23,3.796527800902171,2.8623392602751294,3.7721916482242506,2.006797118212695,5.530287135737559
2021-12-24,3.7812173348891385,2.8507961476573853,3.7721916482242506,2.006797118212695,5.530287135737559
2021-12-27,3.7995633132838074,2.8646278425589062,3.7721916482242506,2.006797118212695,5.530287135737559
2021-12-28,3.832252511150672,2.8892734080197977,3.7721916482242506,2.006797118212695,5.530287135737559
2021-12-29,3.827882745794877,2.8859788842886376,3.7721916482242506,2.006797118212695,5.530287135737559
2021-12-30,3.825736735396012,2.8843609296364496,3.7721916482242506,2.006797118212695,5.530287135737559
2021-12-31,3.859115644761237,2.909526493475741,3.7721916482242506,2.006797118212695,5.530287135737559
2022-01-03,3.9195236007045167,2.955070230542103,3.7721916482242506,2.006797118212695,5.530287135737559
2022-01-04,3.9594512946870437,2.9851731593370086,3.808732394311913,2.024842380428842,5.6192711708374565
2022-01-05,3.986136354170199,3.0052919882846756,3.834401670919511,2.037881977098477,5.681877947973051
2022-01-06,3.9462533958830948,2.9752227873442885,3.796036881481915,2.0170522818983425,5.585425075217494
2022-01-07,3.9611078183991,2.986422072318884,3.8103258614502815,2.024481328725401,5.619749561732001
2022-01-10,4.0034929353398905,3.0183777409280133,3.851097563364055,2.0457301206072107,5.7197362097471585
2022-01-11,4.01515635635813,3.027171214765263,3.862317009230273,2.0515821096408953,5.7467141751469555
2022-01-12,4.049980272118218,3.053426221050988,3.8958153316443447,2.069147302505367,5.8293983696936555
2022-01-13,4.060087498993748,3.061046423987856,3.905537820836002,2.074285729580282,5.8528051243822095
2022-01-14,4.059631455496722,3.0607025963447074,3.9050991369096026,2.0740528639327436,5.850676009833104
2022-01-17,4.07127272583082,3.0694793699821474,3.916297275270824,2.080485369404798,5.877822191701187
2022-01-18,4.027898645992193,3.036778086569733,3.874574255928087,2.045047480218038,5.7716448636161
2022-01-19,3.9890606788039893,3.007496742114504,3.8372146793732695,2.0174967950387703,5.677187814385789
2022-01-20,3.9487216770198588,2.977083713530968,3.7984112060092747,1.9907538750954137,5.579794666552429
2022-01-21,3.9176225508126263,2.953636960452521,3.7684958867883465,1.9714505400274545,5.505027988370365
2022-01-24,3.8135395263226814,2.875165013729267,3.7666116388449526,1.9091047270876451,5.500406170811998
2022-01-25,3.842192522077291,2.8967675408208446,3.7666116388449526,1.9079708016649688,5.500406170811998
2022-01-27,3.8048781744962965,2.8686349081486298,3.7666116388449526,1.9079708016649688,5.500406170811998
2022-01-28,3.8030544348353303,2.867259925030934,3.7666116388449526,1.9079708016649688,5.500406170811998
2022-01-31,3.855957652126113,2.907145568910663,3.7666116388449526,1.9079708016649688,5.500406170811998
2022-02-01,3.9086606446053445,2.946880256082305,3.7666116388449526,1.9079708016649688,5.500406170811998
2022-02-02,3.953836313420797,2.9809398224126054,3.7666116388449526,1.927006474246775,5.500406170811998
2022-02-03,3.9049580057366287,2.9440887030748364,3.7181645433245474,1.905659631633628,5.380648542663947
2022-02-04,3.8951960689374197,2.936728826782067,3.7163054610528854,1.901461229999117,5.376131149480403
2022-02-07,3.827882745794877,2.885978884288639,3.7163054610528854,1.8720532228490392,5.376131149480403
2022-02-08,3.8397020902563854,2.894889914434356,3.7163054610528854,1.8712159667448536,5.376131149480403
2022-02-09,3.8835213554135386,2.9279268391174624,3.7163054610528854,1.8712159667448536,5.376131149480403
2022-02-10,3.915109533980439,2.9517423064113237,3.7163054610528854,1.8832833162283724,5.376131149480403
2022-02-11,3.8637186437912243,2.9129968604872554,3.7163054610528854,1.8623505516090084,5.376131149480403
2022-02-14,3.7454261725882114,2.8238118993132875,3.7163054610528854,1.8615621227863353,5.376131149480403
2022-02-15,3.8587594965064156,2.909257980459188,3.7163054610528854,1.8615621227863353,5.376131149480403
2022-02-16,3.8520326377617033,2.9041863589952968,3.7163054610528854,1.8615621227863353,5.376131149480403
2022-02-17,3.8481189159029356,2.9012356629072853,3.7163054610528854,1.8615621227863353,5.376131149480403
2022-02-18,3.841825949971109,2.8964911688867327,3.7163054610528854,1.8615621227863353,5.376131149480403
2022-02-21,3.8263374098306664,2.8848137997607117,3.7163054610528854,1.8615621227863353,5.376131149480403
2022-02-22,3.8008862737523232,2.8656252701789358,3.7163054610528854,1.8615621227863353,5.376131149480403
2022-02-23,3.794448676882868,2.8607717336772707,3.7163054610528854,1.8615621227863353,5.376131149480403
2022-02-24,3.613145978677113,2.7240810894141556,3.7163054610528854,1.8615621227863353,5.376131149480403
2022-02-25,3.7044200443170014,2.7227190488694486,3.7163054610528854,1.8615621227863353,5.376131149480403
2022-02-28,3.7345519239833975,2.7227190488694486,3.7163054610528854,1.8615621227863353,5.376131149480403
2022-03-02,3.692756188971622,2.7227190488694486,3.7163054610528854,1.8615621227863353,5.376131149480403
2022-03-03,3.668762220448064,2.7227190488694486,3.7163054610528854,1.8615621227863353,5.376131149480403
2022-03-04,3.6125676720901696,2.7227190488694486,3.7163054610528854,1.8615621227863353,5.376131149480403
2022-03-07,3.5275759313671773,2.7227190488694486,3.7163054610528854,1.8615621227863353,5.376131149480403
2022-03-08,3.5609989249371146,2.7227190488694486,3.7163054610528854,1.8615621227863353,5.376131149480403
2022-03-09,3.6348052216594655,2.7227190488694486,3.7163054610528854,1.8615621227863353,5.376131149480403
2022-03-10,3.690299200340499,2.7227190488694486,3.7163054610528854,1.8615621227863353,5.376131149480403
2022-03-11,3.6982043886161,2.7227190488694486,3.7163054610528854,1.8615621227863353,5.376131149480403
2022-03-14,3.751763874215461,2.7227190488694486,3.7163054610528854,1.8615621227863353,5.376131149480403
2022-03-15,3.7054428847317613,2.7227190488694486,3.7163054610528854,1.8615621227863353,5.376131149480403
2022-03-16,3.774901783946029,2.7227190488694486,3.7163054610528854,1.8615621227863353,5.376131149480403
2022-03-17,3.844216486549808,2.7227190488694486,3.7163054610528854,1.8615621227863353,5.376131149480403
2022-03-21,3.806534698208352,2.694669045957807,3.7163054610528854,1.851205951203967,5.376131149480403
2022-03-22,3.8505428956714165,2.725822716388799,3.7163054610528854,1.850706128056823,5.376131149480403
2022-03-23,3.8350100541626913,2.7148269234884923,3.7163054610528854,1.8462600549912902,5.376131149480403
2022-03-24,3.829917568445895,2.7112219219014864,3.7163054610528854,1.8449610239548464,5.376131149480403
2022-03-25,3.814406877621311,2.7002418096050977,3.7163054610528854,1.84098466660938,5.376131149480403
2022-03-28,3.829750786824125,2.711103856177869,3.7163054610528854,1.8404950355038843,5.376131149480403
2022-03-29,3.8527223492600635,2.7273655648291903,3.7163054610528854,1.847473180731497,5.376131149480403
2022-03-30,3.8911820175093044,2.754591397710161,3.7163054610528854,1.861148676511516,5.376131149480403
2022-03-31,3.8837324384035905,2.7493177953885977,3.7073325263901507,1.8585049534778633,5.3533934343673195
2022-04-01,3.929474904136776,2.781699164867514,3.7509973600880233,1.8751620873028199,5.458328057347154
2022-04-04,4.0146338608086785,2.84198370782409,3.832288379742551,1.9062007820629492,5.655999109398199
2022-04-05,3.9932858132221547,2.8268712952011033,3.8119099647905217,1.8983194250677762,5.604506777978707
2022-04-06,3.9599850827421346,2.8032975057188927,3.7801217602169137,1.8838936882159658,5.525047733685591
2022-04-07,3.922603848781576,2.776835103024748,3.74443838945527,1.868466878281181,5.436505057911246
2022-04-08,3.9548035599616327,2.7996294742533934,3.7751755832479663,1.8819134661773185,5.510487025877481
2022-04-11,3.9304755938673948,2.7824075592092172,3.7519525982889,1.8714614931552742,5.452603156471914
2022-04-12,3.89830932587712,2.7596368626178602,3.721247328689549,1.8579279067147108,5.376720260712893
2022-04-13,3.886156418172072,2.751033745397731,3.709646408507812,1.8527782116955476,5.34763319592819
2022-04-18,3.8189990184727987,2.7034926140212527,3.64553931147122,1.8230066817510926,5.191522617787598
2022-04-19,3.7711882868988127,2.6696471065843554,3.6437165418154844,1.80210403033003,5.1871640077241725
2022-04-20,3.810748974448018,2.6683122830310633,3.6437165418154844,1.8012792564353322,5.1871640077241725
2022-04-21,3.867687959523916,2.6683122830310633,3.6437165418154844,1.8012792564353322,5.1871640077241725
2022-04-22,3.818620719533837,2.6331267095750865,3.595668846330168,1.7791495329714833,5.0714026621711
2022-04-25,3.770142861472772,2.631810146220299,3.593871011907003,1.7783207335936597,5.067144900372416
2022-04-26,3.825036600046291,2.631810146220299,3.593871011907003,1.7783207335936597,5.067144900372416
2022-04-27,3.788922732680327,2.631810146220299,3.593871011907003,1.7783207335936597,5.067144900372416
2022-04-28,3.834876715730705,2.631810146220299,3.593871011907003,1.7783207335936597,5.067144900372416
2022-04-29,3.803188207594458,2.6087469612699876,3.593871011907003,1.7658261542180864,5.067144900372416
2022-05-02,3.7957494866672445,2.6074425877893526,3.593871011907003,1.765118265855299,5.067144900372416
2022-05-04,3.7086894801034513,2.6074425877893526,3.593871011907003,1.765118265855299,5.067144900372416
2022-05-05,3.7098126500875566,2.6074425877893526,3.593871011907003,1.765118265855299,5.067144900372416
2022-05-06,3.64945985369106,2.6074425877893526,3.593871011907003,1.765118265855299,5.067144900372416
2022-05-09,3.6251318875968224,2.6074425877893526,3.593871011907003,1.765118265855299,5.067144900372416
2022-05-10,3.6113891253957116,2.6074425877893526,3.593871011907003,1.765118265855299,5.067144900372416
2022-05-11,3.5951667895521964,2.6074425877893526,3.593871011907003,1.765118265855299,5.067144900372416
2022-05-12,3.515311835914283,2.6074425877893526,3.593871011907003,1.765118265855299,5.067144900372416
2022-05-13,3.5095635162160486,2.6074425877893526,3.593871011907003,1.765118265855299,5.067144900372416
2022-05-16,3.522939271983838,2.6074425877893526,3.593871011907003,1.765118265855299,5.067144900372416
2022-05-17,3.615669853687802,2.6074425877893526,3.593871011907003,1.765118265855299,5.067144900372416
2022-05-18,3.611444719269636,2.6074425877893526,3.593871011907003,1.765118265855299,5.067144900372416
2022-05-19,3.5156232484736822,2.6074425877893526,3.593871011907003,1.765118265855299,5.067144900372416
2022-05-20,3.617193256131441,2.6074425877893526,3.593871011907003,1.765118265855299,5.067144900372416
2022-05-23,3.6057519934453244,2.6074425877893526,3.593871011907003,1.765118265855299,5.067144900372416
2022-05-24,3.585838311238734,2.6074425877893526,3.593871011907003,1.765118265855299,5.067144900372416
2022-05-25,3.563745175443497,2.6074425877893526,3.593871011907003,1.765118265855299,5.067144900372416
2022-05-26,3.5958452085449175,2.6074425877893526,3.593871011907003,1.765118265855299,5.067144900372416
2022-05-27,3.6363842179770294,2.6074425877893526,3.593871011907003,1.765118265855299,5.067144900372416
2022-05-30,3.7050871708040827,2.6074425877893526,3.593871011907003,1.765118265855299,5.067144900372416
2022-05-31,3.687997700825507,2.6074425877893526,3.593871011907003,1.765118265855299,5.067144900372416
2022-06-01,3.674254721460826,2.6074425877893526,3.593871011907003,1.765118265855299,5.067144900372416
2022-06-02,3.6976597423825095,2.6074425877893526,3.593871011907003,1.765118265855299,5.067144900372416
2022-06-03,3.687942106951583,2.6074425877893526,3.593871011907003,1.765118265855299,5.067144900372416
2022-06-06,3.684662068390112,2.6074425877893526,3.593871011907003,1.765118265855299,5.067144900372416
2022-06-07,3.650593881853667,2.6074425877893526,3.593871011907003,1.765118265855299,5.067144900372416
2022-06-08,3.6372292014279486,2.6074425877893526,3.593871011907003,1.765118265855299,5.067144900372416
2022-06-09,3.6643255687127074,2.6074425877893526,3.593871011907003,1.765118265855299,5.067144900372416
2022-06-10,3.6028832626854568,2.6074425877893526,3.593871011907003,1.765118265855299,5.067144900372416
2022-06-13,3.507840106124428,2.6074425877893526,3.593871011907003,1.765118265855299,5.067144900372416
2022-06-14,3.49843344892576,2.6074425877893526,3.593871011907003,1.765118265855299,5.067144900372416
2022-06-15,3.4895497216036824,2.6074425877893526,3.593871011907003,1.765118265855299,5.067144900372416
2022-06-16,3.415820952275826,2.6074425877893526,3.593871011907003,1.765118265855299,5.067144900372416
2022-06-17,3.400899643380256,2.6074425877893526,3.593871011907003,1.765118265855299,5.067144900372416
2022-06-20,3.41349730207669,2.6074425877893526,3.593871011907003,1.765118265855299,5.067144900372416
2022-06-21,3.4776858586103203,2.6074425877893526,3.593871011907003,1.765118265855299,5.067144900372416
2022-06-22,3.4275401843315585,2.6074425877893526,3.593871011907003,1.765118265855299,5.067144900372416
2022-06-23,3.459417841937286,2.6074425877893526,3.593871011907003,1.765118265855299,5.067144900372416
2022-06-24,3.491128500757674,2.6074425877893526,3.593871011907003,1.765118265855299,5.067144900372416
2022-06-27,3.5206599231529845,2.6074425877893526,3.593871011907003,1.765118265855299,5.067144900372416
2022-06-28,3.524696125265239,2.6074425877893526,3.593871011907003,1.765118265855299,5.067144900372416
2022-06-29,3.513332607137187,2.6074425877893526,3.593871011907003,1.765118265855299,5.067144900372416
2022-06-30,3.5091409159088025,2.6074425877893526,3.593871011907003,1.765118265855299,5.067144900372416
2022-07-01,3.502869883497547,2.6074425877893526,3.593871011907003,1.765118265855299,5.067144900372416
2022-07-04,3.5213937188560562,2.6074425877893526,3.593871011907003,1.765118265855299,5.067144900372416
2022-07-05,3.515945519211579,2.6074425877893526,3.593871011907003,1.765118265855299,5.067144900372416
2022-07-06,3.555739657598548,2.6074425877893526,3.593871011907003,1.765118265855299,5.067144900372416
2022-07-07,3.5875617213303523,2.6074425877893526,3.593871011907003,1.765118265855299,5.067144900372416
2022-07-08,3.607063878571769,2.6074425877893526,3.593871011907003,1.765118265855299,5.067144900372416
2022-07-11,3.6060410381570094,2.6074425877893526,3.593871011907003,1.765118265855299,5.067144900372416
2022-07-12,3.570972379053516,2.6074425877893526,3.593871011907003,1.765118265855299,5.067144900372416
2022-07-13,3.5505917951713983,2.6074425877893526,3.593871011907003,1.765118265855299,5.067144900372416
2022-07-14,3.5443652812919955,2.6074425877893526,3.593871011907003,1.765118265855299,5.067144900372416
2022-07-15,3.5689488489081382,2.6074425877893526,3.593871011907003,1.765118265855299,5.067144900372416
2022-07-18,3.6199395066378197,2.6074425877893526,3.593871011907003,1.765118265855299,5.067144900372416
2022-07-19,3.6337378627128536,2.6074425877893526,3.593871011907003,1.765118265855299,5.067144900372416
2022-07-20,3.6738321211535796,2.6074425877893526,3.593871011907003,1.765118265855299,5.067144900372416
2022-07-21,3.6926006998554937,2.6074425877893526,3.593871011907003,1.765118265855299,5.067144900372416
2022-07-22,3.7179958077327737,2.6074425877893526,3.616790190994209,1.765118265855299,5.120517702605727
2022-07-25,3.6983268688695876,2.6074425877893526,3.597656650015039,1.765118265855299,5.0741356329368585
2022-07-26,3.6656042278129406,2.6074425877893526,3.5658247348334897,1.765118265855299,4.997861190659697
2022-07-27,3.700728697953927,2.6074425877893526,3.564041822466073,1.765118265855299,4.993665171556058
2022-07-28,3.7647281050180763,2.6074425877893526,3.623895382546165,1.765118265855299,5.133605734986872
2022-07-29,3.815574348973699,2.6074425877893526,3.6728395462548247,1.765118265855299,5.249127396314912
2022-08-01,3.856002387821535,2.6337661070080176,3.711755233980264,1.7865030718912027,5.341596341381933
2022-08-02,3.8572028680365653,2.6345860712571234,3.7129108060658784,1.7870603507827063,5.343453010727888
2022-08-03,3.8666985622989385,2.641071917269495,3.722051280923974,1.7922242471475833,5.364605148712239
2022-08-04,3.865330866134999,2.640137739476285,3.7207347481824407,1.7913304476600438,5.360479243290757
2022-08-05,3.8687776863182397,2.642492021777624,3.72405262809251,1.7931768802316481,5.36756660449938
2022-08-08,3.897152712703233,2.6618730219072617,3.75136618812335,1.8091101757179813,5.432729670199646
2022-08-10,3.899298723102098,2.663338811833033,3.753431919554254,1.8102219351094464,5.436801272662332
2022-08-11,3.9269288784419483,2.6822110425389316,3.780028473026908,1.827038950380548,5.500536873413331
2022-08-12,3.935634965963756,2.688157563296284,3.7884088791253636,1.8324834570332214,5.520049959928141
2022-08-16,3.963898804600903,2.7074626188355566,3.8156154107720086,1.8512338170338325,5.585647494712665
2022-08-17,3.9903614885883654,2.7255374313426146,3.8410881662106067,1.8688464903939652,5.647282569071685
2022-08-18,3.9930855884106045,2.727398073806577,3.843710361623404,1.8704623064113794,5.652766743498571
2022-08-19,3.949043947757758,2.6973163028992655,3.8013162514116012,1.8391683433374586,5.5470879875076236
2022-08-22,3.8895029087859685,2.6566479747583855,3.7440025516747557,1.80149860621125,5.4056821371675365
2022-08-23,3.9088052755429734,2.669832074309309,3.7625828464029953,1.8116189148529078,5.449780593859328
2022-08-24,3.9149093091688894,2.6740013136569685,3.7684585374634945,1.814832596947651,5.463116044874195
2022-08-25,3.89656333077422,2.6614704562466134,3.750798854071189,1.8045463974074467,5.41917149694336
2022-08-26,3.9046691781885126,2.6670069948794133,3.7586014741268374,1.8090459777925993,5.437151438672786
2022-08-29,3.8499648062480447,2.6296422564194453,3.7059435091025086,1.7768650012651646,5.3082925441192925
2022-08-30,3.949233314390809,2.6974456460297325,3.801498534128435,1.83416301583588,5.5371853434448575
2022-09-01,3.9010890195732832,2.664561638401346,3.7551552437716578,1.810383747501729,5.422869866646567
2022-09-02,3.9003437142009996,2.6640525723190502,3.7544378191338454,1.8099910804384043,5.420180289316214
2022-09-05,3.928441205543517,2.68324400763133,3.7814842262838226,1.8233317877195339,5.484794258127189
2022-09-06,3.926172714891165,2.681694559992734,3.779300596398453,1.8222497384672642,5.478515332200037
2022-09-07,3.919234773156401,2.6769557362173315,3.772622192456486,1.8189862993127224,5.461299888966542
2022-09-08,3.95800585396504,2.703437555546171,3.8099429064096326,1.8371501015485554,5.551059648239543
2022-09-09,3.9656999592505886,2.7086928618677724,3.8173491869800564,1.8407024743427243,5.568206537909268
2022-09-12,3.9886046353069635,2.724337447483125,3.8393970341243895,1.8513065234654598,5.621232283994487
2022-09-13,4.018336499677396,2.744645208942071,3.8680166749061193,1.8651260417570923,5.690606003919753
2022-09-14,4.003592830582097,2.7345748375961447,3.8538245439299073,1.858340618981215,5.6545500492929754
2022-09-15,3.9754957735667196,2.7153836989424214,3.8267785548595565,1.8453476887764317,5.5869260924811295
2022-09-16,3.898431371803469,2.6627463846964705,3.752597014541604,1.8098271257071374,5.4040951624369065
2022-09-19,3.9187565789752328,2.6766291151470476,3.7721618867885196,1.8182895425608914,5.450458344344586
2022-09-20,3.9618974251396666,2.7060956162089735,3.813688899856486,1.8367117431965465,5.550256272187796
2022-09-21,3.940126777245898,2.691225606083641,3.7927326586150256,1.8270898022413187,5.498072888391944
2022-09-22,3.9204356876985704,2.6777759971249933,3.7737781826217267,1.8184513801649713,5.450972363284621
2022-09-23,3.853177958429951,2.631836936417594,3.709036462173918,1.7891496007296914,5.292993844137913
2022-09-26,3.7840083210909405,2.5845919847461705,3.6424543552134927,1.788309533826809,5.132522440383576
2022-09-27,3.782029092313845,2.583240111705948,3.6405491663588823,1.788309533826809,5.12711563798724
2022-09-28,3.748939444823877,2.5606388829496667,3.608697351990365,1.788309533826809,5.050895200682027
2022-09-29,3.7399332372483123,2.559358563508192,3.600028052870506,1.788309533826809,5.029636013520614
2022-09-30,3.8013644679334915,2.559358563508192,3.6591612351386797,1.788309533826809,5.16747691557254
2022-10-03,3.7553327403250494,2.5270869345616407,3.6148514840816226,1.788309533826809,5.061501518587099
2022-10-04,3.841381198979724,2.52582339109436,3.69768100145852,1.788309533826809,5.255355848096454
2022-10-06,3.854167789982069,2.5329680466182958,3.709989265641036,1.788309533826809,5.283808561392306
2022-10-07,3.8503539633655066,2.53046159088479,3.7063181084471952,1.788309533826809,5.274103673772135
2022-10-10,3.8339759212422924,2.51969790346254,3.6905527438392305,1.788309533826809,5.235510007186548
2022-10-11,3.7767255236069963,2.4820728088199764,3.6354439960486684,1.788309533826809,5.103321113104089
2022-10-12,3.8078689511825106,2.4808317724155664,3.6654223956141334,1.788309533826809,5.173089355572078
2022-10-13,3.783574428278055,2.46376344199508,3.6420366936673534,1.788309533826809,5.116764058646537
2022-10-14,3.8216783825996155,2.488575727687484,3.6787152373153256,1.788309533826809,5.2023937068673956
2022-10-17,3.8497202800682095,2.506835868497966,3.7057081302732042,1.788309533826809,5.265579696976759
2022-10-18,3.888669000677119,2.5321982436190984,3.7431998387932883,1.788309533826809,5.354110022482238
2022-10-19,3.894295274449007,2.535861924061125,3.7486156422654457,1.788309533826809,5.366179533951655
2022-10-20,3.905791913845477,2.543348231093735,3.75968220995944,1.7920720305694064,5.391840075399406
2022-10-21,3.908538598678997,2.545136799498504,3.7623261455127768,1.793154090083161,5.397262361596891
2022-10-24,3.9428843202579182,2.5675018235833083,3.795387046159006,1.8067684444186454,5.4759539415672105
2022-10-25,3.926339496512934,2.556728272627765,3.779461138974747,1.7997839683365269,5.436412140739501
2022-10-27,3.944262874600358,2.568399501653633,3.7967140308911826,1.8079605407144062,5.477130235490328
2022-10-28,3.9553486405223643,2.5756182587635825,3.807385095259204,1.8130668870478956,5.502019348908827
2022-10-31,4.0054717297898454,2.6082570867496564,3.855633156390966,1.83702014394933,5.618129007916969
2022-11-01,4.035092406412431,2.6275452867238536,3.8841457687885,1.8509140597077252,5.6869064471050566
2022-11-02,4.021182645425981,2.6184876188346817,3.8707563506937563,1.8439453608376815,5.652992863622448
2022-11-03,4.01447793736541,2.614121690551251,3.864302455510825,1.8402415179236915,5.636176015815043
2022-11-04,4.028810298659105,2.6234545445659516,3.878098665081438,1.8489459981232896,5.668976252096268
2022-11-07,4.047856846730634,2.635857152133049,3.896432710910102,1.860860816759353,5.712984747993895
2022-11-09,4.037671875297041,2.6292249685321907,3.886628743685917,1.8541677429646437,5.687847124111812
2022-11-10,4.009029737720931,2.6105739672638673,3.859058064685231,1.8354741162700696,5.619101356220381
2022-11-11,4.080523459586217,2.657128785096279,3.927877315723124,1.8881732866159384,5.786376226298228
2022-11-14,4.0759539037460115,2.654153211379237,3.9234786999804525,1.8847565798024735,5.7744821392514645
2022-11-15,4.0924652843012135,2.6649049850154936,3.9393724150335268,1.8959082199209,5.81274871142085
2022-11-16,4.093855131149295,2.665810016466357,3.9407102698359746,1.8965952970564324,5.81504520356782
2022-11-17,4.079233942307483,2.6562890856032744,3.9266360373142284,1.8857934241221337,5.779153793869205
2022-11-18,4.071172830588613,2.6510399031882668,3.9188764794600335,1.8796528568386548,5.758965194591166
2022-11-21,4.038327709278479,2.629652030248067,3.887260043920822,1.8558689212207375,5.6799412209976
2022-11-22,4.057062844790612,2.6418518542057052,3.905294326657813,1.8680511978032228,5.723193110552413
2022-11-23,4.062188773697191,2.6451897233254207,3.910228502401089,1.871240358377611,5.734332355095743
2022-11-24,4.1104108130727806,2.6765906379801105,3.956646629010878,1.904080673170255,5.847629276094206
2022-11-25,4.116781957889812,2.6807393587153343,3.9627794390412223,1.9080455523175712,5.861824262150743
2022-11-28,4.12790073267446,2.687979610322241,3.9734822774608007,1.915237981905086,5.887381119866054
2022-11-29,4.140198271317137,2.6959874417284113,3.985319783984705,1.9232287538281658,5.91580043400604
2022-11-30,4.171397292766574,2.7163034180439953,4.015351697742268,1.9453243108587392,5.989618430514442
2022-12-01,4.183439012723777,2.7241446670987415,4.026942955366597,1.9537463654958003,6.01760205194089
2022-12-02,4.157554418159688,2.7072893047933966,4.002026663909892,1.9343320972384501,5.954028561965177
2022-12-05,4.158655437459652,2.7080062593958774,4.003086495761206,1.934795517981,5.955633179297423
2022-12-06,4.145690772329896,2.6995640128932923,3.9906068189321267,1.9253447068873224,5.923413982097601
2022-12-07,4.127400387809151,2.6876537989999303,3.9730006497319192,1.9122238512056624,5.878494888286298
2022-12-08,4.138263343908323,2.6947274682554125,3.9834572392519227,1.919490915235588,5.9034440486749
2022-12-09,4.113190506768943,2.6784007008818373,3.959322338615772,1.9008789490262716,5.842351491252445
2022-12-12,4.11331298702243,2.6784804567784444,3.9594402370702375,1.9001889818601652,5.841620196484265
2022-12-13,4.137963223854566,2.6945320380264914,3.983168346230519,1.9217671812756416,5.89937912312822
2022-12-14,4.149593636010164,2.7021054543362477,3.994363682449249,1.931545088533892,5.92618756820322
2022-12-15,4.095022602501684,2.666570242885083,3.94183406787003,1.8830877937944257,5.794286953959131
2022-12-16,4.062577930814654,2.6454431321316627,3.9106031017457736,1.8583151147977441,5.716186878164879
2022-12-19,4.0962565259064965,2.6673737411200524,3.9430218320868278,1.8819094604865267,5.794754207300889
2022-12-20,4.088440374694601,2.6622840704982593,3.935498071141564,1.8760259943618411,5.775172886815281
2022-12-21,4.047033796800288,2.635321203820741,3.8956404500192767,1.8458603806701326,5.675950289407853
2022-12-22,4.031078354984318,2.62493144276483,3.880281876887181,1.8348738880407087,5.637381470174011
2022-12-23,3.9597961504362247,2.5785143594063467,3.811666230627036,1.8335292226868798,5.469007408264739
2022-12-26,4.006005517844937,2.6086046753912546,3.8097603975117225,1.8335292226868798,5.464415832251001
2022-12-27,4.032179374284282,2.6256483973673106,3.8327471759161775,1.8335292226868798,5.518820072204381
2022-12-28,4.0299999206956345,2.6242291949234255,3.8306755184298558,1.8335292226868798,5.512844491574433
2022-12-29,4.045232642150602,2.6341483396248884,3.8451548271903717,1.8335292226868798,5.546867794012438
2022-12-30,4.026175235900572,2.6217386614995815,3.8270400031200618,1.8335292226868798,5.502017682663885
2023-01-02,4.046666790366966,2.635082218953248,3.8465180422202305,1.8335292226868798,5.548074411922234
2023-01-03,4.0544725177275005,2.64016510183916,3.853937697131385,1.8335292226868798,5.565072274877806
2023-01-04,4.012309776282404,2.6127098414879057,3.8138603312202357,1.8335292226868798,5.466923775557839
2023-01-05,4.001013361697486,2.6053539155486853,3.803122638999882,1.8335292226868798,5.440121370365768
2023-01-06,3.9715038728227463,2.5861381180905574,3.775072693883672,1.8335292226868798,5.371795781302137
2023-01-09,4.025263148906519,2.6211447346099526,3.7731851575367306,1.8335292226868798,5.36728582056907
2023-01-10,3.983668073033435,2.5940591230419106,3.7323083382063102,1.8335292226868798,5.268710303605876
2023-01-11,3.979564984541616,2.591387300505565,3.728464144586345,1.8335292226868798,5.258675342654478
2023-01-12,3.97122590345313,2.5859571118003846,3.726599912514052,1.8335292226868798,5.254260353651012
2023-01-13,3.9931077390947447,2.600205983527243,3.726599912514052,1.8335292226868798,5.254260353651012
2023-01-16,3.9793760522357045,2.591264272792713,3.7119214053580087,1.8335292226868798,5.218589224612491
2023-01-17,4.014611710124538,2.6142087998283987,3.71006544465533,1.8335292226868798,5.214207890428692
2023-01-18,4.03952862382065,2.63043403398608,3.7312371420793498,1.8335292226868798,5.263257189038828
2023-01-19,4.026742032818305,2.622107744638137,3.7194264067902894,1.8335292226868798,5.2343607424800505
2023-01-20,4.008907691794586,2.61049449418959,3.7029531590851468,1.8335292226868798,5.194516900818793
2023-01-23,4.0291217112185045,2.6236573281754128,3.721624471282435,1.8335292226868798,5.237586952314468
2023-01-24,4.029066117344581,2.6236211269173784,3.721573120259439,1.8335292226868798,5.236548129495377
2023-01-25,3.9787310764327684,2.590844281635048,3.6750795830950445,1.8335292226868798,5.125782269754864
2023-01-27,3.9147759707369016,2.549198410956585,3.6732420433034974,1.8335292226868798,5.1214788528522135
2023-01-30,3.92469383097938,2.5556566588254803,3.6732420433034974,1.8335292226868798,5.1214788528522135
2023-01-31,3.927629448118811,2.5575682549431007,3.6732420433034974,1.8335292226868798,5.1214788528522135
2023-02-01,3.917433618506717,2.550929000784033,3.6732420433034974,1.8335292226868798,5.1214788528522135
2023-02-02,3.9161215162167005,2.5500745945299523,3.6732420433034974,1.8335292226868798,5.1214788528522135
2023-02-03,3.970303392607718,2.5853563971748756,3.6732420433034974,1.8335292226868798,5.1214788528522135
2023-02-06,3.9504116439216985,2.572403417356722,3.6732420433034974,1.8335292226868798,5.1214788528522135
2023-02-07,3.94082734692276,2.5661623770360342,3.6732420433034974,1.8335292226868798,5.1214788528522135
2023-02-08,3.974227972644986,2.587911979734251,3.6732420433034974,1.8335292226868798,5.1214788528522135
2023-02-09,3.979064639676308,2.591061489183256,3.6732420433034974,1.8335292226868798,5.1214788528522135
2023-02-10,3.9708480388413094,2.585711056374683,3.6732420433034974,1.8335292226868798,5.1214788528522135
2023-02-13,3.9518127832754204,2.573315802188124,3.6732420433034974,1.8335292226868798,5.1214788528522135
2023-02-14,3.98715919458496,2.5963324489175497,3.6732420433034974,1.8335292226868798,5.1214788528522135
2023-02-15,4.006283487214554,2.6087856816814297,3.6732420433034974,1.8335292226868798,5.1214788528522135
2023-02-16,4.010730997128413,2.6116817823241925,3.67548321169833,1.8335292226868798,5.125828626100045
2023-02-17,3.990350196082726,2.5984103445642663,3.6568059949670104,1.8335292226868798,5.081194123590297
2023-02-20,3.9682016835771354,2.5839878199277733,3.6549775919695273,1.8335292226868798,5.076928141243342
2023-02-21,3.9642210753388034,2.5813957532880347,3.6549775919695273,1.8335292226868798,5.076928141243342
2023-02-22,3.9036463377737536,2.541951088791468,3.6549775919695273,1.8335292226868798,5.076928141243342
2023-02-23,3.8940728989533158,2.5357171190289898,3.6549775919695273,1.8335292226868798,5.076928141243342
2023-02-24,3.8839661064049267,2.529135843447243,3.6549775919695273,1.8335292226868798,5.076928141243342
2023-02-27,3.8677101102080598,2.5185503693400824,3.6549775919695273,1.8335292226868798,5.076928141243342
2023-02-28,3.84797428496531,2.5056989227378224,3.6549775919695273,1.8335292226868798,5.076928141243342
2023-03-01,3.880652624653674,2.5044460732764535,3.6549775919695273,1.8335292226868798,5.076928141243342
2023-03-02,3.851966185709282,2.484680562316504,3.6549775919695273,1.8335292226868798,5.076928141243342
2023-03-03,3.9125522157799724,2.4834382220353457,3.6549775919695273,1.8335292226868798,5.076928141243342
2023-03-06,3.93859229946019,2.4987250846658395,3.6549775919695273,1.8335292226868798,5.076928141243342
2023-03-08,3.9481435875964865,2.5047846210286933,3.6549775919695273,1.8335292226868798,5.076928141243342
2023-03-09,3.911495932175431,2.48153458423069,3.6549775919695273,1.8335292226868798,5.076928141243342
2023-03-10,3.8722023558173415,2.4566059200159023,3.6549775919695273,1.8335292226868798,5.076928141243342
2023-03-13,3.814696139496571,2.4553776170558943,3.6549775919695273,1.8335292226868798,5.076928141243342
2023-03-14,3.7900124594746525,2.4553776170558943,3.6549775919695273,1.8335292226868798,5.076928141243342
2023-03-15,3.7741903560906707,2.4553776170558943,3.6549775919695273,1.8335292226868798,5.076928141243342
2023-03-16,3.7771811327768847,2.4553776170558943,3.6549775919695273,1.8335292226868798,5.076928141243342
2023-03-17,3.8026322688552283,2.4553776170558943,3.6549775919695273,1.8335292226868798,5.076928141243342
2023-03-20,3.7778039578956815,2.4553776170558943,3.6549775919695273,1.8335292226868798,5.076928141243342
2023-03-21,3.8042887925672844,2.4553776170558943,3.6549775919695273,1.8335292226868798,5.076928141243342
2023-03-22,3.8141623514414795,2.4553776170558943,3.6549775919695273,1.8335292226868798,5.076928141243342
2023-03-23,3.7974841892645075,2.4553776170558943,3.6549775919695273,1.8335292226868798,5.076928141243342
2023-03-24,3.768164067022819,2.4553776170558943,3.6549775919695273,1.8335292226868798,5.076928141243342
2023-03-27,3.777203283461026,2.4553776170558943,3.6549775919695273,1.8335292226868798,5.076928141243342
2023-03-28,3.769642516607465,2.4553776170558943,3.6549775919695273,1.8335292226868798,5.076928141243342
2023-03-29,3.7983289555518565,2.4553776170558943,3.6549775919695273,1.8335292226868798,5.076928141243342
2023-03-31,3.860383011355833,2.4553776170558943,3.6549775919695273,1.8335292226868798,5.076928141243342
2023-04-03,3.8689001665717293,2.4553776170558943,3.6549775919695273,1.8335292226868798,5.076928141243342
2023-04-05,3.90425787038691,2.4553776170558943,3.6549775919695273,1.8335292226868798,5.076928141243342
2023-04-06,3.9136197918901554,2.4600376163240316,3.6549775919695273,1.837633361599755,5.076928141243342
2023-04-10,3.919157028598338,2.4635182330719454,3.6549775919695273,1.8407005959486449,5.076928141243342
2023-04-11,3.9410054210501717,2.4772517764782562,3.6549775919695273,1.853225283562098,5.076928141243342
2023-04-12,3.9610413663466795,2.489846045142309,3.6549775919695273,1.8649742062902561,5.076928141243342
2023-04-13,3.9645103372140618,2.4920265836916533,3.6549775919695273,1.8669250108258386,5.076928141243342
2023-04-17,3.9375694590454318,2.475091986761985,3.6549775919695273,1.8466180591273245,5.076928141243342
2023-04-18,3.927184697127427,2.4685642946729884,3.6549775919695273,1.8387706541591329,5.076928141243342
2023-04-19,3.9179782647403103,2.462777281322488,3.6549775919695273,1.8316942202490865,5.076928141243342
2023-04-20,3.919245631334904,2.4635739273080874,3.6549775919695273,1.8323358459442753,5.076928141243342
2023-04-21,3.919157028598339,2.4635182330719454,3.6549775919695273,1.8319705180099917,5.076928141243342
2023-04-24,3.945697457143865,2.4802011138951285,3.6549775919695273,1.8522199934669858,5.076928141243342
2023-04-25,3.9514457768420996,2.4838144139703218,3.6549775919695273,1.8563960695600117,5.076928141243342
2023-04-26,3.9613080432106544,2.4900136738726575,3.6549775919695273,1.8638016255405259,5.076928141243342
2023-04-27,3.983868297844989,2.5041946822448344,3.6549775919695273,1.8817058981869432,5.076928141243342
2023-04-28,4.017213329693292,2.5251548258015317,3.683742315339539,1.910823466800625,5.143129113154547
2023-05-02,4.035592751277743,2.5367078306584983,3.700596051366367,1.9263658512877575,5.181739148952891
2023-05-03,4.0227392738958345,2.528628344264447,3.688809547975816,1.9143497622026462,5.153119185880044
2023-05-04,4.059642748002365,2.551825266628553,3.7226496450760713,1.946226508976007,5.231594262904979
2023-05-05,4.018102831676065,2.5257139522506438,3.6845579792897936,1.9057404999361003,5.140791203373155
2023-05-08,4.061555090399898,2.5530273338919516,3.7244032429144376,1.9426930815434036,5.233238580723743
2023-05-09,4.061899511821937,2.5532438315844055,3.7247190737311135,1.9425524684754867,5.2330670307299
2023-05-10,4.072829354300675,2.56011415243006,3.734741624174556,1.951411566979972,5.255794528926426
2023-05-11,4.06880444469406,2.557584159850021,3.7310508244543343,1.94761249525997,5.246152557553745
2023-05-12,4.072762902248251,2.5600723817529536,3.7346806883423347,1.9505827518201375,5.253803631802126
2023-05-15,4.09145330206496,2.5718208624583396,3.7518195881330216,1.9662838440273689,5.293367609133745
2023-05-16,4.0664695019892845,2.556116452921102,3.7289097065849144,1.9444285005203863,5.238165814713355
2023-05-17,4.043175668815447,2.5414743290349846,3.7075495068876094,1.9239051369651907,5.186865015058088
2023-05-18,4.031656444407696,2.5342335323146012,3.696986499422441,1.9139065252391116,5.161142878587301
2023-05-19,4.047990185162628,2.5445006555429948,3.7119643676730476,1.9270263997602166,5.195348831050205
2023-05-22,4.072673865184546,2.5600164145058497,3.7345990422926265,1.9470124543341176,5.247633463072167
2023-05-23,4.080145594974402,2.564713022076197,3.741450539820087,1.9527397730924425,5.262879695839923
2023-05-24,4.066224975809451,2.5559627477497884,3.728685478653277,1.9406893639186322,5.2318076317120505
2023-05-25,4.074174899780474,2.560959940388726,3.735975475208682,1.9467826096383407,5.248066558586876
2023-05-26,4.1138020393821035,2.5858689144922757,3.7723131448831806,1.9788107767819,5.332858068156875
2023-05-29,4.13588409983527,2.5997493377958625,3.792562161757628,1.9958476722186171,5.3799900713587725
2023-05-30,4.143711543552806,2.6046695413436627,3.7997398452105076,2.001814889294951,5.396144510161691
2023-05-31,4.1215964742369975,2.590768369207003,3.7794605595566555,1.9832939984562992,5.3468415615883185
2023-06-01,4.1112225704974925,2.584247502392043,3.769947799082123,1.9746089335115333,5.323307607969901
2023-06-02,4.121529587857433,2.5907263255189346,3.779399225451021,1.9827950442859843,5.344784342247082
2023-06-05,4.134816523725087,2.5990782768525436,3.7915832057079566,1.9947154367527284,5.372780182968682
2023-06-06,4.135961844393334,2.5997982067579675,3.7926334526985928,1.9952853109801696,5.374337950546098
2023-06-07,4.164292569410045,2.617606438764373,3.8186124291689,2.022105470768219,5.435210883694418
2023-06-08,4.143867466996075,2.6047675522788336,3.79988282536585,2.001747772212046,5.389495431143709
2023-06-09,4.128045363612093,2.594822035963064,3.785374123196005,1.9859453126872517,5.353998029902124
2023-06-12,4.136517783132566,2.600147660788662,3.7931432426675022,1.9935599622055724,5.371511356137491
2023-06-13,4.162013220579192,2.616173677238524,3.8165222902963714,2.017614898464943,5.426161785519564
2023-06-14,4.170852646532987,2.621729996326573,3.8246279508020313,2.0256646409083054,5.444561974131995
2023-06-15,4.1557754141941485,2.612252693809742,3.8108022875358425,2.010496981207083,5.410560409680358
2023-06-16,4.1864410819156355,2.6315286327450664,3.8389223818755696,2.0396495095083806,5.476651378419973
2023-06-19,4.170752316963641,2.621666930794471,3.8245359496435802,2.0238361613357725,5.441229894697352
2023-06-20,4.184372816074835,2.630228554546497,3.837025803881861,2.036532694715308,5.470114008518827
2023-06-21,4.193301279092336,2.63584084088165,3.8452131104372294,2.044698357849527,5.488754442849065
2023-06-22,4.174266023526447,2.623875589472848,3.827757981556453,2.025607368857326,5.445956049768924
2023-06-23,4.150749814856916,2.6090936839744527,3.806193865871584,2.002261905695189,5.393485784498734
2023-06-26,4.156464691365369,2.6126859622056116,3.8114343474426073,2.0072589974240116,5.405010042407954
2023-06-27,4.184528739518104,2.630326565481668,3.837168784037203,2.033846889815164,5.465341437898111
2023-06-28,4.218930054970948,2.651950671696685,3.868714428003953,2.0667630931913092,5.539828822194561
2023-06-30,4.26717467935782,2.6822764562869676,3.9129542404699613,2.1134980072200116,5.645230130263064
2023-07-03,4.296861808032829,2.7009373015260763,3.9401770248097243,2.140724703463466,5.710187889694246
2023-07-04,4.31163848599077,2.7102256804575626,3.9537270828739715,2.153793705371661,5.742160675393896
2023-07-05,4.313751053199852,2.711553605774203,3.955664284755827,2.1552699848288395,5.745878997197807
2023-07-06,4.335721925905173,2.7253641382716514,3.9758113436364932,2.1750608932304214,5.7940121234424184
2023-07-07,4.2989187813679886,2.7022302814396473,3.942063247694689,2.139985465713241,5.710415031614311
2023-07-10,4.304277943948761,2.705598963693354,3.946977543340293,2.1441495753922726,5.721368052688609
2023-07-11,4.322846297839122,2.7172707283185646,3.964004528301868,2.1604567483609127,5.761809315719648
2023-07-12,4.310593494891869,2.7095688160842406,3.952768837041787,2.1489109170466842,5.733377464123744
2023-07-13,4.31714227950917,2.713685275361442,3.958774003566174,2.154332950995702,5.746998866649759
2023-07-14,4.350665385484883,2.734757353412346,3.989514338691413,2.184002345621287,5.820925008941219
2023-07-17,4.383343290846107,2.7552981521322093,4.0194796337545435,2.2130468348004384,5.893318488714658
2023-07-18,4.391749258314157,2.760582006280701,4.027187817393819,2.220211310791804,5.911263053561393
2023-07-19,4.410406649268224,2.772309738153015,4.044296448405102,2.23722804007347,5.95239497927524
2023-07-20,4.4428734716393965,2.7927178535455988,4.0740681825894125,2.2673676403666683,6.024928286973876
2023-07-21,4.390804162457463,2.75998793442852,4.0263211744466725,2.2184121064178233,5.905308844993409
2023-07-24,4.374648495829941,2.749832745694333,4.011506598295481,2.2047980769312177,5.867790047196992
2023-07-25,4.376483093669409,2.7509859439956266,4.013188905192883,2.2059084123334616,5.870894133025799
2023-07-26,4.398209440194894,2.7646427713217614,4.033111736141912,2.2233547517911734,5.918804029445971
2023-07-27,4.37188009463942,2.7480925738258577,4.008968003559679,2.2011249259217167,5.858272099470314
2023-07-28,4.3688002808895,2.746156653098,4.006143846786603,2.198253605923831,5.850316284436709
2023-07-31,4.392761240550416,2.761218121820951,4.0281157944466,2.218584203357676,5.903168627864832
2023-08-01,4.388258136762634,2.7583875441723222,4.023986495698433,2.2141327395866948,5.891973412992337
2023-08-02,4.342226409154192,2.7294527504307826,3.9817758862727324,2.172851485770298,5.787162387491286
2023-08-03,4.3100041129628535,2.7091983402095123,3.9522283800200593,2.146717314926155,5.71403906462952
2023-08-04,4.340102549439468,2.7281177268291437,3.9798283292821335,2.1696796526528757,5.7800408926556255
2023-08-07,4.357959475474469,2.7393422994994494,3.99620294239287,2.183468235488912,5.818960378402477
2023-08-08,4.352077383017106,2.7356449120481203,3.9908091255577602,2.178501717457861,5.804753112263534
2023-08-09,4.365798211697646,2.744269601332248,4.003390980954493,2.1890376646187506,5.834465449962692
2023-08-10,4.345906463011627,2.731765972307407,3.9851504569028657,2.1728545881400416,5.788806558318073
2023-08-11,4.320378016702359,2.7157192070244727,3.961741140494593,2.1525926900977255,5.730695128287432
2023-08-14,4.32176786355044,2.71659284210121,3.9630156154168663,2.1533344495168385,5.732786809936525
2023-08-16,4.328539023663435,2.7208490829906893,3.9692246979288175,2.15851222888208,5.7468643038742275
2023-08-17,4.3063570679680625,2.7069058671659616,3.948884078169331,2.1396232034052898,5.6964068884613255
2023-08-18,4.294104265020809,2.6992039549316376,3.93764838690925,2.1289613098600277,5.668193957198492
2023-08-21,4.3126613264055305,2.71086862127185,3.9546650167620814,2.1449973018821082,5.7083316082983675
2023-08-22,4.313295009702827,2.7112669442646498,3.9552460976719552,2.1449228811187173,5.708740050480204
2023-08-23,4.323869138253883,2.7179136691328516,3.9649424621899776,2.15473852913287,5.731239560617524
2023-08-24,4.31112684861982,2.7099040735449393,3.9532579167932083,2.141783289116802,5.701875577030566
2023-08-25,4.284241998652254,2.6930046950293023,3.928604792515479,2.114468129652831,5.641170794015063
2023-08-28,4.293192612353896,2.698630904923491,3.936812411014921,2.112353661523178,5.659971963367625
2023-08-29,4.30133146863083,2.7037468573306724,3.9442756565050723,2.112353661523178,5.676997418280626
2023-08-30,4.3023986104138725,2.70441764526303,3.9452542142813307,2.112353661523178,5.678367916587361
2023-08-31,4.281573492703939,2.691327315681967,3.926157800664714,2.112353661523178,5.631221963975955
2023-09-01,4.3219346451722105,2.7166976783104184,3.9631685524075384,2.112353661523178,5.719370082639917
2023-09-04,4.342726754019502,2.7297672590584083,3.982234697244751,2.1300208191039625,5.76456925859477
2023-09-05,4.352978177505519,2.7362111367822304,3.991635144616758,2.139527646302874,5.786408712961958
2023-09-06,4.361017138540247,2.741264296668271,3.999006787221871,2.146878226286001,5.803338543789481
2023-09-07,4.38681269604063,2.757478963692516,4.022661041779268,2.171722176379621,5.859961211420341
2023-09-08,4.407471032128794,2.77046445706437,4.041604518405212,2.1916161162490058,5.9052713232923155
2023-09-11,4.44669815643446,2.7951219880723963,4.077575378266143,2.230062213953865,5.992487988183455
2023-09-12,4.445997586757598,2.794681621391528,4.076932963250634,2.228784314530986,5.989853002674696
2023-09-13,4.4630761985576735,2.8054169584188613,4.092593870404897,2.245332489856652,6.02743891695077
2023-09-14,4.470436740599682,2.8100436751830697,4.099343409938575,2.2521593783222813,6.043074436567811
2023-09-15,4.490283753590279,2.822519184078878,4.117542911828641,2.271575900256136,6.087064992791665
2023-09-18,4.477152741165894,2.814265243680441,4.105501911727049,2.257704362556292,6.0561094213385545
2023-09-20,4.425583776849269,2.7818498331909876,4.058213714556327,2.20511241187543,5.937919823611068
2023-09-21,4.3902147805284475,2.759617458553792,4.025780717424944,2.1715850541083053,5.85719592065216
2023-09-22,4.375071096137185,2.750098385359854,4.011894118326533,2.158067695213983,5.822244990468425
2023-09-25,4.3751379825167485,2.7501404290479226,4.011955452432168,2.157714934142305,5.821374560325233
2023-09-26,4.37294723642246,2.7487633617582152,4.0099465613359335,2.1552282258743665,5.815460313574502
2023-09-27,4.384455168324571,2.7559970601936006,4.020499213692359,2.165009393537708,5.840139083651283
2023-09-28,4.341559282667111,2.7290334055939494,3.9811641383100382,2.1264248003855144,5.743174568767528
2023-09-29,4.367076870797878,2.7450733456028464,4.004563497882981,2.1245106624478427,5.798848441069441
2023-10-03,4.342715461513858,2.7297601607734103,3.9822243421360044,2.1029477815472286,5.7435155466939465
2023-10-04,4.322112284972478,2.7168093397936643,3.9633314462335387,2.1012207292798584,5.6967549410650244
2023-10-05,4.346495844940639,2.732136448182136,3.985690913924589,2.1012207292798584,5.749721993683233
2023-10-06,4.370456804601556,2.7471979169050873,4.007662861584586,2.1012207292798584,5.801937279772151
2023-10-09,4.339068416519067,2.7274676877298596,3.978880040285277,2.074675736111622,5.730953105440986
2023-10-10,4.378540067004567,2.7522789239091994,4.0150751280778465,2.0729915311584115,5.817487667318104
2023-10-11,4.4055586897312615,2.7692623898009727,4.0398509205668445,2.0907604082303055,5.876745746555456
2023-10-12,4.401700561746416,2.766837233430142,4.036313057837296,2.0874940442470216,5.867074676282121
2023-10-13,4.39214970793726,2.760833722387188,4.0275550254807975,2.080003879421269,5.844670925906733
2023-10-16,4.38785768713953,2.758135828065839,4.023619287611451,2.076394238578326,5.83405689930138
2023-10-17,4.405592132921043,2.7692834116450067,4.039881587619662,2.089594235734707,5.8726279943278445
2023-10-18,4.374370526460323,2.7496580186789874,4.011251703311025,2.065294547077051,5.801717055211506
2023-10-19,4.364052216594742,2.7431720972670974,4.0017899218333834,2.0572562856622785,5.777721671555309
2023-10-20,4.3458065677694195,2.731703179786267,3.985058854017824,2.041891522211558,5.736148524212813
2023-10-23,4.287788714077699,2.6952341025407525,3.9318570932077535,2.040131177092147,5.606557351000765
2023-10-25,4.252297671830531,2.6729250118233807,3.9298911646611496,2.040131177092147,5.601850293150816
2023-10-26,4.193390316156039,2.6358968081287544,3.9298911646611496,2.040131177092147,5.601850293150816
2023-10-27,4.235641660337701,2.662455314461569,3.9298911646611496,2.040131177092147,5.601850293150816
2023-10-30,4.256467212374774,2.6755459170535927,3.9298911646611496,2.040131177092147,5.601850293150816
2023-10-31,4.24283542075794,2.6669771950165684,3.9298911646611496,2.040131177092147,5.601850293150816
2023-11-01,4.222721730903368,2.6543340573904106,3.9298911646611496,2.040131177092147,5.601850293150816
2023-11-02,4.254765952967295,2.6744765331174736,3.9298911646611496,2.040131177092147,5.601850293150816
2023-11-03,4.276414120607577,2.688084218470542,3.9298911646611496,2.040131177092147,5.601850293150816
2023-11-06,4.316697528517785,2.7134057121368884,3.9298911646611496,2.040131177092147,5.601850293150816
2023-11-07,4.315574358533679,2.7126997057905,3.9298911646611496,2.040131177092147,5.601850293150816
2023-11-08,4.323757950506036,2.717843778326714,3.9298911646611496,2.040131177092147,5.601850293150816
2023-11-09,4.313039625344492,2.7111064138193006,3.9298911646611496,2.040131177092147,5.601850293150816
2023-11-10,4.319721748393781,2.7153066874616765,3.9298911646611496,2.040131177092147,5.601850293150816
2023-11-13,4.323769243011677,2.717850876611712,3.9298911646611496,2.040131177092147,5.601850293150816
2023-11-15,4.375337773001162,2.750266014090204,3.9298911646611496,2.040131177092147,5.601850293150816
2023-11-16,4.3952959737396045,2.762811413792152,3.9458525051883235,2.050694593303291,5.639072548831907
2023-11-17,4.387868979645172,2.758142926350837,3.93918496256352,2.0460658454421714,5.622084895286685
2023-11-20,4.379463012177122,2.752859072202345,3.931638552039517,2.040681959778411,5.60301522514164
2023-11-21,4.3993434683575,2.7653556029421877,3.9494861209614553,2.0527697385482484,5.644741866516388
2023-11-22,4.4056698774791085,2.7693322806071112,3.9551656195505127,2.0565091019046022,5.657383097533448
2023-11-23,4.403479565711961,2.7679554863283653,3.9531992793483557,2.054543268156461,5.651669359079317
2023-11-24,4.401856050862547,2.7669349713543516,3.95174177792546,2.0529147544456454,5.647180539010682
2023-11-28,4.422981722953377,2.780214224520759,3.9707072325026793,2.07167571052057,5.691699512060629
2023-11-29,4.468991299877678,2.809135094703263,4.012012074191177,2.1142421034380905,5.790118955364279
2023-11-30,4.477119297976112,2.8142442218364074,4.019308939260217,2.121387337950453,5.8067872398003315
2023-12-01,4.507084396020739,2.8330797940908643,4.046209939305273,2.149236797880862,5.871028425535565
2023-12-04,4.600237578031947,2.8916343660762984,4.129837690155566,2.2375240099819313,6.073750849086244
2023-12-05,4.637663113360787,2.915159447616104,4.163436256262975,2.2669072795060723,6.155658221042952
2023-12-06,4.656031242439598,2.926705354188072,4.179926141944002,2.281193703647635,6.1955176304209
2023-12-07,4.647903678668304,2.921596500065889,4.172629666789736,2.2740795153186526,6.176272791546561
2023-12-08,4.663080806249349,2.9311365951038604,4.186254848630738,2.285969687281431,6.209055192795638
2023-12-11,4.669240433749188,2.935008436559576,4.1917846199468185,2.2905889608058216,6.221739330917617
2023-12-12,4.649071150020693,2.9223303535303486,4.173677757700583,2.2732139030057694,6.1755221643171225
2023-12-13,4.653507367428912,2.9251188874909095,4.177660347195889,2.2762766587019514,6.184335111199329
2023-12-14,4.710513238884373,2.960951849196175,4.22883705111683,2.3212147869730875,6.310460096215519
2023-12-15,4.771433266525744,2.9992451856863016,4.283527666975475,2.3694066470707575,6.446391150349823
2023-12-18,4.762982997689411,2.9939334844197387,4.275941485144587,2.362574093223804,6.426091950382682
2023-12-19,4.770643659785177,2.99874885175833,4.282818801917469,2.368046712533675,6.442320997572193
2023-12-20,4.703275177095851,2.9564021215231033,4.222339121418447,2.3155708333857965,6.288433978531019
2023-12-21,4.726602453459471,2.971065267253255,4.243281053981931,2.3298906200737073,6.33970324976426
2023-12-22,4.747583494612673,2.9842536077694892,4.262116666939614,2.3430578717690467,6.38584579859335
2023-12-26,4.768030747710785,2.9971064178140643,4.280473074640813,2.355991143918665,6.430908257651145
2023-12-27,4.815485765357091,3.0269358684763756,4.323075552695122,2.386571341583651,6.537254572563081
2023-12-28,4.843049034317377,3.0442616901138453,4.347820324043385,2.404005493496338,6.598939753896087
2023-12-29,4.832530933967384,3.037650183659674,4.338377757976433,2.3969158353297533,6.573719362518156
2024-01-01,4.8348658766721595,3.0391178905885927,4.340473939798126,2.3982065817778,6.577901135052494
2024-01-02,4.817943188315353,3.0284805644964314,4.325281690482908,2.3871742075503124,6.538089437686464
2024-01-03,4.78493128538345,3.0077298203471896,4.295645438302589,2.361871651034081,6.46172247583084
2024-01-04,4.81634182415008,3.027473973081453,4.323844074713454,2.3843764186257714,6.531815368052283
2024-01-05,4.827950085621536,3.0347707370489396,4.3342653268615905,2.3924405808425893,6.557105434056131
2024-01-08,4.783964038842613,3.0071218249359726,4.294777098102271,2.3601633682252046,6.455646041042357
2024-01-09,4.791046611515005,3.0115738146848336,4.301135438311784,2.364620898033571,6.470563388497544
2024-01-10,4.807468955006502,3.021896632149369,4.315878505808067,2.375518006472813,6.506671682254002
2024-01-11,4.813806656633752,3.0258804080992916,4.321568142181233,2.379619368126796,6.51993504879876
2024-01-12,4.868811582955117,3.0604556083050167,4.370948508741211,2.417345949813196,6.6438878059134625
2024-01-15,4.913931223569507,3.088817079027448,4.411454415059054,2.4486613765076615,6.746106769325562
2024-01-16,4.899443807486822,3.0797105253963073,4.398448417878179,2.437665313896741,6.7115287462207425
2024-01-17,4.797072900582857,3.0153618417753747,4.306545505792436,2.3628423338442963,6.474883673344563
2024-01-18,4.772678482436196,3.000027908112866,4.2846455526307565,2.3484742998442836,6.418461650312749
2024-01-19,4.808292004936852,3.0224139879213756,4.3166173943036235,2.3701496362371497,6.497757856130493
2024-01-23,4.722988851654461,2.9687938160537386,4.240036963067407,2.3179902958836953,6.3030572179472015
2024-01-24,4.770832592091089,2.9988676115265744,4.28298841484389,2.343441835866674,6.4091649348161015
2024-01-25,4.748294922468035,2.9847007997243944,4.262755347338412,2.3316104586943136,6.35720293509297
2024-01-29,4.833909488309824,3.038516720451413,4.339615347467142,2.377491624488255,6.548557679639428
2024-01-30,4.785987568987991,3.0083937830055105,4.29659371103145,2.3539626434308736,6.438400994252264
2024-01-31,4.83126313304565,3.036853264663113,4.337239596752936,2.375494969231967,6.539544426293456
2024-02-01,4.824981025292324,3.0329044341162605,4.331599869470764,2.372549755686582,6.524120620093278
2024-02-02,4.85974978150563,3.05475950760469,4.362813326909405,2.388736547235698,6.601918084047579
2024-02-05,4.841492405847526,3.0432832188278995,4.34642286949559,2.380217111804245,6.559115181525134
2024-02-06,4.87656128211459,3.0653269428907124,4.377905758042638,2.396650131976369,6.63774200255975
2024-02-07,4.876805808294424,3.065480648062026,4.3781252800600505,2.3967506313375924,6.637138136036178
2024-02-08,4.8295397229540304,3.035769957167959,4.335692414932163,2.374240627558474,6.52796193674072
2024-02-09,4.8438942349318665,3.0447929694448863,4.348579098192383,2.3808420952785503,6.55939786101759
2024-02-12,4.806880007404629,3.0215264292856028,4.315349781375365,2.3637264572192382,6.474085829323648
2024-02-13,4.835165996725918,3.039306541162976,4.340743370906532,2.3765934605890764,6.5369207910350235
2024-02-14,4.8566921184398515,3.052837510435868,4.360068326904807,2.3866174823608586,6.584642170737136
2024-02-15,4.872413892254487,3.062719961219536,4.374182461871628,2.3940766195238514,6.619279942578055
2024-02-16,4.901311414188931,3.0808844725306734,4.400125051403714,2.4077984514005486,6.684039408466241
2024-02-19,4.919446309593547,3.0922837722163266,4.416405552851436,2.4174065042536315,6.724395026846049
2024-02-20,4.936057585390955,3.102725349449106,4.43131823327414,2.4264472870773988,6.761343281058891
2024-02-21,4.904502850013836,3.0828905570756313,4.402990145158512,2.4087824675700626,6.687581626475309
2024-02-22,4.94061628305266,3.1055908725008043,4.435410778735539,2.431367246376239,6.76909504172329
2024-02-23,4.939559999448118,3.104926909842484,4.434462506006678,2.430450032072639,6.765479250858253
2024-02-26,4.919402008225263,3.092255925098255,4.41636578154455,2.4168358843211104,6.717934411411726
2024-02-27,4.936368997950352,3.1029210983084874,4.431597802166652,2.4292844395999684,6.75566316678111
2024-02-28,4.881397949145908,3.0683671929577576,4.382247848958998,2.382008884965432,6.628158156606182
2024-02-29,4.888436220450019,3.072791335588548,4.388566417861626,2.3870573929160455,6.643044243176153
2024-03-01,4.967590604411071,3.1225464912745067,4.459626825651097,2.4493224422032487,6.822496242384656
2024-03-04,4.982456319432717,3.1318908374530965,4.472972438599585,2.4592290079776404,6.855583169802481
2024-03-05,4.971493468091338,3.1249997677743697,4.463130599804692,2.4511298454478236,6.829053871716519
2024-03-06,4.997678182709183,3.1414590526201005,4.486637781662245,2.469695692954903,6.888253143724898
2024-03-07,5.002014504875197,3.144184794059521,4.490530690759675,2.4724954506860337,6.897082171526008
2024-03-11,4.966234200752772,3.1216938780418033,4.45840912181383,2.4441143428680108,6.813032540377364
2024-03-12,4.966912185418351,3.122120048152674,4.459017778775076,2.4442051663014643,6.8134008597374
2024-03-13,4.891749267874131,3.07487386320272,4.391540687752969,2.3851277818204673,6.639080527341532
2024-03-14,4.924872358553881,3.095694498158101,4.421276758115273,2.406596894900956,6.713402064626177
2024-03-15,4.897453286204083,3.0784593161598424,4.3966614384717735,2.388370311659952,6.649465958443023
2024-03-18,4.904647046624322,3.0829811967148424,4.403119596863272,2.3927867654929487,6.664701609877594
2024-03-19,4.8516660847754745,3.049678227589616,4.355556233147246,2.3577961169646833,6.54264813277681
2024-03-20,4.856480601122655,3.0527045540976268,4.359878438410168,2.356211092121261,6.552403857688978
2024-03-21,4.894918118687754,3.0768657511776816,4.394385505939553,2.356211092121261,6.63833589828156
2024-03-22,4.913775734453373,3.088719341103238,4.41131482557018,2.3660745797018237,6.680115207139838
2024-03-26,4.89330589634398,3.075852334488666,4.392938142300765,2.3531052794112424,6.6322182151879145
2024-03-27,4.919757722152942,3.0924795210757074,4.416685121743947,2.3692708406147664,6.691256283368423
2024-03-28,4.964955541652536,3.120890133771205,4.457261212720997,2.3968454366087353,6.793304366353718
2024-04-01,4.9949983842552275,3.139774574987767,4.484232007510489,2.4145499355266016,6.861136764078594
2024-04-02,4.993063891173555,3.138558584165333,4.482495327109852,2.41306254187227,6.855473078409526
2024-04-03,4.9889165013134535,3.1359516024941567,4.478772030938844,2.410267117503429,6.844710642971122
2024-04-04,5.0067065409688905,3.1471341314763945,4.494742940056502,2.4225413165317535,6.884495144920504
2024-04-05,5.006495023651698,3.1470011751381537,4.494553051561866,2.4220809026053347,6.882800808311394
2024-04-08,5.040429871756155,3.1683320675805406,4.525017872635617,2.4462735199955072,6.959930993042852
2024-04-09,5.03519275510173,3.1650401014070098,4.520316280298197,2.4422001572273238,6.946569179484284
2024-04-10,5.059887727629289,3.1805629586548627,4.542486054483056,2.4595624716524522,7.002558931241739
2024-04-12,5.007762824573432,3.147798094134714,4.4956912127853625,2.4207476372851655,6.880204320203568
2024-04-15,4.952858227821413,3.1132859594610913,4.446400916538035,2.383035730417644,6.752336168880766
2024-04-16,4.9251503279234985,3.0958692251734488,4.4215263035702375,2.3624761187259535,6.687724766711647
2024-04-18,4.891337960072528,3.0746153218221988,4.391171438462579,2.360693070709905,6.609459771434593
2024-04-19,4.9249501031119465,3.095743367120206,4.421346552859709,2.360693070709905,6.684565663443492
2024-04-22,4.96706810886162,3.122218059087846,4.459157758178719,2.360693070709905,6.779383929740269
2024-04-23,4.974095087660089,3.126635103433637,4.465466189297239,2.3636699343831475,6.794300682028074
2024-04-24,4.981744891577355,3.1314436454981913,4.472333758200787,2.3689003375262616,6.8106559543515655
2024-04-25,5.019092682348131,3.154919858075892,4.505862529563762,2.3965263546995192,6.895197426040427
2024-04-26,4.985647320930482,3.133896648987093,4.47583714243961,2.3715416219274763,6.81683874718511
2024-04-29,5.035337386039357,3.1651310140571822,4.5204461219177325,2.406816635024028,6.929725888602128
2024-04-30,5.026764636949538,3.159742323699482,4.5127499841207515,2.4005276836155276,6.90870170800922
2024-05-02,5.036404527822399,3.1658018019895393,4.5214041425159275,2.4070868800819345,6.929738082069593
2024-05-03,4.998078198005146,3.1417104957156234,4.486996893168527,2.378539571385263,6.839976607707103
2024-05-06,4.990706363457496,3.1370766806664165,4.480378869719943,2.372994316703373,6.821838556462203
2024-05-07,4.9595294926922,3.1174794078294297,4.452390007457156,2.3508379208435626,6.749086058258742
2024-05-08,4.9595294926922,3.1174794078294297,4.452390007457156,2.3505382465588007,6.74790381164123
2024-05-09,4.882809946678129,3.06925475159353,4.383515461887255,2.297383959529178,6.571447693499278
2024-05-10,4.904535858876475,3.082911305908703,4.381323704156311,2.295713436431383,6.56593054946334
2024-05-13,4.915399249302788,3.0897398560772515,4.38883753450326,2.295713436431383,6.583687950962181
2024-05-14,4.940705320116363,3.105646839747908,4.4114326946935885,2.295713436431383,6.639448587117633
2024-05-15,4.936858484637159,3.1032287816620756,4.407997951128743,2.295713436431383,6.629605341771088
2024-05-16,4.9820671623152535,3.13164621963161,4.4483636531634305,2.295713436431383,6.730383422703817
2024-05-17,4.995910036922139,3.1403476249959135,4.460723611038418,2.30287684308326,6.760605184503805
2024-05-21,5.009908834972295,3.1491470412953886,4.473222789071447,2.3120009823725716,6.79122955088943
2024-05-22,5.025197150301185,3.1587570271394987,4.486873344957477,2.3222228989025195,6.824838498653888
2024-05-23,5.107442640517798,3.2104552018383137,4.560308294225838,2.3808789821620646,7.011200566453255
2024-05-24,5.105096405307381,3.2089803966243964,4.558213399257192,2.378948106566231,7.004564317455699
2024-05-27,5.099614762473122,3.205534725279552,4.55331897693226,2.3753087504820316,6.990708253986436
2024-05-28,5.089763788610208,3.199342563662215,4.544523287783083,2.3687683348282746,6.966808737329431
2024-05-29,5.04896874332905,3.1736994630832442,4.508098408160721,2.341737981389968,6.871826334725383
2024-05-30,5.00092477808087,3.1434998095571656,4.465201148488988,2.3098474884323417,6.760825302859881
2024-05-31,5.010275407078475,3.149377462546877,4.473550092172804,2.3153949894696155,6.780867259902097
2024-06-03,5.1733213811168355,3.2518655044756617,4.619129780498366,2.417000432561658,7.150203993909671
2024-06-04,4.866576535492541,3.0590506938972375,4.345244949641083,2.279967619369328,6.437067027654158
2024-06-05,5.0302114571327765,3.16190893868979,4.343072327166263,2.2788814189500464,6.431662704646964
2024-06-06,5.074920224272701,3.1900121410426605,4.3795022317178205,2.288631045388218,6.521123398865717
2024-06-07,5.179158737878776,3.2555347717979592,4.469456907416033,2.312495906077131,6.74488896436642
2024-06-10,5.172275955690795,3.251208367091379,4.46351727514191,2.3109372561309485,6.72865653906587
2024-06-11,5.173532464106888,3.251998187802942,4.464601603795222,2.311220726962764,6.730222573989715
2024-06-12,5.18645239354122,3.2601194448740998,4.475751111036867,2.31414095326747,6.75726549296775
2024-06-13,5.203342073035384,3.2707360221331885,4.4903263921780185,2.31795559333535,6.793031032079643
2024-06-14,5.218174344867248,3.2800593464677443,4.503126192907576,2.3213028815268286,6.8243552191793
2024-06-18,5.238699776850564,3.2929612984853853,4.5208390181748515,2.325942224836844,6.868233009947306
2024-06-19,5.229382156715601,3.287104394328746,4.512798194600878,2.323839596193309,6.846517808795983
2024-06-20,5.240723306995942,3.2942332565549224,4.522585263316843,2.326396789579559,6.870250644818193
2024-06-21,5.226068674964347,3.285021593703612,4.50993876034712,2.3230948143520918,6.8367890181340245
2024-06-24,5.234240974431063,3.290158567954827,4.51699120692186,2.3249573633340397,6.853543067902444
2024-06-25,5.2750360197122195,3.3158016685337977,4.552196093689801,2.3342938339950567,6.942034194443746
2024-06-26,5.30783640532693,3.3364194563447978,4.580501831642838,2.3417533178231187,7.013299041103203
2024-06-27,5.346907606189326,3.3609789764176523,4.61421909296142,2.35061292198355,7.098755690959239
2024-06-28,5.339368990019907,3.356240325159237,4.607713495852696,2.348892948016088,7.08070657590717
2024-07-01,5.368577924513749,3.3746005853297563,4.632919920416782,2.355613233494286,7.1445070037563205
2024-07-02,5.364553014907135,3.372070592749717,4.629446545501385,2.3546886794322193,7.134261500745327
2024-07-03,5.400722476147022,3.3948061265889216,4.6606596935352185,2.363607258239085,7.2137800531741165
2024-07-04,5.404202739520045,3.3969937634232643,4.663663055270092,2.364585968845868,7.220322007578803
2024-07-05,5.409028114045726,3.4000269152053115,4.667827207132621,2.3670801022342243,7.229882496019826
2024-07-08,5.408294535506223,3.3995657996913713,4.667194151102395,2.3659421583623454,7.226969602905136
2024-07-09,5.433344787634323,3.4153119799057152,4.68881175891727,2.3870417763716447,7.281910754889355
2024-07-10,5.409161452477714,3.400110729570486,4.667942274155284,2.3651770492075697,7.226212790933736
2024-07-11,5.407271260764324,3.398922585866123,4.666311096035956,2.362913996226244,7.2207069257134275
2024-07-12,5.448677838658637,3.4249500858788577,4.702043716901327,2.3984928903242673,7.312286133025168
2024-07-15,5.467479426223193,3.436768457390383,4.718268916719244,2.4144270449650964,7.353373412075881
2024-07-16,5.473328075490774,3.4404448229976787,4.723316123648211,2.418969777723263,7.365293349436407
2024-07-18,5.515101225491269,3.4667027442619034,4.759365085123122,2.455269619484025,7.4583916547554825
2024-07-19,5.455071134159811,3.42896880723185,4.707560937010819,2.4011866859778954,7.320770058935928
2024-07-22,5.45025661781263,3.42594248072384,4.703406155427008,2.3964233485213087,7.308638605528605
2024-07-23,5.4435410515735585,3.4217211852374296,4.6976108254451505,2.3899620858733726,7.292237169924138
2024-07-24,5.428964164100029,3.4125583913482243,4.685031413671053,2.376881477954312,7.258170841102599
2024-07-25,5.427318498566474,3.411523952815175,4.6836112542284685,2.3747960732107254,7.253205092847413
2024-07-26,5.52266199234483,3.4714553190793547,4.765889797600433,2.4576069375972063,7.465887831378187
2024-07-29,5.522939961714446,3.471630046094702,4.766129676735629,2.4569589467612363,7.465210998140409
2024-07-30,5.52765458281942,3.4745935800815717,4.770198251755229,2.4599894626759804,7.474603751555939
2024-07-31,5.548524436224777,3.487712029791667,4.788208302263458,2.475002818003404,7.520680402876612
2024-08-01,5.561811372092431,3.4960639811252756,4.7996745249257895,2.4844472206081383,7.549603408963197
2024-08-02,5.496610616158971,3.455079848598798,4.743408250087707,2.4343894421774688,7.399672391781813
2024-08-05,5.349375887326092,3.362530497711746,4.616349144719726,2.335884191475177,7.065554934063006
2024-08-06,5.335355372918935,3.353717430864197,4.604249866027168,2.328779701084804,7.0332222646980656
2024-08-07,5.403168606599647,3.3963437243239794,4.662770629924937,2.3604013308435605,7.182093015666328
2024-08-08,5.363029829627068,3.371113143307806,4.628132082802746,2.342439105101078,7.091246905841831
2024-08-09,5.418734891298155,3.4061284371834377,4.676203861495871,2.366994957058318,7.213682113792136
2024-08-12,5.414176193636449,3.4032629141317394,4.672269843678669,2.365009501299992,7.202228272896408
2024-08-13,5.367922090532314,3.374188338777922,4.632353955582182,2.3448907493875684,7.097650544018766
2024-08-14,5.368978374136855,3.374852301436242,4.633265496295924,2.3453277887113173,7.098752397438116
2024-08-16,5.457350482990664,3.4304015687576994,4.709527945919422,2.3832383511537567,7.2937043147970755
2024-08-19,5.464355311104993,3.4348046895444555,4.715572900126342,2.385998715416562,7.308146467968264
2024-08-20,5.492418924930588,3.452445019809551,4.739790947691193,2.397633381485523,7.369888723652
2024-08-21,5.508285329682852,3.4624183832433912,4.753483173765907,2.404182619453382,7.404346332542136
2024-08-22,5.5174696113858275,3.468191473034856,4.761408930317217,2.407973804917534,7.423779276936558
2024-08-23,5.5200603727760775,3.4698199834200865,4.763644678819467,2.4090431544597752,7.428332075947046
2024-08-26,5.561744485712867,3.4960219374372077,4.799616804008885,2.426306116767035,7.521220088406495
2024-08-27,5.5633345573724995,3.497021430567187,4.8009889876244305,2.426920147520147,7.523513168110674
2024-08-28,5.571028662658048,3.5018578197498123,4.807628767124405,2.4303189075890637,7.539666631391204
2024-08-29,5.593177175163639,3.515780013730506,4.826742261654532,2.4401188734784016,7.588677942871354
2024-08-30,5.611845858623346,3.5275148438878183,4.842852769260933,2.4483745840761415,7.629879516643628
2024-09-02,5.621363269242721,3.5334973330867387,4.851066005963329,2.452572629840266,7.650270693219124
2024-09-03,5.621619087928196,3.5336581365430506,4.851286769729938,2.452586733282845,7.6495151739087595
2024-09-04,5.603573229587285,3.5223148041045014,4.835713741310834,2.439144839350208,7.6069433022884185
2024-09-05,5.591653989883571,3.5148225642885946,4.825427798955893,2.4306136781101504,7.578441577829366
2024-09-06,5.526509262151174,3.473873650176148,4.7692098747559974,2.38204887197934,7.428861508320916
2024-09-09,5.545244397663305,3.4856502510105662,4.785377728468156,2.394259338881523,7.469847630987033
2024-09-10,5.568526938331503,3.5002852766116854,4.805469854907649,2.410526249514049,7.521202017075071
2024-09-11,5.541252496919333,3.4831410072636,4.7819328392000635,2.3904394442435395,7.458027916242347
2024-09-12,5.64586930946437,3.548901430566348,4.8722139754088305,2.4690297159296155,7.693150519038477
2024-09-13,5.63866425653849,3.5443724517263497,4.86599623326234,2.463851864238342,7.67531771355122
2024-09-16,5.644723988796123,3.5481815006609243,4.871225598409596,2.4675233044386014,7.6878234425189165
2024-09-17,5.652462829777094,3.553046009972582,4.87790398345789,2.4726463861886083,7.704174580124952
2024-09-18,5.643345434453683,3.5473149638691854,4.870035947823487,2.465628108425418,7.681958873403577
2024-09-19,5.6518512971639385,3.552661610538818,4.877376249360461,2.4713121874821433,7.70005503670223
2024-09-20,5.735275116911439,3.605100463976129,4.949368475566335,2.5308101344548044,7.889549295945393
2024-09-23,5.768209275285279,3.625802339163265,4.9777896553531855,2.55141843216738,7.964239787150756
2024-09-24,5.768509395339037,3.6259909897376486,4.978048649856967,2.5512836532968963,7.963540475865581
2024-09-25,5.782685833189463,3.634902067520369,4.990282485751924,2.560189924912777,7.995007414193947
2024-09-26,5.829807287592229,3.664521845764263,5.030946871712449,2.5905433663140087,8.103000343256653
2024-09-27,5.821556809240308,3.6593357295399813,5.023826959130935,2.5849344055746326,8.082325462885956
2024-09-30,5.7397004761411585,3.607882172662653,4.953187426360873,2.532638435997373,7.890085781611439
2024-10-01,5.736598511707098,3.60593232837576,4.950510525136553,2.5305284763700957,7.88154367194006
2024-10-03,5.615003416931333,3.5294996335777813,4.845577646312291,2.462862485031997,7.599648012934035
2024-10-04,5.562633987695641,3.4965810638863193,4.800384417241509,2.438400234847206,7.47930098978491
2024-10-07,5.5139671973286655,3.465989912641478,4.758386453213758,2.4371170770397934,7.3681164362863685
2024-10-08,5.562311716957742,3.4963784897529004,4.800106307369142,2.4371170770397934,7.475299043605111
2024-10-09,5.555373340895838,3.492017139643251,4.79411869926798,2.4371170770397934,7.458332376404281
2024-10-10,5.559042536574771,3.494323536245837,4.797285103852556,2.4371170770397934,7.465297358618934
2024-10-11,5.551437468352928,3.4895431143103153,4.790722160638074,2.4371170770397934,7.446840861945275
2024-10-14,5.587840163267009,3.512425255035834,4.822136582258782,2.4371170770397934,7.527530642729741
2024-10-15,5.572140540136514,3.5025567278112018,4.808588283665185,2.427673976831857,7.490699551246368
2024-10-16,5.553005389328419,3.490528683881259,4.792075228885034,2.4262678688706267,7.446194186432111
2024-10-17,5.50376007521093,3.4595738820357256,4.749578016407157,2.4262678688706267,7.334009514936154
2024-10-18,5.5269318624584205,3.474139289841667,4.769574566003722,2.4262678688706267,7.38457194237644
2024-10-21,5.510709309451335,3.4639420574194126,4.755574994787039,2.4262678688706267,7.346883212911822
2024-10-22,5.441995281282211,3.4207495392255196,4.696276872566777,2.4262678688706267,7.191772176964942
2024-10-23,5.433856425005277,3.415633586818338,4.693928734130494,2.4262678688706267,7.185734231473385
2024-10-24,5.425828756476189,3.410587525217296,4.693928734130494,2.4262678688706267,7.185734231473385
2024-10-25,5.377217559983137,3.380031319375524,4.693928734130494,2.4262678688706267,7.185734231473385
2024-10-28,5.41243063286069,3.402165683077549,4.693928734130494,2.4262678688706267,7.185734231473385
2024-10-29,5.440827809929824,3.4200156857610606,4.693928734130494,2.4262678688706267,7.185734231473385
2024-10-30,5.412808497472511,3.4024032026140363,4.693928734130494,2.4262678688706267,7.185734231473385
2024-10-31,5.382676617806116,3.383462794150371,4.693928734130494,2.4262678688706267,7.185734231473385
2024-11-01,5.404691791879718,3.39730117376589,4.693928734130494,2.4262678688706267,7.185734231473385
2024-11-04,5.335977763710594,3.354108655571997,4.693928734130494,2.4262678688706267,7.185734231473385
2024-11-05,5.384444763593158,3.3845742217745576,4.693928734130494,2.4262678688706267,7.185734231473385
2024-11-06,5.444652929052026,3.422420093298818,4.693928734130494,2.4262678688706267,7.185734231473385
2024-11-07,5.381342364831957,3.382624104476703,4.693928734130494,2.4262678688706267,7.185734231473385
2024-11-08,5.369967771361834,3.3754742204064927,4.693928734130494,2.4262678688706267,7.185734231473385
2024-11-11,5.368433727903264,3.374509945690544,4.693928734130494,2.4262678688706267,7.185734231473385
2024-11-12,5.311093858877123,3.3384670385559,4.693928734130494,2.4262678688706267,7.185734231473385
2024-11-13,5.238955595536039,3.2931221019416954,4.693928734130494,2.4262678688706267,7.185734231473385
2024-11-14,5.233095653762818,3.2894386380494014,4.693928734130494,2.4262678688706267,7.185734231473385
2024-11-18,5.215550574614356,3.287793918730377,4.693928734130494,2.4262678688706267,7.185734231473385
2024-11-19,5.229938095454834,3.287793918730377,4.693928734130494,2.4262678688706267,7.185734231473385
2024-11-21,5.1924456737464295,3.287793918730377,4.693928734130494,2.4262678688706267,7.185734231473385
2024-11-22,5.316386569405472,3.287793918730377,4.693928734130494,2.4262678688706267,7.185734231473385
2024-11-25,5.3863571059906885,3.329421650286337,4.693928734130494,2.4262678688706267,7.185734231473385
2024-11-26,5.380263930543274,3.3256553292173066,4.693928734130494,2.4262678688706267,7.185734231473385
2024-11-27,5.398143007262416,3.3367067660129908,4.693928734130494,2.4262678688706267,7.185734231473385
2024-11-28,5.317921047191181,3.2871198698169484,4.693928734130494,2.4262678688706267,7.185734231473385
2024-11-29,5.366165237250913,3.3169406276546995,4.693928734130494,2.4262678688706267,7.185734231473385
2024-12-02,5.398398825947891,3.3368648929721223,4.693928734130494,2.4262678688706267,7.185734231473385
2024-12-03,5.438670941352457,3.3617579422617188,4.693928734130494,2.4262678688706267,7.185734231473385
2024-12-04,5.440961148361811,3.3631735678228423,4.693928734130494,2.4262678688706267,7.185734231473385
2024-12-05,5.494542784645313,3.3962935144564677,4.693928734130494,2.4262678688706267,7.185734231473385
2024-12-06,5.487738181342537,3.3920874447302927,4.6857686704357615,2.4222394502944744,7.163500037745381
2024-12-09,5.474662328464935,3.3840049825373892,4.6834257861005435,2.4165307044182684,7.157485828494536
2024-12-10,5.472672241509339,3.38277486755141,4.6834257861005435,2.4155627470156094,7.157485828494536
2024-12-11,5.47973266349759,3.3871390642367163,4.6834257861005435,2.418745960520794,7.157485828494536
2024-12-12,5.459029157386863,3.374341787686815,4.6834257861005435,2.4093284150760086,7.157485828494536
2024-12-13,5.507863163702748,3.404527123471087,4.6834257861005435,2.432260752572044,7.157485828494536
2024-12-16,5.4856143216278115,3.390774641962628,4.662165520297296,2.420823248256583,7.101675252312752
2024-12-17,5.4117300631838265,3.3451052136573334,4.659834437537147,2.383800422815204,7.09571294886138
2024-12-18,5.381231177084109,3.326253204833581,4.659834437537147,2.3824506342021046,7.09571294886138
2024-12-19,5.326270986458166,3.2922811445016804,4.659834437537147,2.3824506342021046,7.09571294886138
2024-12-20,5.245282004657646,3.242220135895067,4.659834437537147,2.3824506342021046,7.09571294886138
2024-12-23,5.282185044437036,3.2405990258271196,4.659834437537147,2.3824506342021046,7.09571294886138
2024-12-24,5.276448017244443,3.2405990258271196,4.659834437537147,2.3824506342021046,7.09571294886138
2024-12-26,5.281462324076035,3.2405990258271196,4.659834437537147,2.3824506342021046,7.09571294886138
2024-12-27,5.295516716000114,3.2405990258271196,4.659834437537147,2.3824506342021046,7.09571294886138
2024-12-30,5.258046444975851,3.2405990258271196,4.659834437537147,2.3824506342021046,7.09571294886138
2024-12-31,5.25802429429171,3.2405990258271196,4.659834437537147,2.3824506342021046,7.09571294886138
2025-01-01,5.279839243553761,3.2405990258271196,4.659834437537147,2.3824506342021046,7.09571294886138
2025-01-02,5.378963120758898,3.2405990258271196,4.659834437537147,2.3824506342021046,7.09571294886138
2025-01-03,5.338068180235535,3.214341244805954,4.659834437537147,2.359746454285294,7.09571294886138
2025-01-06,5.251630998790538,3.16229271563352,4.659834437537147,2.358365200211313,7.09571294886138
2025-01-07,5.272056101204507,3.1607115692757035,4.659834437537147,2.358365200211313,7.09571294886138
2025-01-08,5.267841824964841,3.1607115692757035,4.659834437537147,2.358365200211313,7.09571294886138
2025-01-09,5.231717099420376,3.1607115692757035,4.659834437537147,2.358365200211313,7.09571294886138
2025-01-10,5.210591427329544,3.1607115692757035,4.659834437537147,2.358365200211313,7.09571294886138
2025-01-13,5.133749401061986,3.1607115692757035,4.659834437537147,2.358365200211313,7.09571294886138
2025-01-14,5.153785780685634,3.1607115692757035,4.659834437537147,2.358365200211313,7.09571294886138
2025-01-15,5.162046682888915,3.1607115692757035,4.659834437537147,2.358365200211313,7.09571294886138
2025-01-16,5.183973254225953,3.1607115692757035,4.659834437537147,2.358365200211313,7.09571294886138
2025-01-17,5.159822927931986,3.1607115692757035,4.659834437537147,2.358365200211313,7.09571294886138
2025-01-20,5.19130035307818,3.1607115692757035,4.659834437537147,2.358365200211313,7.09571294886138
2025-01-21,5.120118043772292,3.1607115692757035,4.659834437537147,2.358365200211313,7.09571294886138
2025-01-22,5.149182347328505,3.1607115692757035,4.659834437537147,2.358365200211313,7.09571294886138
2025-01-23,5.160301122113153,3.1607115692757035,4.659834437537147,2.358365200211313,7.09571294886138
2025-01-24,5.135139247910067,3.1607115692757035,4.659834437537147,2.358365200211313,7.09571294886138
2025-01-27,5.076643634364319,3.1607115692757035,4.659834437537147,2.358365200211313,7.09571294886138
2025-01-28,5.1051298484971595,3.1607115692757035,4.659834437537147,2.358365200211313,7.09571294886138
2025-01-29,5.1509057574201265,3.1607115692757035,4.659834437537147,2.358365200211313,7.09571294886138
2025-01-30,5.170119087113426,3.1607115692757035,4.659834437537147,2.358365200211313,7.09571294886138
2025-01-31,5.227692189813761,3.1607115692757035,4.659834437537147,2.358365200211313,7.09571294886138
2025-02-01,5.221854833051822,3.1607115692757035,4.659834437537147,2.358365200211313,7.09571294886138
2025-02-03,5.1949252473888325,3.1607115692757035,4.659834437537147,2.358365200211313,7.09571294886138
2025-02-04,5.279027486129054,3.1607115692757035,4.659834437537147,2.358365200211313,7.09571294886138
2025-02-05,5.269476632319897,3.1607115692757035,4.659834437537147,2.358365200211313,7.09571294886138
2025-02-06,5.248806569398953,3.1607115692757035,4.659834437537147,2.358365200211313,7.09571294886138
2025-02-07,5.2391553860204505,3.1607115692757035,4.659834437537147,2.358365200211313,7.09571294886138
2025-02-10,5.199494803229039,3.1607115692757035,4.659834437537147,2.358365200211313,7.09571294886138
2025-02-11,5.130603135259645,3.1607115692757035,4.659834437537147,2.358365200211313,7.09571294886138
2025-02-12,5.124698892118142,3.1607115692757035,4.659834437537147,2.358365200211313,7.09571294886138
2025-02-13,5.121619078368222,3.1607115692757035,4.659834437537147,2.358365200211313,7.09571294886138
2025-02-14,5.098903334617758,3.1607115692757035,4.659834437537147,2.358365200211313,7.09571294886138
2025-02-17,5.105630193362471,3.1607115692757035,4.659834437537147,2.358365200211313,7.09571294886138
2025-02-18,5.102472635054487,3.1607115692757035,4.659834437537147,2.358365200211313,7.09571294886138
2025-02-19,5.099715092042466,3.1607115692757035,4.659834437537147,2.358365200211313,7.09571294886138
2025-02-20,5.09532317600253,3.1607115692757035,4.659834437537147,2.358365200211313,7.09571294886138
2025-02-21,5.069249649132531,3.1607115692757035,4.659834437537147,2.358365200211313,7.09571294886138
2025-02-24,5.015312298921348,3.1607115692757035,4.659834437537147,2.358365200211313,7.09571294886138
2025-02-25,5.014022781642613,3.1607115692757035,4.659834437537147,2.358365200211313,7.09571294886138
2025-02-27,5.01346684290338,3.1607115692757035,4.659834437537147,2.358365200211313,7.09571294886138
2025-02-28,4.919990955827133,3.1607115692757035,4.659834437537147,2.358365200211313,7.09571294886138
2025-03-03,4.918790475612103,3.1607115692757035,4.659834437537147,2.358365200211313,7.09571294886138
2025-03-04,4.910640326829528,3.1607115692757035,4.659834437537147,2.358365200211313,7.09571294886138
2025-03-05,4.967268333673168,3.1607115692757035,4.659834437537147,2.358365200211313,7.09571294886138
2025-03-06,5.0133886640181755,3.1607115692757035,4.659834437537147,2.358365200211313,7.09571294886138
2025-03-07,5.015123366615437,3.1607115692757035,4.659834437537147,2.358365200211313,7.09571294886138
2025-03-10,4.9946205196434015,3.1607115692757035,4.659834437537147,2.358365200211313,7.09571294886138
2025-03-11,5.002981751416028,3.1607115692757035,4.659834437537147,2.358365200211313,7.09571294886138
2025-03-12,4.996888575968613,3.1607115692757035,4.659834437537147,2.358365200211313,7.09571294886138
2025-03-13,4.980588278403463,3.1607115692757035,4.659834437537147,2.358365200211313,7.09571294886138
2025-03-17,5.005394438678868,3.1607115692757035,4.659834437537147,2.358365200211313,7.09571294886138
2025-03-18,5.077788955032568,3.1607115692757035,4.659834437537147,2.358365200211313,7.09571294886138
2025-03-19,5.094088818270578,3.1607115692757035,4.659834437537147,2.358365200211313,7.09571294886138
2025-03-20,5.157032376057326,3.1607115692757035,4.659834437537147,2.358365200211313,7.09571294886138
2025-03-21,5.192556861494276,3.1607115692757035,4.659834437537147,2.358365200211313,7.09571294886138
2025-03-24,5.261037221662066,3.1607115692757035,4.659834437537147,2.358365200211313,7.09571294886138
2025-03-25,5.26332786299856,3.1607115692757035,4.659533399593341,2.358365200211313,7.093700267955915
2025-03-26,5.2228998241507245,3.1607115692757035,4.623743153917058,2.358365200211313,7.000966660570329
2025-03-27,5.246271401882626,3.1607115692757035,4.6214312823401,2.358365200211313,6.9950889083217085
2025-03-28,5.230127027760745,3.1607115692757035,4.604899015832559,2.358365200211313,6.951845857123647
2025-04-01,5.151483846843503,3.1607115692757035,4.535657120848834,2.358365200211313,6.7751058212633986
2025-04-02,5.188542810066163,3.1607115692757035,4.533389292288409,2.358365200211313,6.769417693408162
2025-04-03,5.170252425545416,3.1607115692757035,4.533389292288409,2.358365200211313,6.769417693408162
2025-04-04,5.093388248593717,3.1607115692757035,4.533389292288409,2.358365200211313,6.769417693408162
2025-04-07,4.928196698483631,3.1607115692757035,4.533389292288409,2.358365200211313,6.769417693408162
2025-04-08,5.01142072774672,3.1607115692757035,4.533389292288409,2.358365200211313,6.769417693408162
2025-04-09,4.981022171216348,3.1607115692757035,4.533389292288409,2.358365200211313,6.769417693408162
2025-04-11,5.076510295932332,3.1607115692757035,4.533389292288409,2.358365200211313,6.769417693408162
2025-04-15,5.187698043778811,3.1607115692757035,4.533389292288409,2.358365200211313,6.769417693408162
2025-04-16,5.211858793924138,3.1607115692757035,4.533389292288409,2.358365200211313,6.769417693408162
2025-04-17,5.304022578710369,3.1607115692757035,4.611288682643216,2.358365200211313,6.9635513920997445
2025-04-21,5.364931313846098,3.1607115692757035,4.6642424091474854,2.358365200211313,7.096604444956707
2025-04-22,5.374204198285638,3.164594268172301,4.672304204970743,2.360379241837146,7.115957401776273
2025-04-23,5.410162142208334,3.185768064149261,4.703565847884443,2.371356776445682,7.194656991007132
2025-04-24,5.391871757687587,3.174997791215552,4.687664286024535,2.3657117977248774,7.152554795650323
2025-04-25,5.34576228552108,3.147846278927812,4.647576959093178,2.351509202443466,7.0485960532797085
2025-04-28,5.4100622469661275,3.1462723557883483,4.703478999498525,2.350683856609011,7.18972100520243
2025-04-29,5.411718770678184,3.1456625864857384,4.704919172298053,2.3503676407102376,7.192158071830985
2025-04-30,5.411329613560722,3.145436381644626,4.704580841194651,2.3502387921754924,7.190029786829482
2025-05-02,5.414109307256884,3.1470521305097154,4.7069974919332385,2.351087129884141,7.194971944547259
2025-05-05,5.439560443335227,3.1618460785949316,4.729124572656755,2.3588798859681717,7.250504292083287
2025-05-06,5.42142554793061,3.1513048320147834,4.713358192197537,2.353037683276502,7.208645737246645
2025-05-07,5.429164388911581,3.1558031778394966,4.7200862988944365,2.355509589412434,7.224661223684357
2025-05-08,5.39789848108258,3.1376292850971215,4.692903886907137,2.345459545784476,7.153534025960418
2025-05-09,5.3387909005965355,3.1032719002455535,4.641516074561137,2.325628582051956,7.020751670799625
2025-05-12,5.542642343767414,3.101720264295431,4.818743422085536,2.3247323293785436,7.469651623427202
2025-05-13,5.465622677699586,3.05706839851018,4.751782938941083,2.298447106372984,7.294054793382927
2025-05-14,5.485314201574054,3.0680823925059166,4.7689026438139095,2.3046554382514395,7.336902819979386
2025-05-15,5.573196823741055,3.1172374847703583,4.845307322524428,2.3335492892708274,7.532995051365734
2025-05-16,5.5637906008695275,3.1119763336837276,4.837129602986053,2.330328106301209,7.510327258538089
2025-05-19,5.547256635303044,3.102728446184727,4.8227550623115905,2.3247416211245175,7.471536083109002
2025-05-20,5.489094585000835,3.0701968616871524,4.772189288818388,2.304314065499901,7.338688261484902
2025-05-21,5.517903069871574,3.086310214895128,4.797235230512104,2.3143078424399195,7.402075494993218
2025-05-22,5.472594062624133,3.0609676798553114,4.757843823473124,2.2986330603409773,7.2987208166181965
2025-05-23,5.5267316376468685,3.0912482680944606,4.804910739818865,2.317180706697083,7.418679400455313
2025-05-26,5.559643211009426,3.1096565880252234,4.8335238845637445,2.328298956364045,7.491560424675934
2025-05-27,5.520738357441659,3.087896066781056,4.799700214265464,2.3149202528456962,7.402221824911766
2025-05-28,5.504338164634303,3.078723001950693,4.785441974907796,2.3092315826252516,7.364002153466641
2025-05-29,5.522384022975215,3.088816531363743,4.801130947023044,2.3154646101396565,7.403250871388914
2025-05-30,5.503949007516841,3.078505336005566,4.785103643804394,2.309102284690041,7.360456467181758
2025-06-02,5.496366089979139,3.0742640081752346,4.778511096109862,2.306490132108689,7.342139663084799
2025-06-03,5.457650603044423,3.0526094047347225,4.744852060143148,2.293135942341831,7.254014497551179
2025-06-04,5.47492900532891,3.062273675526076,4.759873810093539,2.299045165078381,7.291305800491255
2025-06-05,5.5039937432122645,3.0785303578720264,4.785142536777219,2.308978870543451,7.355023055623762
2025-06-06,5.560065811316672,3.109892959637511,4.833891290996346,2.328204556421606,7.479550686493077
2025-06-09,5.58233636974861,3.1223494763812,4.853253194632568,2.335938911026861,7.528545343660672
2025-06-10,5.582570037749944,3.1224801731205734,4.853456344335281,2.335433832094008,7.527755706602992
2025-06-11,5.590831374280365,3.127100958770423,4.860638705850699,2.3398207387844767,7.54514236947136
2025-06-12,5.534525638174624,3.095607660265565,4.811686801928858,2.3068434426733586,7.4162276473608095
2025-06-13,5.496810840970526,3.07451276925538,4.778897760228036,2.282602612294933,7.330069579934558
2025-06-16,5.547490303304379,3.1028591429241015,4.822958212014303,2.313325976656384,7.442263795071005
2025-06-17,5.526787231520792,3.0912793632294795,4.804959072833637,2.3008939318643313,7.394323558210154
2025-06-18,5.517592091639317,3.086136276483621,4.796964867710725,2.294797350224924,7.372371281695871
2025-06-19,5.513411258589433,3.0837978251579568,4.7933300739592175,2.29183906092357,7.361699834827401
2025-06-20,5.584382484905269,3.1234939231083136,4.855032076137174,2.338281256713559,7.519529733085558
2025-06-23,5.553138727760408,3.1060184572280964,4.8278689218354485,2.3180366022465257,7.447570680651129
2025-06-24,5.569249658692507,3.115029730184068,4.841875678475632,2.3279190402313517,7.482547143011016
2025-06-25,5.613813794894805,3.13995563900079,4.880619498637007,2.356650898198837,7.581772398380139
2025-06-26,5.6814715394593875,3.1777984183179155,4.939440777614233,2.3994904037596014,7.733875431161453
2025-06-27,5.701218657207779,3.18884350744867,4.9566088155018315,2.4109156478720504,7.7776567032770405
2025-06-30,5.674366816102854,3.173824557234889,4.933263969367074,2.3943422598708892,7.714785317792959
2025-07-01,5.679870609621254,3.176902975601689,4.938048937829477,2.397326834832453,7.7259985999125975
2025-07-02,5.660212528936569,3.165907687273112,4.920958308285849,2.384705519415412,7.679745824021643
2025-07-03,5.649516354459165,3.159925031881763,4.9116591117640995,2.377858509582725,7.654032217869231
2025-07-04,5.661902495838407,3.1668529307915163,4.922427556414576,2.3851568580673645,7.680868681514453
2025-07-07,5.661969382217971,3.166890342125835,4.922485707072973,2.3847771904099133,7.679675572540774
2025-07-08,5.675578588823524,3.1745023340059886,4.934317478048427,2.3932784196365278,7.709325298029781
2025-07-09,5.665260278957943,3.168731028360466,4.925346794986454,2.3862353831318,7.684440719878465
2025-07-10,5.638386287168877,3.1536996886788264,4.901982691166123,2.368526321963639,7.621886675112225
2025-07-11,5.592710273488115,3.1281518771617414,4.862272210709314,2.3365961450934445,7.516875327575384
2025-07-14,5.57768906935034,3.1197501174382745,4.849212856678992,2.326090605593033,7.481658325695441
2025-07-15,5.602928688111491,3.1338673087365283,4.871156045385369,2.3434182741189122,7.537195024718718
2025-07-16,5.606542289916501,3.1358884925127097,4.874297691345533,2.3455595704150904,7.544037130388952
2025-07-17,5.5841709675880775,3.1233756158368005,4.854848184120037,2.329155597747305,7.492169998939382
2025-07-18,5.552360413525484,3.1055831253378434,4.827192259628646,2.306460190137064,7.4191931946140315
2025-07-21,5.579556676052449,3.1207947196302914,4.850836543893982,2.3045258421946566,7.4789134681643095
2025-07-22,5.572930146877082,3.11708832529457,4.845075475094196,2.2965992810392253,7.462688894079761
2025-07-23,5.608287850692262,3.136864831166132,4.875815272489032,2.3239093535704223,7.540883827623267
2025-07-24,5.573196823741057,3.1172374847703597,4.8453073225244285,2.2947254991008093,7.4603362303309515
2025-07-25,5.523140186526001,3.089239473786139,4.8017883515442765,2.2528705063653356,7.346517364939846
2025-07-28,5.488427458513758,3.069823720066936,4.771609292641129,2.2506176358589705,7.26770088195881
2025-07-29,5.519604329279055,3.087261774612834,4.798714296284458,2.2506176358589705,7.3357488020235575
2025-07-30,5.5271542379541145,3.091484639706748,4.805278146251468,2.2506176358589705,7.35131229755707
2025-07-31,5.507874021881251,3.0807007011239977,4.788516030167616,2.2506176358589705,7.306966102613681
2025-08-01,5.46273179625558,3.055451451489236,4.749269622172952,2.2506176358589705,7.205127506967164
2025-08-04,5.49773378614308,3.0750289970828306,4.779700163793585,2.2506176358589705,7.281384308570378
2025-08-05,5.481456073589211,3.0659244387218045,4.765548408109086,2.2506176358589705,7.243908959063691
2025-08-06,5.464699732527034,3.056552170682731,4.750980535375537,2.2506176358589705,7.205457455503217
2025-08-07,5.469581135253779,3.0592824692957725,4.755224400633503,2.2506176358589705,7.215002713726017
2025-08-08,5.417801087947102,3.030320509125988,4.710207106195427,2.2506176358589705,7.099048169884215
2025-08-11,5.467112854117015,3.0579018938871134,4.70785200264233,2.2506176358589705,7.093088072033926
2025-08-12,5.44539780009717,3.045756085562864,4.686798762527193,2.2506176358589705,7.038583898903653
2025-08-13,5.474740073023,3.062168000653162,4.68445536314593,2.2506176358589705,7.032674564615305
2025-08-14,5.477397720792815,3.0636544938654766,4.6843871488755155,2.2506176358589705,7.03127068438937
2025-08-18,5.532023913848078,3.0942083791897463,4.731104632210472,2.2506176358589705,7.147784349883782
2025-08-19,5.555084513347722,3.107106786953733,4.750826547880649,2.2506176358589705,7.196563500608575
2025-08-20,5.570628647362088,3.115801035290965,4.764120222236427,2.2506176358589705,7.2291159140045576
2025-08-21,5.578011340088238,3.1199303720490823,4.770434058239095,2.2531647203344494,7.243936727104715
2025-08-22,5.530500728568009,3.0933564210763973,4.7298019717291595,2.222359543268044,7.139065558538689
2025-08-25,5.5522157825878535,3.1055022294006465,4.748373148257304,2.22059851294125,7.18488249451113
2025-08-26,5.495354542070021,3.073698222476349,4.699744204746461,2.22059851294125,7.060071013731041
2025-08-28,5.448399869289024,3.0474352228538457,4.659587568882684,2.22059851294125,6.957542224505197
2025-08-29,5.431932790102104,3.038224746689164,4.657257775098243,2.22059851294125,6.9517009298043835
2025-09-01,5.476007873944733,3.0628771154900223,4.657257775098243,2.22059851294125,6.9517009298043835
2025-09-02,5.465900647069204,3.0572238741852718,4.657257775098243,2.22059851294125,6.9517009298043835
2025-09-03,5.496021668557098,3.0740713640965667,4.657257775098243,2.22059851294125,6.9517009298043835
2025-09-04,5.500302396849188,3.0764656894929665,4.657257775098243,2.22059851294125,6.9517009298043835
2025-09-05,5.501792138939474,3.0772989419391568,4.657257775098243,2.22059851294125,6.9517009298043835
2025-09-08,5.508941597991431,3.0812978248886433,4.657257775098243,2.22059851294125,6.9517009298043835
2025-09-09,5.5301671653244675,3.0931698502662877,4.657257775098243,2.22059851294125,6.9517009298043835
2025-09-10,5.553405404624382,3.1061676167038867,4.674499344981126,2.22059851294125,6.993696833169524
2025-09-11,5.560610457550261,3.1101975947883913,4.680564094936988,2.2232411912257906,7.007707628908701
2025-09-12,5.584738198832947,3.1236928833862816,4.700873275089382,2.2397906281497386,7.057536860399872
2025-09-15,5.574775602895047,3.118120538018727,4.692487402855519,2.232219821081851,7.035160526927905
2025-09-16,5.612557286478707,3.1392528403632305,4.724289593096671,2.258491038438237,7.1139873578838575
2025-09-17,5.632826899776548,3.150590175177007,4.7413512493562475,2.272996305326915,7.155881279147152
2025-09-18,5.653585565434057,3.1622010500066464,4.758824558424933,2.2880451037735803,7.198908977375164
2025-09-19,5.632115471921186,3.150192254621071,4.740752415163246,2.2714677734666586,7.151742943153175
2025-09-22,5.60438498701199,3.1346818555155576,4.717410677238601,2.2506576782832393,7.091363812259853
2025-09-23,5.597080038843904,3.130596003360317,4.7112618418954435,2.24439681761997,7.074601233500832
2025-09-24,5.572040644894305,3.1165908031342773,4.690185291186817,2.2244445226287604,7.0202187877472
2025-09-25,5.535115020103634,3.0959373172829054,4.659103676155925,2.1943120804971965,6.940871699257993
2025-09-26,5.482600959930314,3.0665648041585842,4.656774124317847,2.1521092879884476,6.935044400512597
2025-09-29,5.478198185711877,3.0641022152235897,4.656774124317847,2.149957178700459,6.935044400512597
2025-09-30,5.472905475183528,3.061141861197562,4.656774124317847,2.149957178700459,6.935044400512597
2025-10-01,5.522984697409867,3.089152504580384,4.656774124317847,2.149957178700459,6.935044400512597
2025-10-03,5.535871183654417,3.096360259705301,4.656774124317847,2.149957178700459,6.935044400512597
2025-10-06,5.576654936429934,3.1191716993407868,4.656774124317847,2.1789309069330667,6.935044400512597
2025-10-07,5.583470832238351,3.122984011480164,4.660137336896781,2.183439017206056,6.942239688888302
2025-10-08,5.569650108315606,3.1152537123284962,4.648602133524095,2.1725442948282887,6.912169382778126
2025-10-09,5.599815431171783,3.132125981175509,4.673779044364205,2.194663278782041,6.97381904953499
2025-10-10,5.6228421531545045,3.1450054403415937,4.692997858267278,2.2112942576717853,7.0207492156199605
2025-10-13,5.6099443744043125,3.1377913690173758,4.6822329734630515,2.201243590699333,6.992478194280341
2025-10-14,5.591743026947272,3.127610870398572,4.667041566287314,2.187193905978351,6.953159067519084
2025-10-15,5.631337157686259,3.1497569227308166,4.700088051622809,2.21576621854705,7.034611282095644
2025-10-16,5.689543943683891,3.1823135290948508,4.748669234338432,2.258089026804702,7.1554705271431835
2025-10-17,5.717240551076165,3.197804979602463,4.771785678946483,2.2763932668764046,7.212705606379628
2025-10-20,5.7468833783828925,3.2143850027664533,4.796526498851131,2.2960963319284007,7.274235637759537
2025-10-21,5.752542661017422,3.217550390339007,4.801249911061498,2.2995366525935057,7.284989571911783
2025-10-23,5.757612996050078,3.220386363824962,4.805481769399474,2.3025955574889236,7.294495194100721
2025-10-24,5.736209354589631,3.208414736842963,4.787617628668324,2.2869086082611343,7.247684676128234
2025-10-27,5.774213413668985,3.229671419727539,4.8193369910489325,2.3135653260019984,7.3270433968972295
2025-10-28,5.767575157660838,3.2259584662617744,4.8137964974017144,2.307946607454088,7.311615877941917
2025-10-29,5.793749014100182,3.2405982015867787,4.835642006997521,2.3281577512694214,7.366049957298043
2025-10-30,5.754599634352581,3.2187009103346793,4.80296672458631,2.2960936926668576,7.281183338186144
2025-10-31,5.719964650898403,3.199328641218353,4.77405929685772,2.2678626279037783,7.206323594041704
2025-11-03,5.729137640095738,3.204459338496353,4.781715357171071,2.2744185709413576,7.224466293269991
2025-11-04,5.692290194190271,3.1838495801786006,4.750961339895312,2.245046974800811,7.14518055456921
2025-11-06,5.672732008747792,3.1729101659207597,4.734637473798225,2.2296883984399885,7.10270607512598
2025-11-07,5.668863022584446,3.170746138868088,4.731408298359241,2.2262882901431293,7.0933277374400125
2025-11-10,5.68710867140977,3.180951416422609,4.746636680826265,2.239325517691012,7.130420292785913
2025-11-11,5.713927069324912,3.1959516609692304,4.769020144659998,2.2590848804175288,7.185631094114289
2025-11-12,5.754144025182695,3.218446075985976,4.802586459090632,2.289005818340151,7.269294859777983
2025-11-13,5.754888896227838,3.218862702209071,4.803208151488236,2.2889908466856905,7.26960155596418
2025-11-14,5.761760385910177,3.2227061094834664,4.808943309168989,2.2936200791565153,7.2829031051760165
2025-11-17,5.784753664703117,3.2355668629823917,4.82813421035217,2.3110612436643767,7.330428886768844
2025-11-18,5.761760385910177,3.2227061094834664,4.808943309168989,2.2920673299385133,7.280220047921408
2025-11-19,5.793471044730565,3.240442725911688,4.835410005169843,2.3167055520699575,7.346223500450299
2025-11-20,5.8244924263797335,3.2577938112518323,4.861301409138628,2.3409177815823847,7.410986176986046
2025-11-21,5.796917864913807,3.242370624282815,4.838286827833041,2.3181490270120864,7.350775166675203
2025-11-24,5.772756680441339,3.2288566300177655,4.8181211564707604,2.298227296730072,7.298043196006655
2025-11-25,5.756145404643931,3.21956550084663,4.804256872249908,2.2844080677891654,7.261502585864523
2025-11-26,5.827416751013523,3.2594294639399366,4.863742140866363,2.3403889279302166,7.411201381825451
2025-11-27,5.829696099844376,3.260704364475682,4.865644555853317,2.3413067486217325,7.414770658659456
2025-11-28,5.826893821136932,3.259136975326172,4.863305687428045,2.3387278378766845,7.407487047884512
2025-12-01,5.82084538138494,3.255753921808491,4.85825747265893,2.333397111428915,7.393278452308351
2025-12-02,5.788923205247359,3.237898998108755,4.831614237767328,2.3071082401698013,7.323902232170518
2025-12-03,5.778649631077201,3.2321527143296924,4.823039595217518,2.2985699778902333,7.3007945293742145
2025-12-04,5.78926806099654,3.238091885118165,4.83190206503479,2.30634462139649,7.322041807828733
2025-12-05,5.823224625457999,3.2570846964149722,4.8602432633027055,2.3328051510449703,7.392872525980897
2025-12-08,5.772990348442672,3.2289873267571387,4.818316183007152,2.291955364055157,7.284491408544053
2025-12-09,5.746105064147965,3.2139496708761985,4.795876893733634,2.2716257575729073,7.226251922252089
2025-12-10,5.727948018059207,3.2037939511931124,4.780722461849182,2.2580307113706266,7.186644687444934
2025-12-11,5.759203067709708,3.2212757332726305,4.806808892354359,2.280805280095683,7.251231969489901
2025-12-12,5.792203243808831,3.2397336110748283,4.834351859333921,2.3042750335526114,7.319728581042281
2025-12-15,5.787833912780176,3.237289727806993,4.830705080605119,2.300642379769769,7.309174887137555
2025-12-16,5.750652469304029,3.2164931557483887,4.799672298633292,2.2733839646334055,7.229051772093729
2025-12-17,5.741413028054271,3.2113252900668128,4.7919607753830125,2.2664305711176542,7.208282819148438
2025-12-18,5.740745901567192,3.210952148446595,4.791403970996587,2.2654108122271275,7.205613748603819
2025-12-19,5.774291158227046,3.229714904330416,4.81940187906011,2.2633485599675907,7.275051144240035
2025-12-22,5.820100510339795,3.255337295585396,4.857635780261326,2.2939057954150033,7.370688145008518
2025-12-23,5.821156793944336,3.255928103150741,4.858517387206499,2.2941016074767036,7.3716431749393125
2025-12-24,5.813362359089441,3.2515684680488954,4.852011910957286,2.288113835534754,7.353778043305468
2025-12-26,5.791169545215568,3.239155435908083,4.833489102537245,2.2698134956380054,7.305351046571133
2025-12-29,5.76888725995085,3.226692360034351,4.81489161852892,2.2517612169231125,7.256873987845231
2025-12-30,5.768164539589847,3.2262881232791147,4.814288413776959,2.250616208762675,7.254076241150157
2025-12-31,5.810582665393278,3.250013711297986,4.849691892680512,2.283137009681234,7.342378966544946
2026-01-01,5.814352190641557,3.2521221072106634,4.852838054965528,2.285456112370033,7.349090895706706
2026-01-02,5.854824530857675,3.2747593655038982,4.88661752107534,2.3164033877028314,7.4336997281405885
2026-01-05,5.837423648319701,3.265026588243208,4.872094206662743,2.3027183868270606,7.395299969249221
2026-01-06,5.821501215366373,3.256120747229408,4.858804851971104,2.2899600828345243,7.360133582649472
2026-01-07,5.813062239035681,3.251400602905945,4.851761421483963,2.282656368887979,7.340929012424114
2026-01-08,5.754377258856882,3.218576529794606,4.802781123124164,2.235979093890311,7.215204159539434
2026-01-09,5.7113367422617936,3.1945028220219767,4.766858177628327,2.233743114796421,7.123322980499218
2026-01-12,5.735119627795299,3.207805223610457,4.786708109003253,2.233743114796421,7.171882441309472
2026-01-13,5.722233141550748,3.20059746848554,4.775952649273276,2.233743114796421,7.143567337527012
2026-01-14,5.707400435391744,3.192301140704244,4.763572814246703,2.233743114796421,7.111223660385113
2026-01-16,5.713793730892916,3.1958770812313344,4.76890885628328,2.233743114796421,7.12335360110356
2026-01-19,5.689588245052165,3.1823383080305674,4.748706209629714,2.233743114796421,7.071435080996023
2026-01-20,5.61108969507255,3.138431977384897,4.683188893493649,2.233743114796421,6.906374596501423
2026-01-21,5.594411532895578,3.1291034368794435,4.680847299046903,2.233743114796421,6.900576260245512
2026-01-22,5.623854135390753,3.14557146897122,4.680847299046903,2.233743114796421,6.900576260245512
2026-01-23,5.570206047054827,3.1155646636786765,4.680847299046903,2.233743114796421,6.900576260245512
2026-01-27,5.5983921411339095,3.114006881346837,4.680847299046903,2.233743114796421,6.900576260245512
2026-01-28,5.635606593472698,3.133149760613035,4.680847299046903,2.233743114796421,6.900576260245512
2026-01-29,5.652540574335144,3.1425643102636176,4.680847299046903,2.233743114796421,6.900576260245512
2026-01-30,5.630692181883311,3.130417563601151,4.680847299046903,2.233743114796421,6.900576260245512
2026-02-02,5.579045473008621,3.1017042616942003,4.680847299046903,2.233743114796421,6.900576260245512
2026-02-03,5.721176857946204,3.1001534095633536,4.680847299046903,2.233743114796421,6.900576260245512
2026-02-04,5.73195077698167,3.10444143272185,4.687321682397669,2.233743114796421,6.915394119744648
2026-02-05,5.702330534686225,3.0883990222045594,4.663099631415154,2.233743114796421,6.854177890874488
2026-02-06,5.713649099955284,3.094529190509797,4.660768081599446,2.233743114796421,6.848423377038929
2026-02-09,5.752253833469293,3.1154376279481215,4.689928555084734,2.233743114796421,6.9191704398123886
2026-02-10,5.767341923986632,3.123609382236519,4.7022301795622985,2.239026305076715,6.948432684633285
2026-02-11,5.771500172025235,3.1258615016284743,4.705620483046803,2.240773299925161,6.955627625587871
2026-02-12,5.738888718716434,3.108199042411331,4.679031707494889,2.2259858422029435,6.88841571938986
2026-02-13,5.6641484014794585,3.0677194663380307,4.618094419577194,2.192632744040853,6.7365727297296525
2026-02-16,5.711214262008301,3.093210475102308,4.615785372367405,2.1913751715832803,6.730916952830561
2026-02-17,5.7206986637650346,3.098347255044038,4.615785372367405,2.1913751715832803,6.730916952830561
2026-02-18,5.741590667854532,3.1096624260270977,4.630334338002837,2.1913751715832803,6.765361997532319
2026-02-19,5.6604236119266025,3.0657021093393464,4.564876762233485,2.154660464764682,6.6035856536179285
2026-02-20,5.686419394238538,3.079781501648379,4.562594323852369,2.1534299753376636,6.598041527741267
2026-02-23,5.7179411207530135,3.0968537616223206,4.562594323852369,2.1534299753376636,6.598041527741267
2026-02-24,5.653819233435377,3.0621251584855687,4.562594323852369,2.1534299753376636,6.598041527741267
2026-02-25,5.666683568995787,3.069092520535946,4.562594323852369,2.1534299753376636,6.598041527741267
2026-02-26,5.6698081184411295,3.0707847857235087,4.562594323852369,2.1534299753376636,6.598041527741267
2026-02-27,5.59911486149491,3.0324971094302624,4.562594323852369,2.1534299753376636,6.598041527741267
2026-03-02,5.529522189521515,3.0309808608755473,4.562594323852369,2.1534299753376636,6.598041527741267
2026-03-04,5.443863322311444,3.0309808608755473,4.562594323852369,2.1534299753376636,6.598041527741267
2026-03-05,5.507329375647642,3.0309808608755473,4.562594323852369,2.1534299753376636,6.598041527741267
2026-03-06,5.437180764935015,3.0309808608755473,4.562594323852369,2.1534299753376636,6.598041527741267
2026-03-09,5.3432497030160215,3.0309808608755473,4.562594323852369,2.1534299753376636,6.598041527741267
2026-03-10,5.395185239438828,3.0309808608755473,4.562594323852369,2.1534299753376636,6.598041527741267
2026-03-11,5.307402512514034,3.0309808608755473,4.562594323852369,2.1534299753376636,6.598041527741267
2026-03-12,5.256767785875604,3.0309808608755473,4.562594323852369,2.1534299753376636,6.598041527741267
2026-03-13,5.1482372514718,3.0309808608755473,4.562594323852369,2.1534299753376636,6.598041527741267
2026-03-16,5.205543677308159,3.0309808608755473,4.562594323852369,2.1534299753376636,6.598041527741267
2026-03-17,5.243870007125413,3.0309808608755473,4.562594323852369,2.1534299753376636,6.598041527741267
2026-03-18,5.287600235218862,3.0309808608755473,4.562594323852369,2.1534299753376636,6.598041527741267
2026-03-19,5.115114595119191,3.0309808608755473,4.562594323852369,2.1534299753376636,6.598041527741267
2026-03-20,5.140098395194867,3.0309808608755473,4.562594323852369,2.1534299753376636,6.598041527741267
2026-03-23,5.006261789977488,3.0309808608755473,4.562594323852369,2.1534299753376636,6.598041527741267
2026-03-24,5.095156394380749,3.0309808608755473,4.562594323852369,2.1534299753376636,6.598041527741267
2026-03-25,5.182783197862275,3.0309808608755473,4.562594323852369,2.1534299753376636,6.598041527741267
2026-03-27,5.074519774649587,3.0309808608755473,4.562594323852369,2.1534299753376636,6.598041527741267
2026-03-30,4.965956231383141,3.0309808608755473,4.562594323852369,2.1534299753376636,6.598041527741267
2026-04-01,5.04334290388429,3.0309808608755473,4.562594323852369,2.1534299753376636,6.598041527741267
2026-04-02,5.050836784358287,3.0309808608755473,4.562594323852369,2.1534299753376636,6.598041527741267
2026-04-06,5.107575978949773,3.0309808608755473,4.562594323852369,2.1534299753376636,6.598041527741267
2026-04-07,5.142133217845887,3.0309808608755473,4.562594323852369,2.1534299753376636,6.598041527741267
2026-04-08,5.336422514701969,3.0309808608755473,4.562594323852369,2.1534299753376636,6.598041527741267
2026-04-09,5.286999560784209,3.0309808608755473,4.562594323852369,2.1534299753376636,6.598041527741267
2026-04-10,5.348264009847619,3.0309808608755473,4.562594323852369,2.1534299753376636,6.598041527741267
2026-04-13,5.302021199249125,3.0309808608755473,4.562594323852369,2.1534299753376636,6.598041527741267
2026-04-15,5.388447522515621,3.0309808608755473,4.562594323852369,2.1534299753376636,6.598041527741267
2026-04-16,5.380764275408573,3.0309808608755473,4.562594323852369,2.1534299753376636,6.598041527741267
2026-04-17,5.415632926864085,3.0309808608755473,4.562594323852369,2.1534299753376636,6.598041527741267
2026-04-20,5.418145509369131,3.0309808608755473,4.562594323852369,2.1534299753376636,6.598041527741267
2026-04-21,5.465233520582115,3.0309808608755473,4.562594323852369,2.1534299753376636,6.598041527741267
2026-04-22,5.421091984687062,3.0309808608755473,4.562594323852369,2.1534299753376636,6.598041527741267
2026-04-23,5.375494149891505,3.0309808608755473,4.562594323852369,2.1534299753376636,6.598041527741267
2026-04-24,5.314318303564661,3.0309808608755473,4.562594323852369,2.1534299753376636,6.598041527741267
2026-04-27,5.357625931350864,3.0309808608755473,4.562594323852369,2.1534299753376636,6.598041527741267
2026-04-28,5.336055508268647,3.0309808608755473,4.562594323852369,2.1534299753376636,6.598041527741267
2026-04-29,5.376516990306264,3.0309808608755473,4.562594323852369,2.1534299753376636,6.598041527741267
2026-04-30,5.336467250397391,3.0309808608755473,4.562594323852369,2.1534299753376636,6.598041527741267
2026-05-04,5.363541466998009,3.0309808608755473,4.562594323852369,2.1534299753376636,6.598041527741267
2026-05-05,5.344305986620568,3.0309808608755473,4.562594323852369,2.1534299753376636,6.598041527741267
2026-05-06,5.41060689319971,3.0309808608755473,4.562594323852369,2.1534299753376636,6.598041527741267
2026-05-07,5.409650939164514,3.0309808608755473,4.562594323852369,2.1534299753376636,6.598041527741267
2026-05-08,5.376183427062724,3.0309808608755473,4.562594323852369,2.1534299753376636,6.598041527741267
2026-05-11,5.296061362233695,3.0309808608755473,4.562594323852369,2.1534299753376636,6.598041527741267
2026-05-12,5.199039194059142,3.0309808608755473,4.562594323852369,2.1534299753376636,6.598041527741267
2026-05-13,5.20638844359551,3.0309808608755473,4.562594323852369,2.1534299753376636,6.598041527741267
2026-05-14,5.2679864559024585,3.0309808608755473,4.562594323852369,2.1534299753376636,6.598041527741267
2026-05-15,5.257735032416441,3.0309808608755473,4.562594323852369,2.1534299753376636,6.598041527741267
2026-05-18,5.259169180632806,3.0309808608755473,4.562594323852369,2.1534299753376636,6.598041527741267
2026-05-19,5.252064457276272,3.0309808608755473,4.562594323852369,2.1534299753376636,6.598041527741267
2026-05-20,5.261181852599684,3.0309808608755473,4.562594323852369,2.1534299753376636,6.598041527741267
2026-05-21,5.260225464237348,3.0309808608755473,4.562594323852369,2.1534299753376636,6.598041527741267
2026-05-22,5.274591268720826,3.0309808608755473,4.562594323852369,2.1534299753376636,6.598041527741267
2026-05-25,5.344061026113594,3.0309808608755473,4.562594323852369,2.1534299753376636,6.598041527741267
2026-05-26,5.317820717621824,3.0309808608755473,4.562594323852369,2.1534299753376636,6.598041527741267
2026-05-27,5.31636441872132,3.0309808608755473,4.562594323852369,2.1534299753376636,6.598041527741267
2026-05-29,5.236442578703843,3.0309808608755473,4.562594323852369,2.1534299753376636,6.598041527741267
2026-06-01,5.199717178724724,3.0309808608755473,4.562594323852369,2.1534299753376636,6.598041527741267
2026-06-02,5.222166245611211,3.0309808608755473,4.562594323852369,2.1534299753376636,6.598041527741267
2026-06-03,5.204831815125661,3.0309808608755473,4.562594323852369,2.1534299753376636,6.598041527741267
2026-06-04,5.207267087399782,3.0309808608755473,4.562594323852369,2.1534299753376636,6.598041527741267
2026-06-05,5.196181321477776,3.0309808608755473,4.562594323852369,2.1534299753376636,6.598041527741267
2026-06-08,5.141988586908258,3.0309808608755473,4.562594323852369,2.1534299753376636,6.598041527741267
2026-06-09,5.168473421579861,3.0309808608755473,4.562594323852369,2.1534299753376636,6.598041527741267
2026-06-10,5.16243584000637,3.0309808608755473,4.562594323852369,2.1534299753376636,6.598041527741267
2026-06-11,5.150572194176578,3.0309808608755473,4.562594323852369,2.1534299753376636,6.598041527741267
2026-06-12,5.2531541840705955,3.0309808608755473,4.562594323852369,2.1534299753376636,6.598041527741267
2026-06-15,5.304522923575668,3.0309808608755473,4.562594323852369,2.1534299753376636,6.598041527741267
2026-06-16,5.334599209368141,3.0309808608755473,4.562594323852369,2.1534299753376636,6.598041527741267
2026-06-17,5.3560693028810125,3.0309808608755473,4.562594323852369,2.1534299753376636,6.598041527741267
2026-06-18,5.3743709799073995,3.0309808608755473,4.562594323852369,2.1534299753376636,6.598041527741267
2026-06-19,5.339924928759133,3.0309808608755473,4.562594323852369,2.1534299753376636,6.598041527741267
2026-06-22,5.359894422003216,3.0309808608755473,4.562594323852369,2.1534299753376636,6.598041527741267
2026-06-23,5.297895960073164,3.0309808608755473,4.562594323852369,2.1534299753376636,6.598041527741267
2026-06-24,5.341826412978164,3.0309808608755473,4.562594323852369,2.1534299753376636,6.598041527741267
2026-06-25,5.349464924389789,3.0309808608755473,4.562594323852369,2.1534299753376636,6.598041527741267
2026-06-29,5.325059213737487,3.0309808608755473,4.562594323852369,2.1534299753376636,6.598041527741267
2026-06-30,5.307157986334204,3.0309808608755473,4.562594323852369,2.1534299753376636,6.598041527741267
2026-07-01,5.338312706415358,3.0309808608755473,4.562594323852369,2.1534299753376636,6.598041527741267
2026-07-02,5.376083097493379,3.0309808608755473,4.562594323852369,2.1534299753376636,6.598041527741267
2026-07-03,5.3972422127739925,3.0309808608755473,4.578270423837462,2.1534299753376636,6.634950620771336
2026-07-06,5.432711104337019,3.0309808608755473,4.608357303545208,2.1534299753376636,6.707002794062619
2026-07-07,5.425672833032909,3.0309808608755473,4.602387012037763,2.1534299753376636,6.691237722688548
2026-07-08,5.3107828806448545,3.0309808608755473,4.504930338744611,2.1534299753376636,6.452152611746582
2026-07-09,5.328739701922061,3.0309808608755473,4.502677873575239,2.1534299753376636,6.446735623441849
2026-07-10,5.383021473555283,3.0309808608755473,4.502677873575239,2.1534299753376636,6.446735623441849
2026-07-13,5.383933126222196,3.0309808608755473,4.501189094905369,2.1534299753376636,6.442027169500725
2026-07-14,5.348586714912656,3.0309808608755473,4.471638044139963,2.1534299753376636,6.3698834829975475
2026-07-15,5.354468373042879,3.0309808608755473,4.476555351768986,2.1534299753376636,6.380529507769581
2026-07-16,5.353189713942644,3.0309808608755473,4.475486340274387,2.1534299753376636,6.376853363068733
2026-07-17,5.4113521985719935,3.0309808608755473,4.524112564896521,2.1534299753376636,6.492073896486261
2026-07-20,5.390048452353752,3.0309808608755473,4.506301758575184,2.1534299753376636,6.4480209023351716
2026-07-21,5.378751603441694,3.0309808608755473,4.496857129168089,2.1534299753376636,6.424199311394963
2026-07-22,5.336177988522134,3.0309808608755473,4.461263839520175,2.1534299753376636,6.337692961672997
2026-07-23,5.308014045127193,3.0309808608755473,4.43771762675958,2.1534299753376636,6.280416246783782
2026-07-24,5.285298301376729,3.0309808608755473,4.435498767946201,2.1534299753376636,6.275143441968882
2026-07-27,5.322157039787836,3.0309808608755473,4.435498767946201,2.1534299753376636,6.275143441968882
